May-25 20:30:21.035 [main] DEBUG nextflow.cli.Launcher - $> nextflow run main.nf -resume -with-report
May-25 20:30:21.526 [main] DEBUG nextflow.cli.CmdRun - N E X T F L O W  ~  version 25.10.2
May-25 20:30:21.629 [main] DEBUG nextflow.plugin.PluginsFacade - Setting up plugin manager > mode=prod; embedded=false; plugins-dir=/home/mame20/.nextflow/plugins; core-plugins: nf-amazon@3.4.2,nf-azure@1.20.2,nf-cloudcache@0.5.0,nf-codecommit@0.5.0,nf-console@1.3.0,nf-google@1.23.3,nf-k8s@1.2.2,nf-tower@1.17.3,nf-wave@1.16.1
May-25 20:30:21.686 [main] INFO  o.pf4j.DefaultPluginStatusProvider - Enabled plugins: []
May-25 20:30:21.687 [main] INFO  o.pf4j.DefaultPluginStatusProvider - Disabled plugins: []
May-25 20:30:21.695 [main] INFO  org.pf4j.DefaultPluginManager - PF4J version 3.12.0 in 'deployment' mode
May-25 20:30:21.757 [main] DEBUG nextflow.util.RetryConfig - Missing nextflow session - using default retry config
May-25 20:30:22.074 [main] INFO  org.pf4j.AbstractPluginManager - No plugins
May-25 20:30:22.187 [main] DEBUG nextflow.config.ConfigBuilder - Found config local: /lustre09/project/6008022/mame20/WGS_pipeline/nextflow.config
May-25 20:30:22.190 [main] DEBUG nextflow.config.ConfigBuilder - Parsing config file: /lustre09/project/6008022/mame20/WGS_pipeline/nextflow.config
May-25 20:30:22.267 [main] DEBUG nextflow.config.ConfigBuilder - Applying config profile: `standard`
May-25 20:30:23.795 [main] DEBUG nextflow.plugin.PluginsFacade - Plugins default=[]
May-25 20:30:23.796 [main] DEBUG nextflow.plugin.PluginsFacade - Plugins resolved requirement=[]
May-25 20:30:23.831 [main] DEBUG n.secret.LocalSecretsProvider - Secrets store: /home/mame20/.nextflow/secrets/store.json
May-25 20:30:23.835 [main] DEBUG nextflow.secret.SecretsLoader - Discovered secrets providers: [nextflow.secret.LocalSecretsProvider@708f018e] - activable => nextflow.secret.LocalSecretsProvider@708f018e
May-25 20:30:23.853 [main] DEBUG nextflow.cli.CmdRun - Applied DSL=2 from script declaration
May-25 20:30:23.878 [main] DEBUG nextflow.cli.CmdRun - Launching `main.nf` [loving_pare] DSL2 - revision: 6077216906
May-25 20:30:23.937 [main] DEBUG nextflow.Session - Session UUID: 17e87f9c-25a3-49e6-8a78-37bc38f332d3
May-25 20:30:23.938 [main] DEBUG nextflow.Session - Run name: loving_pare
May-25 20:30:23.938 [main] DEBUG nextflow.Session - Executor pool size: 2
May-25 20:30:23.945 [main] DEBUG nextflow.file.FilePorter - File porter settings maxRetries=3; maxTransfers=50; pollTimeout=null
May-25 20:30:23.948 [main] DEBUG nextflow.util.ThreadPoolBuilder - Creating thread pool 'FileTransfer' minSize=10; maxSize=10; workQueue=LinkedBlockingQueue[-1]; allowCoreThreadTimeout=false
May-25 20:30:23.979 [main] DEBUG nextflow.cli.CmdRun - 
  Version: 25.10.2 build 10555
  Created: 28-11-2025 19:24 UTC (14:24 EDT)
  System: Linux 5.14.0-611.49.1.el9_7.x86_64
  Runtime: Groovy 4.0.28 on OpenJDK 64-Bit Server VM 21.0.1+12-29
  Encoding: UTF-8 (UTF-8)
  Process: 846423@rc32626 [10.83.106.26]
  CPUs: 1 - Mem: 755.4 GB (503.3 GB) - Swap: 0 (0)
May-25 20:30:29.072 [main] DEBUG nextflow.Session - Work-dir: /lustre09/project/6008022/mame20/WGS_pipeline/work [lustre]
May-25 20:30:29.073 [main] DEBUG nextflow.Session - Script base path does not exist or is not a directory: /lustre09/project/6008022/mame20/WGS_pipeline/bin
May-25 20:30:29.082 [main] DEBUG nextflow.executor.ExecutorFactory - Extension executors providers=[]
May-25 20:30:29.105 [main] DEBUG nextflow.Session - Observer factory (v2): LinObserverFactory
May-25 20:30:29.109 [main] DEBUG nextflow.Session - Observer factory (v2): DefaultObserverFactory
May-25 20:30:29.155 [main] DEBUG nextflow.cache.CacheFactory - Using Nextflow cache factory: nextflow.cache.DefaultCacheFactory
May-25 20:30:29.165 [main] DEBUG nextflow.util.CustomThreadPool - Creating default thread pool > poolSize: 2; maxThreads: 1000
May-25 20:30:30.828 [main] DEBUG nextflow.Session - Session start
May-25 20:30:31.683 [main] DEBUG nextflow.script.ScriptRunner - > Launching execution
May-25 20:30:31.908 [main] DEBUG n.script.dsl.ProcessConfigBuilder - Config settings `withName:pVCF_to_plink` matches process pVCF_to_plink
May-25 20:30:32.178 [main] DEBUG nextflow.executor.ExecutorFactory - << taskConfig executor: slurm
May-25 20:30:32.179 [main] DEBUG nextflow.executor.ExecutorFactory - >> processorType: 'slurm'
May-25 20:30:32.191 [main] DEBUG nextflow.executor.Executor - [warm up] executor > slurm
May-25 20:30:32.205 [main] DEBUG n.processor.TaskPollingMonitor - Creating task monitor for executor 'slurm' > capacity: 100; pollInterval: 5s; dumpInterval: 5m 
May-25 20:30:32.209 [main] DEBUG n.processor.TaskPollingMonitor - >>> barrier register (monitor: slurm)
May-25 20:30:32.212 [main] DEBUG n.processor.TaskPollingMonitor - Creating submit rate limit of 10 submissions per 60 seconds
May-25 20:30:32.245 [main] DEBUG n.executor.AbstractGridExecutor - Creating executor 'slurm' > queue-stat-interval: 1m
May-25 20:30:32.279 [main] DEBUG nextflow.processor.TaskProcessor - Creating process 'pVCF_to_plink': maxForks=0; fair=false; array=0
May-25 20:30:32.356 [main] DEBUG n.script.dsl.ProcessConfigBuilder - Config settings `withName:plink_filter_merge` matches process plink_filter_merge
May-25 20:30:32.369 [main] DEBUG nextflow.executor.ExecutorFactory - << taskConfig executor: slurm
May-25 20:30:32.370 [main] DEBUG nextflow.executor.ExecutorFactory - >> processorType: 'slurm'
May-25 20:30:32.371 [main] DEBUG nextflow.processor.TaskProcessor - Creating process 'plink_filter_merge': maxForks=0; fair=false; array=0
May-25 20:30:32.384 [main] DEBUG n.script.dsl.ProcessConfigBuilder - Config settings `withName:select_unrel_topN` matches process select_unrel_topN
May-25 20:30:32.387 [main] DEBUG nextflow.executor.ExecutorFactory - << taskConfig executor: slurm
May-25 20:30:32.388 [main] DEBUG nextflow.executor.ExecutorFactory - >> processorType: 'slurm'
May-25 20:30:32.389 [main] DEBUG nextflow.processor.TaskProcessor - Creating process 'select_unrel_topN': maxForks=0; fair=false; array=0
May-25 20:30:32.429 [main] DEBUG n.script.dsl.ProcessConfigBuilder - Config settings `withName:gvcf_to_signalintensity` matches process gvcf_to_signalintensity
May-25 20:30:32.433 [main] DEBUG nextflow.executor.ExecutorFactory - << taskConfig executor: slurm
May-25 20:30:32.433 [main] DEBUG nextflow.executor.ExecutorFactory - >> processorType: 'slurm'
May-25 20:30:32.434 [main] DEBUG nextflow.processor.TaskProcessor - Creating process 'gvcf_to_signalintensity': maxForks=0; fair=false; array=0
May-25 20:30:32.444 [main] DEBUG n.script.dsl.ProcessConfigBuilder - Config settings `withName:split_iids` matches process split_iids
May-25 20:30:32.446 [main] DEBUG nextflow.executor.ExecutorFactory - << taskConfig executor: slurm
May-25 20:30:32.446 [main] DEBUG nextflow.executor.ExecutorFactory - >> processorType: 'slurm'
May-25 20:30:32.447 [main] DEBUG nextflow.processor.TaskProcessor - Creating process 'split_iids': maxForks=0; fair=false; array=0
May-25 20:30:32.456 [main] DEBUG n.script.dsl.ProcessConfigBuilder - Config settings `withName:pfb_partial` matches process pfb_partial
May-25 20:30:32.457 [main] DEBUG nextflow.executor.ExecutorFactory - << taskConfig executor: slurm
May-25 20:30:32.457 [main] DEBUG nextflow.executor.ExecutorFactory - >> processorType: 'slurm'
May-25 20:30:32.458 [main] DEBUG nextflow.processor.TaskProcessor - Creating process 'pfb_partial': maxForks=0; fair=false; array=0
May-25 20:30:32.464 [main] DEBUG n.script.dsl.ProcessConfigBuilder - Config settings `withName:pfb_reduce` matches process pfb_reduce
May-25 20:30:32.466 [main] DEBUG nextflow.executor.ExecutorFactory - << taskConfig executor: slurm
May-25 20:30:32.466 [main] DEBUG nextflow.executor.ExecutorFactory - >> processorType: 'slurm'
May-25 20:30:32.467 [main] DEBUG nextflow.processor.TaskProcessor - Creating process 'pfb_reduce': maxForks=0; fair=false; array=0
May-25 20:30:32.477 [main] DEBUG n.script.dsl.ProcessConfigBuilder - Config settings `withName:filter_baf_lrr_files` matches process filter_baf_lrr_files
May-25 20:30:32.482 [main] DEBUG nextflow.executor.ExecutorFactory - << taskConfig executor: slurm
May-25 20:30:32.482 [main] DEBUG nextflow.executor.ExecutorFactory - >> processorType: 'slurm'
May-25 20:30:32.483 [main] DEBUG nextflow.processor.TaskProcessor - Creating process 'filter_baf_lrr_files': maxForks=0; fair=false; array=0
May-25 20:30:32.489 [main] DEBUG nextflow.Session - Workflow process names [dsl2]: gvcf_to_signalintensity, plink_filter_merge, pVCF_to_plink, pfb_reduce, filter_baf_lrr_files, split_iids, select_unrel_topN, pfb_partial
May-25 20:30:32.496 [main] DEBUG nextflow.Session - Igniting dataflow network (10)
May-25 20:30:32.532 [PathVisitor-1] DEBUG nextflow.file.PathVisitor - files for syntax: glob; folder: /home/mame20/links/projects/rrg-jacquese/LAB_WORKSPACE/RAW_DATA/Genetic/SPARK/iWGS_v1_gVCF/pvcf/; pattern: *.vcf.gz; options: [checkIfExists:true]
May-25 20:30:32.533 [main] DEBUG nextflow.processor.TaskProcessor - Starting process > pVCF_to_plink
May-25 20:30:32.537 [main] DEBUG nextflow.processor.TaskProcessor - Starting process > plink_filter_merge
May-25 20:30:32.538 [main] DEBUG nextflow.processor.TaskProcessor - Starting process > select_unrel_topN
May-25 20:30:32.560 [main] DEBUG nextflow.processor.TaskProcessor - Starting process > gvcf_to_signalintensity
May-25 20:30:32.561 [main] DEBUG nextflow.processor.TaskProcessor - Starting process > split_iids
May-25 20:30:32.561 [PathVisitor-2] DEBUG nextflow.file.PathVisitor - files for syntax: glob; folder: /lustre09/project/6008022/LAB_WORKSPACE/STUDY_DIRECTORY/WGS_CNV_DETECTION/oldAnalysis/newAnalysisOn5760IndividualsRM/remaininggVCF/; pattern: *.gvcf.gz; options: [checkIfExists:true]
May-25 20:30:32.562 [main] DEBUG nextflow.processor.TaskProcessor - Starting process > pfb_partial
May-25 20:30:32.562 [main] DEBUG nextflow.processor.TaskProcessor - Starting process > pfb_reduce
May-25 20:30:32.563 [main] DEBUG nextflow.processor.TaskProcessor - Starting process > filter_baf_lrr_files
May-25 20:30:32.564 [main] DEBUG nextflow.script.ScriptRunner - Parsed script files:
  Script_1a8a7f59b1972522: /lustre09/project/6008022/mame20/WGS_pipeline/main.nf
May-25 20:30:32.564 [main] DEBUG nextflow.script.ScriptRunner - > Awaiting termination 
May-25 20:30:32.564 [main] DEBUG nextflow.Session - Session await
May-25 20:30:34.301 [Actor Thread 4] INFO  nextflow.processor.TaskProcessor - [ea/e47636] Cached process > pVCF_to_plink (wgs_12509_genome.deepvariant.chr13.vcf.gz)
May-25 20:30:34.312 [Actor Thread 3] INFO  nextflow.processor.TaskProcessor - [a1/d8ac8f] Cached process > pVCF_to_plink (wgs_12509_genome.deepvariant.chr1.vcf.gz)
May-25 20:30:34.693 [Actor Thread 6] INFO  nextflow.processor.TaskProcessor - [2b/89a99a] Cached process > pVCF_to_plink (wgs_12509_genome.deepvariant.chr11.vcf.gz)
May-25 20:35:37.282 [Task monitor] DEBUG n.processor.TaskPollingMonitor - !! executor slurm > No more task to compute -- The following nodes are still active:
[process] pVCF_to_plink
  status=ACTIVE
  port 0: (queue) OPEN  ; channel: vcf_file
  port 1: (cntrl) -     ; channel: $

[process] plink_filter_merge
  status=ACTIVE
  port 0: (value) OPEN  ; channel: bfiles/*
  port 1: (cntrl) -     ; channel: $

[process] select_unrel_topN
  status=ACTIVE
  port 0: (value) OPEN  ; channel: kin0_file
  port 1: (value) OPEN  ; channel: smiss_file
  port 2: (value) bound ; channel: topN
  port 3: (cntrl) -     ; channel: $

[process] gvcf_to_signalintensity
  status=ACTIVE
  port 0: (queue) OPEN  ; channel: gvcf_list
  port 1: (value) OPEN  ; channel: merged_bim
  port 2: (cntrl) -     ; channel: $

[process] split_iids
  status=ACTIVE
  port 0: (value) OPEN  ; channel: iid_list
  port 1: (value) OPEN  ; channel: lrr_baf_all/*
  port 2: (value) bound ; channel: n_batches
  port 3: (cntrl) -     ; channel: $

[process] pfb_partial
  status=ACTIVE
  port 0: (queue) OPEN  ; channel: -
  port 1: (cntrl) -     ; channel: $

[process] pfb_reduce
  status=ACTIVE
  port 0: (value) OPEN  ; channel: partials
  port 1: (value) bound ; channel: out_name
  port 2: (cntrl) -     ; channel: $

[process] filter_baf_lrr_files
  status=ACTIVE
  port 0: (queue) OPEN  ; channel: baf_files
  port 1: (value) OPEN  ; channel: pfb_file
  port 2: (cntrl) -     ; channel: $

May-25 20:40:37.324 [Task monitor] DEBUG n.processor.TaskPollingMonitor - !! executor slurm > No more task to compute -- The following nodes are still active:
[process] pVCF_to_plink
  status=ACTIVE
  port 0: (queue) OPEN  ; channel: vcf_file
  port 1: (cntrl) -     ; channel: $

[process] plink_filter_merge
  status=ACTIVE
  port 0: (value) OPEN  ; channel: bfiles/*
  port 1: (cntrl) -     ; channel: $

[process] select_unrel_topN
  status=ACTIVE
  port 0: (value) OPEN  ; channel: kin0_file
  port 1: (value) OPEN  ; channel: smiss_file
  port 2: (value) bound ; channel: topN
  port 3: (cntrl) -     ; channel: $

[process] gvcf_to_signalintensity
  status=ACTIVE
  port 0: (queue) OPEN  ; channel: gvcf_list
  port 1: (value) OPEN  ; channel: merged_bim
  port 2: (cntrl) -     ; channel: $

[process] split_iids
  status=ACTIVE
  port 0: (value) OPEN  ; channel: iid_list
  port 1: (value) OPEN  ; channel: lrr_baf_all/*
  port 2: (value) bound ; channel: n_batches
  port 3: (cntrl) -     ; channel: $

[process] pfb_partial
  status=ACTIVE
  port 0: (queue) OPEN  ; channel: -
  port 1: (cntrl) -     ; channel: $

[process] pfb_reduce
  status=ACTIVE
  port 0: (value) OPEN  ; channel: partials
  port 1: (value) bound ; channel: out_name
  port 2: (cntrl) -     ; channel: $

[process] filter_baf_lrr_files
  status=ACTIVE
  port 0: (queue) OPEN  ; channel: baf_files
  port 1: (value) OPEN  ; channel: pfb_file
  port 2: (cntrl) -     ; channel: $

May-25 20:45:37.342 [Task monitor] DEBUG n.processor.TaskPollingMonitor - !! executor slurm > No more task to compute -- The following nodes are still active:
[process] pVCF_to_plink
  status=ACTIVE
  port 0: (queue) OPEN  ; channel: vcf_file
  port 1: (cntrl) -     ; channel: $

[process] plink_filter_merge
  status=ACTIVE
  port 0: (value) OPEN  ; channel: bfiles/*
  port 1: (cntrl) -     ; channel: $

[process] select_unrel_topN
  status=ACTIVE
  port 0: (value) OPEN  ; channel: kin0_file
  port 1: (value) OPEN  ; channel: smiss_file
  port 2: (value) bound ; channel: topN
  port 3: (cntrl) -     ; channel: $

[process] gvcf_to_signalintensity
  status=ACTIVE
  port 0: (queue) OPEN  ; channel: gvcf_list
  port 1: (value) OPEN  ; channel: merged_bim
  port 2: (cntrl) -     ; channel: $

[process] split_iids
  status=ACTIVE
  port 0: (value) OPEN  ; channel: iid_list
  port 1: (value) OPEN  ; channel: lrr_baf_all/*
  port 2: (value) bound ; channel: n_batches
  port 3: (cntrl) -     ; channel: $

[process] pfb_partial
  status=ACTIVE
  port 0: (queue) OPEN  ; channel: -
  port 1: (cntrl) -     ; channel: $

[process] pfb_reduce
  status=ACTIVE
  port 0: (value) OPEN  ; channel: partials
  port 1: (value) bound ; channel: out_name
  port 2: (cntrl) -     ; channel: $

[process] filter_baf_lrr_files
  status=ACTIVE
  port 0: (queue) OPEN  ; channel: baf_files
  port 1: (value) OPEN  ; channel: pfb_file
  port 2: (cntrl) -     ; channel: $

May-25 20:50:37.364 [Task monitor] DEBUG n.processor.TaskPollingMonitor - !! executor slurm > No more task to compute -- The following nodes are still active:
[process] pVCF_to_plink
  status=ACTIVE
  port 0: (queue) OPEN  ; channel: vcf_file
  port 1: (cntrl) -     ; channel: $

[process] plink_filter_merge
  status=ACTIVE
  port 0: (value) OPEN  ; channel: bfiles/*
  port 1: (cntrl) -     ; channel: $

[process] select_unrel_topN
  status=ACTIVE
  port 0: (value) OPEN  ; channel: kin0_file
  port 1: (value) OPEN  ; channel: smiss_file
  port 2: (value) bound ; channel: topN
  port 3: (cntrl) -     ; channel: $

[process] gvcf_to_signalintensity
  status=ACTIVE
  port 0: (queue) OPEN  ; channel: gvcf_list
  port 1: (value) OPEN  ; channel: merged_bim
  port 2: (cntrl) -     ; channel: $

[process] split_iids
  status=ACTIVE
  port 0: (value) OPEN  ; channel: iid_list
  port 1: (value) OPEN  ; channel: lrr_baf_all/*
  port 2: (value) bound ; channel: n_batches
  port 3: (cntrl) -     ; channel: $

[process] pfb_partial
  status=ACTIVE
  port 0: (queue) OPEN  ; channel: -
  port 1: (cntrl) -     ; channel: $

[process] pfb_reduce
  status=ACTIVE
  port 0: (value) OPEN  ; channel: partials
  port 1: (value) bound ; channel: out_name
  port 2: (cntrl) -     ; channel: $

[process] filter_baf_lrr_files
  status=ACTIVE
  port 0: (queue) OPEN  ; channel: baf_files
  port 1: (value) OPEN  ; channel: pfb_file
  port 2: (cntrl) -     ; channel: $

May-25 20:53:46.244 [Actor Thread 4] INFO  nextflow.processor.TaskProcessor - [d1/a08047] Cached process > pVCF_to_plink (wgs_12509_genome.deepvariant.chr3.vcf.gz)
May-25 20:53:46.416 [Actor Thread 2] INFO  nextflow.processor.TaskProcessor - [7b/461579] Cached process > pVCF_to_plink (wgs_12509_genome.deepvariant.chr8.vcf.gz)
May-25 20:53:46.595 [Actor Thread 4] INFO  nextflow.processor.TaskProcessor - [89/86071f] Cached process > pVCF_to_plink (wgs_12509_genome.deepvariant.chr17.vcf.gz)
May-25 20:53:46.913 [Actor Thread 9] INFO  nextflow.processor.TaskProcessor - [9c/87b2b2] Cached process > pVCF_to_plink (wgs_12509_genome.deepvariant.chr5.vcf.gz)
May-25 20:53:47.436 [Actor Thread 10] INFO  nextflow.processor.TaskProcessor - [77/8c872d] Cached process > pVCF_to_plink (wgs_12509_genome.deepvariant.chr18.vcf.gz)
May-25 20:53:47.671 [Actor Thread 4] INFO  nextflow.processor.TaskProcessor - [09/441275] Cached process > pVCF_to_plink (wgs_12509_genome.deepvariant.chr20.vcf.gz)
May-25 20:53:47.799 [Actor Thread 2] INFO  nextflow.processor.TaskProcessor - [d5/6b51f8] Cached process > pVCF_to_plink (wgs_12509_genome.deepvariant.chr7.vcf.gz)
May-25 20:53:47.944 [Actor Thread 1] INFO  nextflow.processor.TaskProcessor - [ca/e527e9] Cached process > pVCF_to_plink (wgs_12509_genome.deepvariant.chr15.vcf.gz)
May-25 20:53:48.093 [Actor Thread 2] INFO  nextflow.processor.TaskProcessor - [22/68d562] Cached process > pVCF_to_plink (wgs_12509_genome.deepvariant.chr22.vcf.gz)
May-25 20:53:48.280 [Actor Thread 10] INFO  nextflow.processor.TaskProcessor - [2c/b9c5ea] Cached process > pVCF_to_plink (wgs_12509_genome.deepvariant.chr21.vcf.gz)
May-25 20:53:48.398 [Actor Thread 4] INFO  nextflow.processor.TaskProcessor - [e8/823ee1] Cached process > pVCF_to_plink (wgs_12509_genome.deepvariant.chr4.vcf.gz)
May-25 20:53:48.641 [Actor Thread 1] INFO  nextflow.processor.TaskProcessor - [53/cd13d4] Cached process > pVCF_to_plink (wgs_12509_genome.deepvariant.chr9.vcf.gz)
May-25 20:53:48.684 [Actor Thread 2] INFO  nextflow.processor.TaskProcessor - [ff/50ff42] Cached process > pVCF_to_plink (wgs_12509_genome.deepvariant.chr16.vcf.gz)
May-25 20:53:49.159 [Actor Thread 10] INFO  nextflow.processor.TaskProcessor - [6b/683fce] Cached process > pVCF_to_plink (wgs_12509_genome.deepvariant.chr14.vcf.gz)
May-25 20:53:49.383 [Actor Thread 11] INFO  nextflow.processor.TaskProcessor - [84/8a48a2] Cached process > pVCF_to_plink (wgs_12509_genome.deepvariant.chr19.vcf.gz)
May-25 20:53:49.715 [Actor Thread 10] INFO  nextflow.processor.TaskProcessor - [d0/e34734] Cached process > pVCF_to_plink (wgs_12509_genome.deepvariant.chr12.vcf.gz)
May-25 20:53:49.854 [Actor Thread 9] INFO  nextflow.processor.TaskProcessor - [c2/5e516a] Cached process > pVCF_to_plink (wgs_12509_genome.deepvariant.chr6.vcf.gz)
May-25 20:53:50.185 [Actor Thread 8] INFO  nextflow.processor.TaskProcessor - [1e/6a1a80] Cached process > pVCF_to_plink (wgs_12509_genome.deepvariant.chr2.vcf.gz)
May-25 20:53:51.879 [Actor Thread 10] INFO  nextflow.processor.TaskProcessor - [e3/6eff25] Cached process > pVCF_to_plink (wgs_12509_genome.deepvariant.chr10.vcf.gz)
May-25 20:53:52.061 [Actor Thread 12] INFO  nextflow.processor.TaskProcessor - [5e/70aff8] Cached process > plink_filter_merge (plink_filter_merge)
May-25 20:53:52.223 [Actor Thread 2] INFO  nextflow.processor.TaskProcessor - [22/bb7e87] Cached process > select_unrel_topN (select_unrel_topN (topN=1000))
May-25 20:53:52.457 [Task submitter] DEBUG nextflow.executor.GridTaskHandler - [SLURM] submitted process gvcf_to_signalintensity (gvcf_batch_f2f9b7ff) > jobId: 13225325; workDir: /lustre09/project/6008022/mame20/WGS_pipeline/work/61/73403a2cdc15c7a646d70be529e7aa
May-25 20:53:52.458 [Task submitter] INFO  nextflow.Session - [61/73403a] Submitted process > gvcf_to_signalintensity (gvcf_batch_f2f9b7ff)
May-25 20:54:03.873 [Task submitter] DEBUG nextflow.executor.GridTaskHandler - [SLURM] submitted process gvcf_to_signalintensity (gvcf_batch_c767103a) > jobId: 13225327; workDir: /lustre09/project/6008022/mame20/WGS_pipeline/work/3f/32c0a25398c692ab1a7e4a25c28021
May-25 20:54:03.873 [Task submitter] INFO  nextflow.Session - [3f/32c0a2] Submitted process > gvcf_to_signalintensity (gvcf_batch_c767103a)
May-25 20:54:08.810 [Task submitter] DEBUG nextflow.executor.GridTaskHandler - [SLURM] submitted process gvcf_to_signalintensity (gvcf_batch_9eb97fc2) > jobId: 13225329; workDir: /lustre09/project/6008022/mame20/WGS_pipeline/work/bd/2bd15edf0db48e7efd7b7d409326ac
May-25 20:54:08.810 [Task submitter] INFO  nextflow.Session - [bd/2bd15e] Submitted process > gvcf_to_signalintensity (gvcf_batch_9eb97fc2)
May-25 20:54:14.828 [Task submitter] DEBUG nextflow.executor.GridTaskHandler - [SLURM] submitted process gvcf_to_signalintensity (gvcf_batch_8f5548f7) > jobId: 13225331; workDir: /lustre09/project/6008022/mame20/WGS_pipeline/work/f6/46cecfed3bf993a12fb595bebc2f93
May-25 20:54:14.829 [Task submitter] INFO  nextflow.Session - [f6/46cecf] Submitted process > gvcf_to_signalintensity (gvcf_batch_8f5548f7)
May-25 20:54:20.835 [Task submitter] DEBUG nextflow.executor.GridTaskHandler - [SLURM] submitted process gvcf_to_signalintensity (gvcf_batch_ceba15f1) > jobId: 13225332; workDir: /lustre09/project/6008022/mame20/WGS_pipeline/work/4b/7d535f728dad720806a4a1ffaf1352
May-25 20:54:20.835 [Task submitter] INFO  nextflow.Session - [4b/7d535f] Submitted process > gvcf_to_signalintensity (gvcf_batch_ceba15f1)
May-25 20:54:26.837 [Task submitter] DEBUG nextflow.executor.GridTaskHandler - [SLURM] submitted process gvcf_to_signalintensity (gvcf_batch_7145000a) > jobId: 13225333; workDir: /lustre09/project/6008022/mame20/WGS_pipeline/work/89/251124cb7652fb66eda3bf89249ba7
May-25 20:54:26.838 [Task submitter] INFO  nextflow.Session - [89/251124] Submitted process > gvcf_to_signalintensity (gvcf_batch_7145000a)
May-25 20:54:32.817 [Task submitter] DEBUG nextflow.executor.GridTaskHandler - [SLURM] submitted process gvcf_to_signalintensity (gvcf_batch_287a9b1e) > jobId: 13225334; workDir: /lustre09/project/6008022/mame20/WGS_pipeline/work/e3/adc112415039a2268898bf25cc9d62
May-25 20:54:32.818 [Task submitter] INFO  nextflow.Session - [e3/adc112] Submitted process > gvcf_to_signalintensity (gvcf_batch_287a9b1e)
May-25 20:54:38.839 [Task submitter] DEBUG nextflow.executor.GridTaskHandler - [SLURM] submitted process gvcf_to_signalintensity (gvcf_batch_2391cac3) > jobId: 13225335; workDir: /lustre09/project/6008022/mame20/WGS_pipeline/work/05/5d3f5dd3d7e080e875b754e2a11216
May-25 20:54:38.839 [Task submitter] INFO  nextflow.Session - [05/5d3f5d] Submitted process > gvcf_to_signalintensity (gvcf_batch_2391cac3)
May-25 20:54:44.806 [Task submitter] DEBUG nextflow.executor.GridTaskHandler - [SLURM] submitted process gvcf_to_signalintensity (gvcf_batch_1eaa0d88) > jobId: 13225337; workDir: /lustre09/project/6008022/mame20/WGS_pipeline/work/5c/d0999228556f5d72a055e8e9631700
May-25 20:54:44.806 [Task submitter] INFO  nextflow.Session - [5c/d09992] Submitted process > gvcf_to_signalintensity (gvcf_batch_1eaa0d88)
May-25 20:54:50.801 [Task submitter] DEBUG nextflow.executor.GridTaskHandler - [SLURM] submitted process gvcf_to_signalintensity (gvcf_batch_6322c706) > jobId: 13225339; workDir: /lustre09/project/6008022/mame20/WGS_pipeline/work/9a/3b611f54df5011e3eabab19934192d
May-25 20:54:50.802 [Task submitter] INFO  nextflow.Session - [9a/3b611f] Submitted process > gvcf_to_signalintensity (gvcf_batch_6322c706)
May-25 20:54:56.812 [Task submitter] DEBUG nextflow.executor.GridTaskHandler - [SLURM] submitted process gvcf_to_signalintensity (gvcf_batch_343ad529) > jobId: 13225340; workDir: /lustre09/project/6008022/mame20/WGS_pipeline/work/78/5eec197647f3508aba87bbf51f3246
May-25 20:54:56.813 [Task submitter] INFO  nextflow.Session - [78/5eec19] Submitted process > gvcf_to_signalintensity (gvcf_batch_343ad529)
May-25 20:55:02.812 [Task submitter] DEBUG nextflow.executor.GridTaskHandler - [SLURM] submitted process gvcf_to_signalintensity (gvcf_batch_ba1a52ed) > jobId: 13225477; workDir: /lustre09/project/6008022/mame20/WGS_pipeline/work/ee/59f201fe7e9ab782c392526e61996e
May-25 20:55:02.813 [Task submitter] INFO  nextflow.Session - [ee/59f201] Submitted process > gvcf_to_signalintensity (gvcf_batch_ba1a52ed)
May-25 20:55:08.807 [Task submitter] DEBUG nextflow.executor.GridTaskHandler - [SLURM] submitted process gvcf_to_signalintensity (gvcf_batch_796dcd55) > jobId: 13225478; workDir: /lustre09/project/6008022/mame20/WGS_pipeline/work/d2/4cb9feebf8379ee71ed20404c3dd09
May-25 20:55:08.807 [Task submitter] INFO  nextflow.Session - [d2/4cb9fe] Submitted process > gvcf_to_signalintensity (gvcf_batch_796dcd55)
May-25 20:55:14.817 [Task submitter] DEBUG nextflow.executor.GridTaskHandler - [SLURM] submitted process gvcf_to_signalintensity (gvcf_batch_9f11eb2f) > jobId: 13225479; workDir: /lustre09/project/6008022/mame20/WGS_pipeline/work/c1/ae6261977e9c646ff8e712cc2f7fb7
May-25 20:55:14.818 [Task submitter] INFO  nextflow.Session - [c1/ae6261] Submitted process > gvcf_to_signalintensity (gvcf_batch_9f11eb2f)
May-25 20:55:20.870 [Task submitter] DEBUG nextflow.executor.GridTaskHandler - [SLURM] submitted process gvcf_to_signalintensity (gvcf_batch_9a43d572) > jobId: 13225480; workDir: /lustre09/project/6008022/mame20/WGS_pipeline/work/7a/27d213206a8aa822d91853b5c64168
May-25 20:55:20.870 [Task submitter] INFO  nextflow.Session - [7a/27d213] Submitted process > gvcf_to_signalintensity (gvcf_batch_9a43d572)
May-25 20:55:26.849 [Task submitter] DEBUG nextflow.executor.GridTaskHandler - [SLURM] submitted process gvcf_to_signalintensity (gvcf_batch_176fc2f7) > jobId: 13225483; workDir: /lustre09/project/6008022/mame20/WGS_pipeline/work/53/e18720c692e06a572684324c7b033f
May-25 20:55:26.849 [Task submitter] INFO  nextflow.Session - [53/e18720] Submitted process > gvcf_to_signalintensity (gvcf_batch_176fc2f7)
May-25 20:55:32.822 [Task submitter] DEBUG nextflow.executor.GridTaskHandler - [SLURM] submitted process gvcf_to_signalintensity (gvcf_batch_55a36b04) > jobId: 13225484; workDir: /lustre09/project/6008022/mame20/WGS_pipeline/work/88/fba883952bea92b8c6cae71a8bebad
May-25 20:55:32.822 [Task submitter] INFO  nextflow.Session - [88/fba883] Submitted process > gvcf_to_signalintensity (gvcf_batch_55a36b04)
May-25 20:55:37.392 [Task monitor] DEBUG n.processor.TaskPollingMonitor - !! executor slurm > tasks to be completed: 17 -- submitted tasks are shown below
~> TaskHandler[jobId: 13225325; id: 25; name: gvcf_to_signalintensity (gvcf_batch_f2f9b7ff); status: SUBMITTED; exit: -; error: -; workDir: /lustre09/project/6008022/mame20/WGS_pipeline/work/61/73403a2cdc15c7a646d70be529e7aa started: -; exited: -; ]
~> TaskHandler[jobId: 13225327; id: 26; name: gvcf_to_signalintensity (gvcf_batch_c767103a); status: SUBMITTED; exit: -; error: -; workDir: /lustre09/project/6008022/mame20/WGS_pipeline/work/3f/32c0a25398c692ab1a7e4a25c28021 started: -; exited: -; ]
~> TaskHandler[jobId: 13225329; id: 27; name: gvcf_to_signalintensity (gvcf_batch_9eb97fc2); status: SUBMITTED; exit: -; error: -; workDir: /lustre09/project/6008022/mame20/WGS_pipeline/work/bd/2bd15edf0db48e7efd7b7d409326ac started: -; exited: -; ]
~> TaskHandler[jobId: 13225331; id: 28; name: gvcf_to_signalintensity (gvcf_batch_8f5548f7); status: SUBMITTED; exit: -; error: -; workDir: /lustre09/project/6008022/mame20/WGS_pipeline/work/f6/46cecfed3bf993a12fb595bebc2f93 started: -; exited: -; ]
~> TaskHandler[jobId: 13225332; id: 29; name: gvcf_to_signalintensity (gvcf_batch_ceba15f1); status: SUBMITTED; exit: -; error: -; workDir: /lustre09/project/6008022/mame20/WGS_pipeline/work/4b/7d535f728dad720806a4a1ffaf1352 started: -; exited: -; ]
~> TaskHandler[jobId: 13225333; id: 30; name: gvcf_to_signalintensity (gvcf_batch_7145000a); status: SUBMITTED; exit: -; error: -; workDir: /lustre09/project/6008022/mame20/WGS_pipeline/work/89/251124cb7652fb66eda3bf89249ba7 started: -; exited: -; ]
~> TaskHandler[jobId: 13225334; id: 31; name: gvcf_to_signalintensity (gvcf_batch_287a9b1e); status: SUBMITTED; exit: -; error: -; workDir: /lustre09/project/6008022/mame20/WGS_pipeline/work/e3/adc112415039a2268898bf25cc9d62 started: -; exited: -; ]
~> TaskHandler[jobId: 13225335; id: 32; name: gvcf_to_signalintensity (gvcf_batch_2391cac3); status: SUBMITTED; exit: -; error: -; workDir: /lustre09/project/6008022/mame20/WGS_pipeline/work/05/5d3f5dd3d7e080e875b754e2a11216 started: -; exited: -; ]
~> TaskHandler[jobId: 13225337; id: 33; name: gvcf_to_signalintensity (gvcf_batch_1eaa0d88); status: SUBMITTED; exit: -; error: -; workDir: /lustre09/project/6008022/mame20/WGS_pipeline/work/5c/d0999228556f5d72a055e8e9631700 started: -; exited: -; ]
~> TaskHandler[jobId: 13225339; id: 34; name: gvcf_to_signalintensity (gvcf_batch_6322c706); status: SUBMITTED; exit: -; error: -; workDir: /lustre09/project/6008022/mame20/WGS_pipeline/work/9a/3b611f54df5011e3eabab19934192d started: -; exited: -; ]
.. remaining tasks omitted.
May-25 20:55:38.807 [Task submitter] DEBUG nextflow.executor.GridTaskHandler - [SLURM] submitted process gvcf_to_signalintensity (gvcf_batch_709963d1) > jobId: 13225502; workDir: /lustre09/project/6008022/mame20/WGS_pipeline/work/70/0be26df9db9392c15de01cd882ae34
May-25 20:55:38.808 [Task submitter] INFO  nextflow.Session - [70/0be26d] Submitted process > gvcf_to_signalintensity (gvcf_batch_709963d1)
May-25 20:55:45.190 [Task submitter] DEBUG nextflow.executor.GridTaskHandler - [SLURM] submitted process gvcf_to_signalintensity (gvcf_batch_25cffe3e) > jobId: 13225551; workDir: /lustre09/project/6008022/mame20/WGS_pipeline/work/ff/d40c852982cea43a1188146e96a3d5
May-25 20:55:45.190 [Task submitter] INFO  nextflow.Session - [ff/d40c85] Submitted process > gvcf_to_signalintensity (gvcf_batch_25cffe3e)
May-25 20:55:50.800 [Task submitter] DEBUG nextflow.executor.GridTaskHandler - [SLURM] submitted process gvcf_to_signalintensity (gvcf_batch_35206a01) > jobId: 13225555; workDir: /lustre09/project/6008022/mame20/WGS_pipeline/work/08/a7307f3aeb56374bd3a9cd3e11e179
May-25 20:55:50.800 [Task submitter] INFO  nextflow.Session - [08/a7307f] Submitted process > gvcf_to_signalintensity (gvcf_batch_35206a01)
May-25 20:55:56.811 [Task submitter] DEBUG nextflow.executor.GridTaskHandler - [SLURM] submitted process gvcf_to_signalintensity (gvcf_batch_8f2fea8f) > jobId: 13225556; workDir: /lustre09/project/6008022/mame20/WGS_pipeline/work/3e/fe005e82502e766153fcdb383570e9
May-25 20:55:56.812 [Task submitter] INFO  nextflow.Session - [3e/fe005e] Submitted process > gvcf_to_signalintensity (gvcf_batch_8f2fea8f)
May-25 20:56:02.813 [Task submitter] DEBUG nextflow.executor.GridTaskHandler - [SLURM] submitted process gvcf_to_signalintensity (gvcf_batch_50491d0a) > jobId: 13225557; workDir: /lustre09/project/6008022/mame20/WGS_pipeline/work/5d/079fa0b3b9607776057b44c9a69c70
May-25 20:56:02.813 [Task submitter] INFO  nextflow.Session - [5d/079fa0] Submitted process > gvcf_to_signalintensity (gvcf_batch_50491d0a)
May-25 20:56:08.809 [Task submitter] DEBUG nextflow.executor.GridTaskHandler - [SLURM] submitted process gvcf_to_signalintensity (gvcf_batch_16438bda) > jobId: 13225558; workDir: /lustre09/project/6008022/mame20/WGS_pipeline/work/1b/9c21d448d8500826d43fa37c912234
May-25 20:56:08.810 [Task submitter] INFO  nextflow.Session - [1b/9c21d4] Submitted process > gvcf_to_signalintensity (gvcf_batch_16438bda)
May-25 20:56:14.827 [Task submitter] DEBUG nextflow.executor.GridTaskHandler - [SLURM] submitted process gvcf_to_signalintensity (gvcf_batch_45c315b4) > jobId: 13225559; workDir: /lustre09/project/6008022/mame20/WGS_pipeline/work/f1/5491a2cdddba5dd3e8a7ffafcfdb7d
May-25 20:56:14.828 [Task submitter] INFO  nextflow.Session - [f1/5491a2] Submitted process > gvcf_to_signalintensity (gvcf_batch_45c315b4)
May-25 20:56:20.806 [Task submitter] DEBUG nextflow.executor.GridTaskHandler - [SLURM] submitted process gvcf_to_signalintensity (gvcf_batch_271d8103) > jobId: 13225561; workDir: /lustre09/project/6008022/mame20/WGS_pipeline/work/b1/a4034534a16439cd6af21f7f781701
May-25 20:56:20.807 [Task submitter] INFO  nextflow.Session - [b1/a40345] Submitted process > gvcf_to_signalintensity (gvcf_batch_271d8103)
May-25 20:56:26.806 [Task submitter] DEBUG nextflow.executor.GridTaskHandler - [SLURM] submitted process gvcf_to_signalintensity (gvcf_batch_8b6a5ed2) > jobId: 13225562; workDir: /lustre09/project/6008022/mame20/WGS_pipeline/work/b8/6d037966faf4055e415dcedf5643be
May-25 20:56:26.807 [Task submitter] INFO  nextflow.Session - [b8/6d0379] Submitted process > gvcf_to_signalintensity (gvcf_batch_8b6a5ed2)
May-25 20:56:32.805 [Task submitter] DEBUG nextflow.executor.GridTaskHandler - [SLURM] submitted process gvcf_to_signalintensity (gvcf_batch_1a24470a) > jobId: 13225563; workDir: /lustre09/project/6008022/mame20/WGS_pipeline/work/4c/2853bc983e6dacec56ab4b0a3c7f68
May-25 20:56:32.805 [Task submitter] INFO  nextflow.Session - [4c/2853bc] Submitted process > gvcf_to_signalintensity (gvcf_batch_1a24470a)
May-25 20:56:38.828 [Task submitter] DEBUG nextflow.executor.GridTaskHandler - [SLURM] submitted process gvcf_to_signalintensity (gvcf_batch_747cd6e0) > jobId: 13225565; workDir: /lustre09/project/6008022/mame20/WGS_pipeline/work/86/61d13eb5200cb60278a2bc1976b318
May-25 20:56:38.828 [Task submitter] INFO  nextflow.Session - [86/61d13e] Submitted process > gvcf_to_signalintensity (gvcf_batch_747cd6e0)
May-25 20:56:44.826 [Task submitter] DEBUG nextflow.executor.GridTaskHandler - [SLURM] submitted process gvcf_to_signalintensity (gvcf_batch_8f404b4a) > jobId: 13225566; workDir: /lustre09/project/6008022/mame20/WGS_pipeline/work/bc/0523b2a2e2c5d1b15f442a3516907c
May-25 20:56:44.827 [Task submitter] INFO  nextflow.Session - [bc/0523b2] Submitted process > gvcf_to_signalintensity (gvcf_batch_8f404b4a)
May-25 20:56:50.808 [Task submitter] DEBUG nextflow.executor.GridTaskHandler - [SLURM] submitted process gvcf_to_signalintensity (gvcf_batch_e73a8385) > jobId: 13225570; workDir: /lustre09/project/6008022/mame20/WGS_pipeline/work/4b/47a82adc8d7461d6e79772c89ce25c
May-25 20:56:50.808 [Task submitter] INFO  nextflow.Session - [4b/47a82a] Submitted process > gvcf_to_signalintensity (gvcf_batch_e73a8385)
May-25 20:56:56.810 [Task submitter] DEBUG nextflow.executor.GridTaskHandler - [SLURM] submitted process gvcf_to_signalintensity (gvcf_batch_15520d10) > jobId: 13225573; workDir: /lustre09/project/6008022/mame20/WGS_pipeline/work/b8/d8264a9cbf512c64ae78951c2025f7
May-25 20:56:56.810 [Task submitter] INFO  nextflow.Session - [b8/d8264a] Submitted process > gvcf_to_signalintensity (gvcf_batch_15520d10)
May-25 20:57:02.808 [Task submitter] DEBUG nextflow.executor.GridTaskHandler - [SLURM] submitted process gvcf_to_signalintensity (gvcf_batch_b4115050) > jobId: 13225574; workDir: /lustre09/project/6008022/mame20/WGS_pipeline/work/ec/520660bc223ade5744c95317c6fd5a
May-25 20:57:02.808 [Task submitter] INFO  nextflow.Session - [ec/520660] Submitted process > gvcf_to_signalintensity (gvcf_batch_b4115050)
May-25 20:57:08.807 [Task submitter] DEBUG nextflow.executor.GridTaskHandler - [SLURM] submitted process gvcf_to_signalintensity (gvcf_batch_47092cd2) > jobId: 13225575; workDir: /lustre09/project/6008022/mame20/WGS_pipeline/work/4e/60a5e6ab24fab16de03b36333a5acb
May-25 20:57:08.808 [Task submitter] INFO  nextflow.Session - [4e/60a5e6] Submitted process > gvcf_to_signalintensity (gvcf_batch_47092cd2)
May-25 20:57:14.804 [Task submitter] DEBUG nextflow.executor.GridTaskHandler - [SLURM] submitted process gvcf_to_signalintensity (gvcf_batch_9cad9d72) > jobId: 13225576; workDir: /lustre09/project/6008022/mame20/WGS_pipeline/work/03/f119257f61955313d5449287336d05
May-25 20:57:14.805 [Task submitter] INFO  nextflow.Session - [03/f11925] Submitted process > gvcf_to_signalintensity (gvcf_batch_9cad9d72)
May-25 20:57:20.827 [Task submitter] DEBUG nextflow.executor.GridTaskHandler - [SLURM] submitted process gvcf_to_signalintensity (gvcf_batch_04545e85) > jobId: 13225577; workDir: /lustre09/project/6008022/mame20/WGS_pipeline/work/e9/c5b328fe03433c8fcfc4d1b56b43c1
May-25 20:57:20.828 [Task submitter] INFO  nextflow.Session - [e9/c5b328] Submitted process > gvcf_to_signalintensity (gvcf_batch_04545e85)
May-25 20:57:26.814 [Task submitter] DEBUG nextflow.executor.GridTaskHandler - [SLURM] submitted process gvcf_to_signalintensity (gvcf_batch_ab99bbd1) > jobId: 13225578; workDir: /lustre09/project/6008022/mame20/WGS_pipeline/work/26/4173f5ae6112393cd24a2f191251cf
May-25 20:57:26.814 [Task submitter] INFO  nextflow.Session - [26/4173f5] Submitted process > gvcf_to_signalintensity (gvcf_batch_ab99bbd1)
May-25 20:57:32.829 [Task submitter] DEBUG nextflow.executor.GridTaskHandler - [SLURM] submitted process gvcf_to_signalintensity (gvcf_batch_2bca34b4) > jobId: 13225579; workDir: /lustre09/project/6008022/mame20/WGS_pipeline/work/e8/18cca8f040127cf17c30091bafe35c
May-25 20:57:32.830 [Task submitter] INFO  nextflow.Session - [e8/18cca8] Submitted process > gvcf_to_signalintensity (gvcf_batch_2bca34b4)
May-25 20:57:38.812 [Task submitter] DEBUG nextflow.executor.GridTaskHandler - [SLURM] submitted process gvcf_to_signalintensity (gvcf_batch_9c69deb4) > jobId: 13225580; workDir: /lustre09/project/6008022/mame20/WGS_pipeline/work/06/1ee504d4a0e9495bccefb29b8b95b4
May-25 20:57:38.813 [Task submitter] INFO  nextflow.Session - [06/1ee504] Submitted process > gvcf_to_signalintensity (gvcf_batch_9c69deb4)
May-25 20:57:44.811 [Task submitter] DEBUG nextflow.executor.GridTaskHandler - [SLURM] submitted process gvcf_to_signalintensity (gvcf_batch_dae2c395) > jobId: 13225581; workDir: /lustre09/project/6008022/mame20/WGS_pipeline/work/b2/e575b31d83f6672b96ba3df506a160
May-25 20:57:44.811 [Task submitter] INFO  nextflow.Session - [b2/e575b3] Submitted process > gvcf_to_signalintensity (gvcf_batch_dae2c395)
May-25 20:57:50.807 [Task submitter] DEBUG nextflow.executor.GridTaskHandler - [SLURM] submitted process gvcf_to_signalintensity (gvcf_batch_7d150523) > jobId: 13225582; workDir: /lustre09/project/6008022/mame20/WGS_pipeline/work/27/2f30b70a6ad7b83af97da1c2834dd0
May-25 20:57:50.808 [Task submitter] INFO  nextflow.Session - [27/2f30b7] Submitted process > gvcf_to_signalintensity (gvcf_batch_7d150523)
May-25 20:57:56.806 [Task submitter] DEBUG nextflow.executor.GridTaskHandler - [SLURM] submitted process gvcf_to_signalintensity (gvcf_batch_bceec34f) > jobId: 13225583; workDir: /lustre09/project/6008022/mame20/WGS_pipeline/work/d0/966c73dd04b84e8bd9f649bfb21af7
May-25 20:57:56.807 [Task submitter] INFO  nextflow.Session - [d0/966c73] Submitted process > gvcf_to_signalintensity (gvcf_batch_bceec34f)
May-25 20:58:02.807 [Task submitter] DEBUG nextflow.executor.GridTaskHandler - [SLURM] submitted process gvcf_to_signalintensity (gvcf_batch_c312ba8f) > jobId: 13225584; workDir: /lustre09/project/6008022/mame20/WGS_pipeline/work/21/c03b3bd20cf12bb1ff9081e8c2f623
May-25 20:58:02.807 [Task submitter] INFO  nextflow.Session - [21/c03b3b] Submitted process > gvcf_to_signalintensity (gvcf_batch_c312ba8f)
May-25 20:58:08.807 [Task submitter] DEBUG nextflow.executor.GridTaskHandler - [SLURM] submitted process gvcf_to_signalintensity (gvcf_batch_fc785766) > jobId: 13225586; workDir: /lustre09/project/6008022/mame20/WGS_pipeline/work/35/6c24823f66b1a19984415df9cfd5aa
May-25 20:58:08.807 [Task submitter] INFO  nextflow.Session - [35/6c2482] Submitted process > gvcf_to_signalintensity (gvcf_batch_fc785766)
May-25 20:58:14.825 [Task submitter] DEBUG nextflow.executor.GridTaskHandler - [SLURM] submitted process gvcf_to_signalintensity (gvcf_batch_035a5097) > jobId: 13225587; workDir: /lustre09/project/6008022/mame20/WGS_pipeline/work/39/eeb8d8150bc87f9a02b40716c9da4f
May-25 20:58:14.826 [Task submitter] INFO  nextflow.Session - [39/eeb8d8] Submitted process > gvcf_to_signalintensity (gvcf_batch_035a5097)
May-25 20:58:20.809 [Task submitter] DEBUG nextflow.executor.GridTaskHandler - [SLURM] submitted process gvcf_to_signalintensity (gvcf_batch_582c4d30) > jobId: 13225588; workDir: /lustre09/project/6008022/mame20/WGS_pipeline/work/07/bf0244b35796efc292bc023efb749e
May-25 20:58:20.810 [Task submitter] INFO  nextflow.Session - [07/bf0244] Submitted process > gvcf_to_signalintensity (gvcf_batch_582c4d30)
May-25 20:58:26.860 [Task submitter] DEBUG nextflow.executor.GridTaskHandler - [SLURM] submitted process gvcf_to_signalintensity (gvcf_batch_a7663931) > jobId: 13225589; workDir: /lustre09/project/6008022/mame20/WGS_pipeline/work/30/0ebc28200829c15e018e5a66e2bff2
May-25 20:58:26.860 [Task submitter] INFO  nextflow.Session - [30/0ebc28] Submitted process > gvcf_to_signalintensity (gvcf_batch_a7663931)
May-25 20:58:32.807 [Task submitter] DEBUG nextflow.executor.GridTaskHandler - [SLURM] submitted process gvcf_to_signalintensity (gvcf_batch_574e1801) > jobId: 13225590; workDir: /lustre09/project/6008022/mame20/WGS_pipeline/work/e1/bd84f7bc1ddc724c32397bbc3f57a2
May-25 20:58:32.807 [Task submitter] INFO  nextflow.Session - [e1/bd84f7] Submitted process > gvcf_to_signalintensity (gvcf_batch_574e1801)
May-25 20:58:38.805 [Task submitter] DEBUG nextflow.executor.GridTaskHandler - [SLURM] submitted process gvcf_to_signalintensity (gvcf_batch_0d73df36) > jobId: 13225591; workDir: /lustre09/project/6008022/mame20/WGS_pipeline/work/3a/b8886feffc7c09e8a1c6e56430806c
May-25 20:58:38.805 [Task submitter] INFO  nextflow.Session - [3a/b8886f] Submitted process > gvcf_to_signalintensity (gvcf_batch_0d73df36)
May-25 20:58:44.824 [Task submitter] DEBUG nextflow.executor.GridTaskHandler - [SLURM] submitted process gvcf_to_signalintensity (gvcf_batch_501ab1f9) > jobId: 13225592; workDir: /lustre09/project/6008022/mame20/WGS_pipeline/work/39/1cccb5093040523f6be25d575a6e7e
May-25 20:58:44.824 [Task submitter] INFO  nextflow.Session - [39/1cccb5] Submitted process > gvcf_to_signalintensity (gvcf_batch_501ab1f9)
May-25 20:58:52.205 [Task submitter] DEBUG nextflow.executor.GridTaskHandler - [SLURM] submitted process gvcf_to_signalintensity (gvcf_batch_307e8102) > jobId: 13225635; workDir: /lustre09/project/6008022/mame20/WGS_pipeline/work/04/d73e3dcd9cc0e52f2ac54191bdc8c8
May-25 20:58:52.206 [Task submitter] INFO  nextflow.Session - [04/d73e3d] Submitted process > gvcf_to_signalintensity (gvcf_batch_307e8102)
May-25 20:58:56.810 [Task submitter] DEBUG nextflow.executor.GridTaskHandler - [SLURM] submitted process gvcf_to_signalintensity (gvcf_batch_2cefca49) > jobId: 13225637; workDir: /lustre09/project/6008022/mame20/WGS_pipeline/work/68/3a7dd16dfb530b95130c0bf1e19d7c
May-25 20:58:56.811 [Task submitter] INFO  nextflow.Session - [68/3a7dd1] Submitted process > gvcf_to_signalintensity (gvcf_batch_2cefca49)
May-25 20:59:02.802 [Task submitter] DEBUG nextflow.executor.GridTaskHandler - [SLURM] submitted process gvcf_to_signalintensity (gvcf_batch_e4c5a898) > jobId: 13225643; workDir: /lustre09/project/6008022/mame20/WGS_pipeline/work/c5/2baf1fe25e4e9dd0b95e144a06ba6b
May-25 20:59:02.802 [Task submitter] INFO  nextflow.Session - [c5/2baf1f] Submitted process > gvcf_to_signalintensity (gvcf_batch_e4c5a898)
May-25 20:59:08.801 [Task submitter] DEBUG nextflow.executor.GridTaskHandler - [SLURM] submitted process gvcf_to_signalintensity (gvcf_batch_e6c1125d) > jobId: 13225647; workDir: /lustre09/project/6008022/mame20/WGS_pipeline/work/90/92f24c51b0368fea1d3f18a7d7e5f1
May-25 20:59:08.802 [Task submitter] INFO  nextflow.Session - [90/92f24c] Submitted process > gvcf_to_signalintensity (gvcf_batch_e6c1125d)
May-25 20:59:14.810 [Task submitter] DEBUG nextflow.executor.GridTaskHandler - [SLURM] submitted process gvcf_to_signalintensity (gvcf_batch_d459080c) > jobId: 13225650; workDir: /lustre09/project/6008022/mame20/WGS_pipeline/work/f9/434cbda86d7a1eeea83423d06a37ea
May-25 20:59:14.810 [Task submitter] INFO  nextflow.Session - [f9/434cbd] Submitted process > gvcf_to_signalintensity (gvcf_batch_d459080c)
May-25 20:59:20.816 [Task submitter] DEBUG nextflow.executor.GridTaskHandler - [SLURM] submitted process gvcf_to_signalintensity (gvcf_batch_9aa551d0) > jobId: 13225651; workDir: /lustre09/project/6008022/mame20/WGS_pipeline/work/e3/fa3f32b3faf41d8ef60305befc4453
May-25 20:59:20.817 [Task submitter] INFO  nextflow.Session - [e3/fa3f32] Submitted process > gvcf_to_signalintensity (gvcf_batch_9aa551d0)
May-25 20:59:26.809 [Task submitter] DEBUG nextflow.executor.GridTaskHandler - [SLURM] submitted process gvcf_to_signalintensity (gvcf_batch_0e9abefb) > jobId: 13225652; workDir: /lustre09/project/6008022/mame20/WGS_pipeline/work/1a/fe7b3b9c4a2616825b938f45606325
May-25 20:59:26.810 [Task submitter] INFO  nextflow.Session - [1a/fe7b3b] Submitted process > gvcf_to_signalintensity (gvcf_batch_0e9abefb)
May-25 20:59:32.805 [Task submitter] DEBUG nextflow.executor.GridTaskHandler - [SLURM] submitted process gvcf_to_signalintensity (gvcf_batch_a6e1b9dc) > jobId: 13225653; workDir: /lustre09/project/6008022/mame20/WGS_pipeline/work/4c/7a2c294ac4b3a98a745a3fa0cd895f
May-25 20:59:32.805 [Task submitter] INFO  nextflow.Session - [4c/7a2c29] Submitted process > gvcf_to_signalintensity (gvcf_batch_a6e1b9dc)
May-25 20:59:38.806 [Task submitter] DEBUG nextflow.executor.GridTaskHandler - [SLURM] submitted process gvcf_to_signalintensity (gvcf_batch_2dad1926) > jobId: 13225654; workDir: /lustre09/project/6008022/mame20/WGS_pipeline/work/bc/4abb294586cefdd300324c0ddd4320
May-25 20:59:38.806 [Task submitter] INFO  nextflow.Session - [bc/4abb29] Submitted process > gvcf_to_signalintensity (gvcf_batch_2dad1926)
May-25 20:59:44.808 [Task submitter] DEBUG nextflow.executor.GridTaskHandler - [SLURM] submitted process gvcf_to_signalintensity (gvcf_batch_237f27b7) > jobId: 13225655; workDir: /lustre09/project/6008022/mame20/WGS_pipeline/work/cd/d8f3d779d2e53c47ebec5c047edde5
May-25 20:59:44.808 [Task submitter] INFO  nextflow.Session - [cd/d8f3d7] Submitted process > gvcf_to_signalintensity (gvcf_batch_237f27b7)
May-25 20:59:50.809 [Task submitter] DEBUG nextflow.executor.GridTaskHandler - [SLURM] submitted process gvcf_to_signalintensity (gvcf_batch_7c9321e8) > jobId: 13225658; workDir: /lustre09/project/6008022/mame20/WGS_pipeline/work/bc/e9b167f41056a9c1ba6a761844a3e9
May-25 20:59:50.810 [Task submitter] INFO  nextflow.Session - [bc/e9b167] Submitted process > gvcf_to_signalintensity (gvcf_batch_7c9321e8)
May-25 20:59:57.010 [Task submitter] DEBUG nextflow.executor.GridTaskHandler - [SLURM] submitted process gvcf_to_signalintensity (gvcf_batch_102506bb) > jobId: 13225659; workDir: /lustre09/project/6008022/mame20/WGS_pipeline/work/39/d8ee083c7de18536748e2f55a4d9d2
May-25 20:59:57.011 [Task submitter] INFO  nextflow.Session - [39/d8ee08] Submitted process > gvcf_to_signalintensity (gvcf_batch_102506bb)
May-25 21:00:02.809 [Task submitter] DEBUG nextflow.executor.GridTaskHandler - [SLURM] submitted process gvcf_to_signalintensity (gvcf_batch_81534aee) > jobId: 13225660; workDir: /lustre09/project/6008022/mame20/WGS_pipeline/work/fa/d7e9bde3ace61d175e827563592764
May-25 21:00:02.809 [Task submitter] INFO  nextflow.Session - [fa/d7e9bd] Submitted process > gvcf_to_signalintensity (gvcf_batch_81534aee)
May-25 21:00:08.822 [Task submitter] DEBUG nextflow.executor.GridTaskHandler - [SLURM] submitted process gvcf_to_signalintensity (gvcf_batch_46eb633f) > jobId: 13225661; workDir: /lustre09/project/6008022/mame20/WGS_pipeline/work/71/c6d759b500e6808f5588194bc29e09
May-25 21:00:08.822 [Task submitter] INFO  nextflow.Session - [71/c6d759] Submitted process > gvcf_to_signalintensity (gvcf_batch_46eb633f)
May-25 21:00:14.812 [Task submitter] DEBUG nextflow.executor.GridTaskHandler - [SLURM] submitted process gvcf_to_signalintensity (gvcf_batch_f819380f) > jobId: 13225662; workDir: /lustre09/project/6008022/mame20/WGS_pipeline/work/34/5d677f2e78ebf3a25a2d78d7496448
May-25 21:00:14.812 [Task submitter] INFO  nextflow.Session - [34/5d677f] Submitted process > gvcf_to_signalintensity (gvcf_batch_f819380f)
May-25 21:00:20.814 [Task submitter] DEBUG nextflow.executor.GridTaskHandler - [SLURM] submitted process gvcf_to_signalintensity (gvcf_batch_c59fa888) > jobId: 13225663; workDir: /lustre09/project/6008022/mame20/WGS_pipeline/work/82/4a4a68b4ed55e886ea7ba285d12d8a
May-25 21:00:20.814 [Task submitter] INFO  nextflow.Session - [82/4a4a68] Submitted process > gvcf_to_signalintensity (gvcf_batch_c59fa888)
May-25 21:00:26.804 [Task submitter] DEBUG nextflow.executor.GridTaskHandler - [SLURM] submitted process gvcf_to_signalintensity (gvcf_batch_9cc587d2) > jobId: 13225665; workDir: /lustre09/project/6008022/mame20/WGS_pipeline/work/ce/7c56ef6be1f14c675b55d697f3734c
May-25 21:00:26.804 [Task submitter] INFO  nextflow.Session - [ce/7c56ef] Submitted process > gvcf_to_signalintensity (gvcf_batch_9cc587d2)
May-25 21:00:32.823 [Task submitter] DEBUG nextflow.executor.GridTaskHandler - [SLURM] submitted process gvcf_to_signalintensity (gvcf_batch_ffb38aa7) > jobId: 13225666; workDir: /lustre09/project/6008022/mame20/WGS_pipeline/work/ca/c4107a0d3f1fced691d288519d6ff4
May-25 21:00:32.823 [Task submitter] INFO  nextflow.Session - [ca/c4107a] Submitted process > gvcf_to_signalintensity (gvcf_batch_ffb38aa7)
May-25 21:00:37.406 [Task monitor] DEBUG n.processor.TaskPollingMonitor - !! executor slurm > tasks to be completed: 67 -- submitted tasks are shown below
~> TaskHandler[jobId: 13225325; id: 25; name: gvcf_to_signalintensity (gvcf_batch_f2f9b7ff); status: RUNNING; exit: -; error: -; workDir: /lustre09/project/6008022/mame20/WGS_pipeline/work/61/73403a2cdc15c7a646d70be529e7aa started: 1779756942396; exited: -; ]
~> TaskHandler[jobId: 13225327; id: 26; name: gvcf_to_signalintensity (gvcf_batch_c767103a); status: RUNNING; exit: -; error: -; workDir: /lustre09/project/6008022/mame20/WGS_pipeline/work/3f/32c0a25398c692ab1a7e4a25c28021 started: 1779756942405; exited: -; ]
~> TaskHandler[jobId: 13225329; id: 27; name: gvcf_to_signalintensity (gvcf_batch_9eb97fc2); status: RUNNING; exit: -; error: -; workDir: /lustre09/project/6008022/mame20/WGS_pipeline/work/bd/2bd15edf0db48e7efd7b7d409326ac started: 1779756942410; exited: -; ]
~> TaskHandler[jobId: 13225331; id: 28; name: gvcf_to_signalintensity (gvcf_batch_8f5548f7); status: RUNNING; exit: -; error: -; workDir: /lustre09/project/6008022/mame20/WGS_pipeline/work/f6/46cecfed3bf993a12fb595bebc2f93 started: 1779756942411; exited: -; ]
~> TaskHandler[jobId: 13225332; id: 29; name: gvcf_to_signalintensity (gvcf_batch_ceba15f1); status: RUNNING; exit: -; error: -; workDir: /lustre09/project/6008022/mame20/WGS_pipeline/work/4b/7d535f728dad720806a4a1ffaf1352 started: 1779756942412; exited: -; ]
~> TaskHandler[jobId: 13225333; id: 30; name: gvcf_to_signalintensity (gvcf_batch_7145000a); status: RUNNING; exit: -; error: -; workDir: /lustre09/project/6008022/mame20/WGS_pipeline/work/89/251124cb7652fb66eda3bf89249ba7 started: 1779756942413; exited: -; ]
~> TaskHandler[jobId: 13225334; id: 31; name: gvcf_to_signalintensity (gvcf_batch_287a9b1e); status: RUNNING; exit: -; error: -; workDir: /lustre09/project/6008022/mame20/WGS_pipeline/work/e3/adc112415039a2268898bf25cc9d62 started: 1779756942414; exited: -; ]
~> TaskHandler[jobId: 13225335; id: 32; name: gvcf_to_signalintensity (gvcf_batch_2391cac3); status: RUNNING; exit: -; error: -; workDir: /lustre09/project/6008022/mame20/WGS_pipeline/work/05/5d3f5dd3d7e080e875b754e2a11216 started: 1779756942416; exited: -; ]
~> TaskHandler[jobId: 13225337; id: 33; name: gvcf_to_signalintensity (gvcf_batch_1eaa0d88); status: RUNNING; exit: -; error: -; workDir: /lustre09/project/6008022/mame20/WGS_pipeline/work/5c/d0999228556f5d72a055e8e9631700 started: 1779756942420; exited: -; ]
~> TaskHandler[jobId: 13225339; id: 34; name: gvcf_to_signalintensity (gvcf_batch_6322c706); status: RUNNING; exit: -; error: -; workDir: /lustre09/project/6008022/mame20/WGS_pipeline/work/9a/3b611f54df5011e3eabab19934192d started: 1779756942421; exited: -; ]
.. remaining tasks omitted.
May-25 21:00:38.812 [Task submitter] DEBUG nextflow.executor.GridTaskHandler - [SLURM] submitted process gvcf_to_signalintensity (gvcf_batch_8eab7f91) > jobId: 13225667; workDir: /lustre09/project/6008022/mame20/WGS_pipeline/work/3e/ae11e7609f99f997e694a3813dbdf2
May-25 21:00:38.813 [Task submitter] INFO  nextflow.Session - [3e/ae11e7] Submitted process > gvcf_to_signalintensity (gvcf_batch_8eab7f91)
May-25 21:00:44.817 [Task submitter] DEBUG nextflow.executor.GridTaskHandler - [SLURM] submitted process gvcf_to_signalintensity (gvcf_batch_da77c1c3) > jobId: 13225668; workDir: /lustre09/project/6008022/mame20/WGS_pipeline/work/12/4d070f5b2e568cc4efa3012a014120
May-25 21:00:44.818 [Task submitter] INFO  nextflow.Session - [12/4d070f] Submitted process > gvcf_to_signalintensity (gvcf_batch_da77c1c3)
May-25 21:00:50.811 [Task submitter] DEBUG nextflow.executor.GridTaskHandler - [SLURM] submitted process gvcf_to_signalintensity (gvcf_batch_c9ae1738) > jobId: 13225672; workDir: /lustre09/project/6008022/mame20/WGS_pipeline/work/7e/290cc1bfe853800c951f7cddc2021b
May-25 21:00:50.812 [Task submitter] INFO  nextflow.Session - [7e/290cc1] Submitted process > gvcf_to_signalintensity (gvcf_batch_c9ae1738)
May-25 21:00:56.809 [Task submitter] DEBUG nextflow.executor.GridTaskHandler - [SLURM] submitted process gvcf_to_signalintensity (gvcf_batch_aaba6f1a) > jobId: 13225673; workDir: /lustre09/project/6008022/mame20/WGS_pipeline/work/a6/cb0e755a94953274da347cfb7364be
May-25 21:00:56.809 [Task submitter] INFO  nextflow.Session - [a6/cb0e75] Submitted process > gvcf_to_signalintensity (gvcf_batch_aaba6f1a)
May-25 21:01:02.810 [Task submitter] DEBUG nextflow.executor.GridTaskHandler - [SLURM] submitted process gvcf_to_signalintensity (gvcf_batch_3adc720e) > jobId: 13225674; workDir: /lustre09/project/6008022/mame20/WGS_pipeline/work/dc/67a8a7cec9417493e027213f008f99
May-25 21:01:02.810 [Task submitter] INFO  nextflow.Session - [dc/67a8a7] Submitted process > gvcf_to_signalintensity (gvcf_batch_3adc720e)
May-25 21:01:08.825 [Task submitter] DEBUG nextflow.executor.GridTaskHandler - [SLURM] submitted process gvcf_to_signalintensity (gvcf_batch_570371de) > jobId: 13225678; workDir: /lustre09/project/6008022/mame20/WGS_pipeline/work/24/76fe2ed4587d554e071a8681808503
May-25 21:01:08.826 [Task submitter] INFO  nextflow.Session - [24/76fe2e] Submitted process > gvcf_to_signalintensity (gvcf_batch_570371de)
May-25 21:01:14.822 [Task submitter] DEBUG nextflow.executor.GridTaskHandler - [SLURM] submitted process gvcf_to_signalintensity (gvcf_batch_ab482caf) > jobId: 13225686; workDir: /lustre09/project/6008022/mame20/WGS_pipeline/work/fa/ca87992a67b6968138a76888c5a85b
May-25 21:01:14.823 [Task submitter] INFO  nextflow.Session - [fa/ca8799] Submitted process > gvcf_to_signalintensity (gvcf_batch_ab482caf)
May-25 21:01:20.843 [Task submitter] DEBUG nextflow.executor.GridTaskHandler - [SLURM] submitted process gvcf_to_signalintensity (gvcf_batch_b52baf2e) > jobId: 13225687; workDir: /lustre09/project/6008022/mame20/WGS_pipeline/work/18/b4c72f4023c638cc0f94116b66490c
May-25 21:01:20.843 [Task submitter] INFO  nextflow.Session - [18/b4c72f] Submitted process > gvcf_to_signalintensity (gvcf_batch_b52baf2e)
May-25 21:01:26.818 [Task submitter] DEBUG nextflow.executor.GridTaskHandler - [SLURM] submitted process gvcf_to_signalintensity (gvcf_batch_46bdb59b) > jobId: 13225688; workDir: /lustre09/project/6008022/mame20/WGS_pipeline/work/c8/0937727e109488f2d6d18f714a465f
May-25 21:01:26.819 [Task submitter] INFO  nextflow.Session - [c8/093772] Submitted process > gvcf_to_signalintensity (gvcf_batch_46bdb59b)
May-25 21:01:32.824 [Task submitter] DEBUG nextflow.executor.GridTaskHandler - [SLURM] submitted process gvcf_to_signalintensity (gvcf_batch_25c1650d) > jobId: 13225693; workDir: /lustre09/project/6008022/mame20/WGS_pipeline/work/e3/f48a4b57a72327ef0b1494144ca24e
May-25 21:01:32.824 [Task submitter] INFO  nextflow.Session - [e3/f48a4b] Submitted process > gvcf_to_signalintensity (gvcf_batch_25c1650d)
May-25 21:01:38.815 [Task submitter] DEBUG nextflow.executor.GridTaskHandler - [SLURM] submitted process gvcf_to_signalintensity (gvcf_batch_c2e176a8) > jobId: 13225697; workDir: /lustre09/project/6008022/mame20/WGS_pipeline/work/4c/dbf6ed17e3ad6f6da04346222f28e8
May-25 21:01:38.816 [Task submitter] INFO  nextflow.Session - [4c/dbf6ed] Submitted process > gvcf_to_signalintensity (gvcf_batch_c2e176a8)
May-25 21:01:44.840 [Task submitter] DEBUG nextflow.executor.GridTaskHandler - [SLURM] submitted process gvcf_to_signalintensity (gvcf_batch_72688be4) > jobId: 13225703; workDir: /lustre09/project/6008022/mame20/WGS_pipeline/work/8a/969400993c057e4c5188878254e8de
May-25 21:01:44.841 [Task submitter] INFO  nextflow.Session - [8a/969400] Submitted process > gvcf_to_signalintensity (gvcf_batch_72688be4)
May-25 21:01:50.957 [Task submitter] DEBUG nextflow.executor.GridTaskHandler - [SLURM] submitted process gvcf_to_signalintensity (gvcf_batch_75298556) > jobId: 13225755; workDir: /lustre09/project/6008022/mame20/WGS_pipeline/work/5b/7dd3f48614b4e72eae9dbef23b1cb0
May-25 21:01:50.957 [Task submitter] INFO  nextflow.Session - [5b/7dd3f4] Submitted process > gvcf_to_signalintensity (gvcf_batch_75298556)
May-25 21:01:58.580 [Task submitter] DEBUG nextflow.executor.GridTaskHandler - [SLURM] submitted process gvcf_to_signalintensity (gvcf_batch_4aa2a115) > jobId: 13225786; workDir: /lustre09/project/6008022/mame20/WGS_pipeline/work/a7/7a84a26ca2bae548d551c94edb0fdf
May-25 21:01:58.581 [Task submitter] INFO  nextflow.Session - [a7/7a84a2] Submitted process > gvcf_to_signalintensity (gvcf_batch_4aa2a115)
May-25 21:02:03.565 [Task submitter] DEBUG nextflow.executor.GridTaskHandler - [SLURM] submitted process gvcf_to_signalintensity (gvcf_batch_0dfa9d0a) > jobId: 13225790; workDir: /lustre09/project/6008022/mame20/WGS_pipeline/work/4e/46ca237f8941774883922bdec3521c
May-25 21:02:03.565 [Task submitter] INFO  nextflow.Session - [4e/46ca23] Submitted process > gvcf_to_signalintensity (gvcf_batch_0dfa9d0a)
May-25 21:02:08.830 [Task submitter] DEBUG nextflow.executor.GridTaskHandler - [SLURM] submitted process gvcf_to_signalintensity (gvcf_batch_5008e31f) > jobId: 13225793; workDir: /lustre09/project/6008022/mame20/WGS_pipeline/work/97/c1d6d2efa5554f85604ec74de2f3f8
May-25 21:02:08.831 [Task submitter] INFO  nextflow.Session - [97/c1d6d2] Submitted process > gvcf_to_signalintensity (gvcf_batch_5008e31f)
May-25 21:02:14.856 [Task submitter] DEBUG nextflow.executor.GridTaskHandler - [SLURM] submitted process gvcf_to_signalintensity (gvcf_batch_a4a1668c) > jobId: 13225798; workDir: /lustre09/project/6008022/mame20/WGS_pipeline/work/5a/72feabd657a56824638efaf45a0cd3
May-25 21:02:14.857 [Task submitter] INFO  nextflow.Session - [5a/72feab] Submitted process > gvcf_to_signalintensity (gvcf_batch_a4a1668c)
May-25 21:02:20.832 [Task submitter] DEBUG nextflow.executor.GridTaskHandler - [SLURM] submitted process gvcf_to_signalintensity (gvcf_batch_18ae2e0f) > jobId: 13225799; workDir: /lustre09/project/6008022/mame20/WGS_pipeline/work/ae/dbacfce89da0f61224fba9e4a6a1ab
May-25 21:02:20.833 [Task submitter] INFO  nextflow.Session - [ae/dbacfc] Submitted process > gvcf_to_signalintensity (gvcf_batch_18ae2e0f)
May-25 21:02:26.859 [Task submitter] DEBUG nextflow.executor.GridTaskHandler - [SLURM] submitted process gvcf_to_signalintensity (gvcf_batch_5bfc6541) > jobId: 13225801; workDir: /lustre09/project/6008022/mame20/WGS_pipeline/work/7e/cb966514297531b3efce4dfe773544
May-25 21:02:26.860 [Task submitter] INFO  nextflow.Session - [7e/cb9665] Submitted process > gvcf_to_signalintensity (gvcf_batch_5bfc6541)
May-25 21:02:32.838 [Task submitter] DEBUG nextflow.executor.GridTaskHandler - [SLURM] submitted process gvcf_to_signalintensity (gvcf_batch_7eef47e1) > jobId: 13225802; workDir: /lustre09/project/6008022/mame20/WGS_pipeline/work/3d/f3f346e7d696f49a4d3b82ed486db3
May-25 21:02:32.838 [Task submitter] INFO  nextflow.Session - [3d/f3f346] Submitted process > gvcf_to_signalintensity (gvcf_batch_7eef47e1)
May-25 21:02:38.821 [Task submitter] DEBUG nextflow.executor.GridTaskHandler - [SLURM] submitted process gvcf_to_signalintensity (gvcf_batch_879d6b69) > jobId: 13225805; workDir: /lustre09/project/6008022/mame20/WGS_pipeline/work/e7/0cf121cfaf04d8bc692c75b9368bc8
May-25 21:02:38.822 [Task submitter] INFO  nextflow.Session - [e7/0cf121] Submitted process > gvcf_to_signalintensity (gvcf_batch_879d6b69)
May-25 21:02:44.979 [Task submitter] DEBUG nextflow.executor.GridTaskHandler - [SLURM] submitted process gvcf_to_signalintensity (gvcf_batch_4ce568dd) > jobId: 13225810; workDir: /lustre09/project/6008022/mame20/WGS_pipeline/work/b0/2ee6f74b89f59ae113e9bda1af5b65
May-25 21:02:44.979 [Task submitter] INFO  nextflow.Session - [b0/2ee6f7] Submitted process > gvcf_to_signalintensity (gvcf_batch_4ce568dd)
May-25 21:02:50.919 [Task submitter] DEBUG nextflow.executor.GridTaskHandler - [SLURM] submitted process gvcf_to_signalintensity (gvcf_batch_d1271e3d) > jobId: 13225819; workDir: /lustre09/project/6008022/mame20/WGS_pipeline/work/82/4f95bd589f6a6d2a7408d1158f10cf
May-25 21:02:50.920 [Task submitter] INFO  nextflow.Session - [82/4f95bd] Submitted process > gvcf_to_signalintensity (gvcf_batch_d1271e3d)
May-25 21:02:56.828 [Task submitter] DEBUG nextflow.executor.GridTaskHandler - [SLURM] submitted process gvcf_to_signalintensity (gvcf_batch_8bd43792) > jobId: 13225830; workDir: /lustre09/project/6008022/mame20/WGS_pipeline/work/e4/24975649796d00454ac5a83164f8f1
May-25 21:02:56.829 [Task submitter] INFO  nextflow.Session - [e4/249756] Submitted process > gvcf_to_signalintensity (gvcf_batch_8bd43792)
May-25 21:03:02.827 [Task submitter] DEBUG nextflow.executor.GridTaskHandler - [SLURM] submitted process gvcf_to_signalintensity (gvcf_batch_a92b3013) > jobId: 13225834; workDir: /lustre09/project/6008022/mame20/WGS_pipeline/work/41/cfc84ca98c560eddc0f16c9e14a56f
May-25 21:03:02.827 [Task submitter] INFO  nextflow.Session - [41/cfc84c] Submitted process > gvcf_to_signalintensity (gvcf_batch_a92b3013)
May-25 21:03:08.852 [Task submitter] DEBUG nextflow.executor.GridTaskHandler - [SLURM] submitted process gvcf_to_signalintensity (gvcf_batch_0f31b33a) > jobId: 13225845; workDir: /lustre09/project/6008022/mame20/WGS_pipeline/work/3e/0ca123e1c6fe2ad895591f561d1835
May-25 21:03:08.852 [Task submitter] INFO  nextflow.Session - [3e/0ca123] Submitted process > gvcf_to_signalintensity (gvcf_batch_0f31b33a)
May-25 21:03:14.828 [Task submitter] DEBUG nextflow.executor.GridTaskHandler - [SLURM] submitted process gvcf_to_signalintensity (gvcf_batch_abbf276d) > jobId: 13225852; workDir: /lustre09/project/6008022/mame20/WGS_pipeline/work/fc/20431d5864724cb4cd079c247b8aa9
May-25 21:03:14.828 [Task submitter] INFO  nextflow.Session - [fc/20431d] Submitted process > gvcf_to_signalintensity (gvcf_batch_abbf276d)
May-25 21:03:20.842 [Task submitter] DEBUG nextflow.executor.GridTaskHandler - [SLURM] submitted process gvcf_to_signalintensity (gvcf_batch_b17bacd8) > jobId: 13225874; workDir: /lustre09/project/6008022/mame20/WGS_pipeline/work/fc/99eb0e07dee50ad8a5c3723e1af581
May-25 21:03:20.842 [Task submitter] INFO  nextflow.Session - [fc/99eb0e] Submitted process > gvcf_to_signalintensity (gvcf_batch_b17bacd8)
May-25 21:03:26.827 [Task submitter] DEBUG nextflow.executor.GridTaskHandler - [SLURM] submitted process gvcf_to_signalintensity (gvcf_batch_982eaa9a) > jobId: 13225898; workDir: /lustre09/project/6008022/mame20/WGS_pipeline/work/b4/d532bf6aaae37ef9d5b53576c57233
May-25 21:03:26.827 [Task submitter] INFO  nextflow.Session - [b4/d532bf] Submitted process > gvcf_to_signalintensity (gvcf_batch_982eaa9a)
May-25 21:03:32.824 [Task submitter] DEBUG nextflow.executor.GridTaskHandler - [SLURM] submitted process gvcf_to_signalintensity (gvcf_batch_2e30314b) > jobId: 13225910; workDir: /lustre09/project/6008022/mame20/WGS_pipeline/work/d9/34e6734a66f9797e1fd7ec18bb6d65
May-25 21:03:32.824 [Task submitter] INFO  nextflow.Session - [d9/34e673] Submitted process > gvcf_to_signalintensity (gvcf_batch_2e30314b)
May-25 21:03:38.824 [Task submitter] DEBUG nextflow.executor.GridTaskHandler - [SLURM] submitted process gvcf_to_signalintensity (gvcf_batch_da2ad971) > jobId: 13225929; workDir: /lustre09/project/6008022/mame20/WGS_pipeline/work/ad/3108f9a94dbe4a98f91c6acae031af
May-25 21:03:38.824 [Task submitter] INFO  nextflow.Session - [ad/3108f9] Submitted process > gvcf_to_signalintensity (gvcf_batch_da2ad971)
May-25 21:03:44.828 [Task submitter] DEBUG nextflow.executor.GridTaskHandler - [SLURM] submitted process gvcf_to_signalintensity (gvcf_batch_eeb0270e) > jobId: 13225931; workDir: /lustre09/project/6008022/mame20/WGS_pipeline/work/9b/3332b211a24e4ba45f16fd3d939690
May-25 21:03:44.828 [Task submitter] INFO  nextflow.Session - [9b/3332b2] Submitted process > gvcf_to_signalintensity (gvcf_batch_eeb0270e)
May-25 21:03:50.828 [Task submitter] DEBUG nextflow.executor.GridTaskHandler - [SLURM] submitted process gvcf_to_signalintensity (gvcf_batch_33c83cdb) > jobId: 13225936; workDir: /lustre09/project/6008022/mame20/WGS_pipeline/work/3d/6fda114e0062cb643a754e9f2cab96
May-25 21:03:50.829 [Task submitter] INFO  nextflow.Session - [3d/6fda11] Submitted process > gvcf_to_signalintensity (gvcf_batch_33c83cdb)
May-25 21:05:37.417 [Task monitor] DEBUG n.processor.TaskPollingMonitor - !! executor slurm > tasks to be completed: 100 -- submitted tasks are shown below
~> TaskHandler[jobId: 13225325; id: 25; name: gvcf_to_signalintensity (gvcf_batch_f2f9b7ff); status: RUNNING; exit: -; error: -; workDir: /lustre09/project/6008022/mame20/WGS_pipeline/work/61/73403a2cdc15c7a646d70be529e7aa started: 1779756942396; exited: -; ]
~> TaskHandler[jobId: 13225327; id: 26; name: gvcf_to_signalintensity (gvcf_batch_c767103a); status: RUNNING; exit: -; error: -; workDir: /lustre09/project/6008022/mame20/WGS_pipeline/work/3f/32c0a25398c692ab1a7e4a25c28021 started: 1779756942405; exited: -; ]
~> TaskHandler[jobId: 13225329; id: 27; name: gvcf_to_signalintensity (gvcf_batch_9eb97fc2); status: RUNNING; exit: -; error: -; workDir: /lustre09/project/6008022/mame20/WGS_pipeline/work/bd/2bd15edf0db48e7efd7b7d409326ac started: 1779756942410; exited: -; ]
~> TaskHandler[jobId: 13225331; id: 28; name: gvcf_to_signalintensity (gvcf_batch_8f5548f7); status: RUNNING; exit: -; error: -; workDir: /lustre09/project/6008022/mame20/WGS_pipeline/work/f6/46cecfed3bf993a12fb595bebc2f93 started: 1779756942411; exited: -; ]
~> TaskHandler[jobId: 13225332; id: 29; name: gvcf_to_signalintensity (gvcf_batch_ceba15f1); status: RUNNING; exit: -; error: -; workDir: /lustre09/project/6008022/mame20/WGS_pipeline/work/4b/7d535f728dad720806a4a1ffaf1352 started: 1779756942412; exited: -; ]
~> TaskHandler[jobId: 13225333; id: 30; name: gvcf_to_signalintensity (gvcf_batch_7145000a); status: RUNNING; exit: -; error: -; workDir: /lustre09/project/6008022/mame20/WGS_pipeline/work/89/251124cb7652fb66eda3bf89249ba7 started: 1779756942413; exited: -; ]
~> TaskHandler[jobId: 13225334; id: 31; name: gvcf_to_signalintensity (gvcf_batch_287a9b1e); status: RUNNING; exit: -; error: -; workDir: /lustre09/project/6008022/mame20/WGS_pipeline/work/e3/adc112415039a2268898bf25cc9d62 started: 1779756942414; exited: -; ]
~> TaskHandler[jobId: 13225335; id: 32; name: gvcf_to_signalintensity (gvcf_batch_2391cac3); status: RUNNING; exit: -; error: -; workDir: /lustre09/project/6008022/mame20/WGS_pipeline/work/05/5d3f5dd3d7e080e875b754e2a11216 started: 1779756942416; exited: -; ]
~> TaskHandler[jobId: 13225337; id: 33; name: gvcf_to_signalintensity (gvcf_batch_1eaa0d88); status: RUNNING; exit: -; error: -; workDir: /lustre09/project/6008022/mame20/WGS_pipeline/work/5c/d0999228556f5d72a055e8e9631700 started: 1779756942420; exited: -; ]
~> TaskHandler[jobId: 13225339; id: 34; name: gvcf_to_signalintensity (gvcf_batch_6322c706); status: RUNNING; exit: -; error: -; workDir: /lustre09/project/6008022/mame20/WGS_pipeline/work/9a/3b611f54df5011e3eabab19934192d started: 1779756942421; exited: -; ]
.. remaining tasks omitted.
May-25 21:09:08.768 [Task submitter] DEBUG n.processor.TaskPollingMonitor - %% executor slurm > tasks in the submission queue: 1 -- tasks to be submitted are shown below
~> TaskHandler[jobId: null; id: 125; name: gvcf_to_signalintensity (gvcf_batch_d8739173); status: NEW; exit: -; error: -; workDir: /lustre09/project/6008022/mame20/WGS_pipeline/work/e6/dc9ad49b7f6ff20fc165074555a1ea started: -; exited: -; ]
May-25 21:10:37.441 [Task monitor] DEBUG n.processor.TaskPollingMonitor - !! executor slurm > tasks to be completed: 100 -- submitted tasks are shown below
~> TaskHandler[jobId: 13225325; id: 25; name: gvcf_to_signalintensity (gvcf_batch_f2f9b7ff); status: RUNNING; exit: -; error: -; workDir: /lustre09/project/6008022/mame20/WGS_pipeline/work/61/73403a2cdc15c7a646d70be529e7aa started: 1779756942396; exited: -; ]
~> TaskHandler[jobId: 13225327; id: 26; name: gvcf_to_signalintensity (gvcf_batch_c767103a); status: RUNNING; exit: -; error: -; workDir: /lustre09/project/6008022/mame20/WGS_pipeline/work/3f/32c0a25398c692ab1a7e4a25c28021 started: 1779756942405; exited: -; ]
~> TaskHandler[jobId: 13225329; id: 27; name: gvcf_to_signalintensity (gvcf_batch_9eb97fc2); status: RUNNING; exit: -; error: -; workDir: /lustre09/project/6008022/mame20/WGS_pipeline/work/bd/2bd15edf0db48e7efd7b7d409326ac started: 1779756942410; exited: -; ]
~> TaskHandler[jobId: 13225331; id: 28; name: gvcf_to_signalintensity (gvcf_batch_8f5548f7); status: RUNNING; exit: -; error: -; workDir: /lustre09/project/6008022/mame20/WGS_pipeline/work/f6/46cecfed3bf993a12fb595bebc2f93 started: 1779756942411; exited: -; ]
~> TaskHandler[jobId: 13225332; id: 29; name: gvcf_to_signalintensity (gvcf_batch_ceba15f1); status: RUNNING; exit: -; error: -; workDir: /lustre09/project/6008022/mame20/WGS_pipeline/work/4b/7d535f728dad720806a4a1ffaf1352 started: 1779756942412; exited: -; ]
~> TaskHandler[jobId: 13225333; id: 30; name: gvcf_to_signalintensity (gvcf_batch_7145000a); status: RUNNING; exit: -; error: -; workDir: /lustre09/project/6008022/mame20/WGS_pipeline/work/89/251124cb7652fb66eda3bf89249ba7 started: 1779756942413; exited: -; ]
~> TaskHandler[jobId: 13225334; id: 31; name: gvcf_to_signalintensity (gvcf_batch_287a9b1e); status: RUNNING; exit: -; error: -; workDir: /lustre09/project/6008022/mame20/WGS_pipeline/work/e3/adc112415039a2268898bf25cc9d62 started: 1779756942414; exited: -; ]
~> TaskHandler[jobId: 13225335; id: 32; name: gvcf_to_signalintensity (gvcf_batch_2391cac3); status: RUNNING; exit: -; error: -; workDir: /lustre09/project/6008022/mame20/WGS_pipeline/work/05/5d3f5dd3d7e080e875b754e2a11216 started: 1779756942416; exited: -; ]
~> TaskHandler[jobId: 13225337; id: 33; name: gvcf_to_signalintensity (gvcf_batch_1eaa0d88); status: RUNNING; exit: -; error: -; workDir: /lustre09/project/6008022/mame20/WGS_pipeline/work/5c/d0999228556f5d72a055e8e9631700 started: 1779756942420; exited: -; ]
~> TaskHandler[jobId: 13225339; id: 34; name: gvcf_to_signalintensity (gvcf_batch_6322c706); status: RUNNING; exit: -; error: -; workDir: /lustre09/project/6008022/mame20/WGS_pipeline/work/9a/3b611f54df5011e3eabab19934192d started: 1779756942421; exited: -; ]
.. remaining tasks omitted.
May-25 21:14:14.767 [Task submitter] DEBUG n.processor.TaskPollingMonitor - %% executor slurm > tasks in the submission queue: 1 -- tasks to be submitted are shown below
~> TaskHandler[jobId: null; id: 125; name: gvcf_to_signalintensity (gvcf_batch_d8739173); status: NEW; exit: -; error: -; workDir: /lustre09/project/6008022/mame20/WGS_pipeline/work/e6/dc9ad49b7f6ff20fc165074555a1ea started: -; exited: -; ]
May-25 21:15:37.454 [Task monitor] DEBUG n.processor.TaskPollingMonitor - !! executor slurm > tasks to be completed: 100 -- submitted tasks are shown below
~> TaskHandler[jobId: 13225325; id: 25; name: gvcf_to_signalintensity (gvcf_batch_f2f9b7ff); status: RUNNING; exit: -; error: -; workDir: /lustre09/project/6008022/mame20/WGS_pipeline/work/61/73403a2cdc15c7a646d70be529e7aa started: 1779756942396; exited: -; ]
~> TaskHandler[jobId: 13225327; id: 26; name: gvcf_to_signalintensity (gvcf_batch_c767103a); status: RUNNING; exit: -; error: -; workDir: /lustre09/project/6008022/mame20/WGS_pipeline/work/3f/32c0a25398c692ab1a7e4a25c28021 started: 1779756942405; exited: -; ]
~> TaskHandler[jobId: 13225329; id: 27; name: gvcf_to_signalintensity (gvcf_batch_9eb97fc2); status: RUNNING; exit: -; error: -; workDir: /lustre09/project/6008022/mame20/WGS_pipeline/work/bd/2bd15edf0db48e7efd7b7d409326ac started: 1779756942410; exited: -; ]
~> TaskHandler[jobId: 13225331; id: 28; name: gvcf_to_signalintensity (gvcf_batch_8f5548f7); status: RUNNING; exit: -; error: -; workDir: /lustre09/project/6008022/mame20/WGS_pipeline/work/f6/46cecfed3bf993a12fb595bebc2f93 started: 1779756942411; exited: -; ]
~> TaskHandler[jobId: 13225332; id: 29; name: gvcf_to_signalintensity (gvcf_batch_ceba15f1); status: RUNNING; exit: -; error: -; workDir: /lustre09/project/6008022/mame20/WGS_pipeline/work/4b/7d535f728dad720806a4a1ffaf1352 started: 1779756942412; exited: -; ]
~> TaskHandler[jobId: 13225333; id: 30; name: gvcf_to_signalintensity (gvcf_batch_7145000a); status: RUNNING; exit: -; error: -; workDir: /lustre09/project/6008022/mame20/WGS_pipeline/work/89/251124cb7652fb66eda3bf89249ba7 started: 1779756942413; exited: -; ]
~> TaskHandler[jobId: 13225334; id: 31; name: gvcf_to_signalintensity (gvcf_batch_287a9b1e); status: RUNNING; exit: -; error: -; workDir: /lustre09/project/6008022/mame20/WGS_pipeline/work/e3/adc112415039a2268898bf25cc9d62 started: 1779756942414; exited: -; ]
~> TaskHandler[jobId: 13225335; id: 32; name: gvcf_to_signalintensity (gvcf_batch_2391cac3); status: RUNNING; exit: -; error: -; workDir: /lustre09/project/6008022/mame20/WGS_pipeline/work/05/5d3f5dd3d7e080e875b754e2a11216 started: 1779756942416; exited: -; ]
~> TaskHandler[jobId: 13225337; id: 33; name: gvcf_to_signalintensity (gvcf_batch_1eaa0d88); status: RUNNING; exit: -; error: -; workDir: /lustre09/project/6008022/mame20/WGS_pipeline/work/5c/d0999228556f5d72a055e8e9631700 started: 1779756942420; exited: -; ]
~> TaskHandler[jobId: 13225339; id: 34; name: gvcf_to_signalintensity (gvcf_batch_6322c706); status: RUNNING; exit: -; error: -; workDir: /lustre09/project/6008022/mame20/WGS_pipeline/work/9a/3b611f54df5011e3eabab19934192d started: 1779756942421; exited: -; ]
.. remaining tasks omitted.
May-25 21:19:20.767 [Task submitter] DEBUG n.processor.TaskPollingMonitor - %% executor slurm > tasks in the submission queue: 1 -- tasks to be submitted are shown below
~> TaskHandler[jobId: null; id: 125; name: gvcf_to_signalintensity (gvcf_batch_d8739173); status: NEW; exit: -; error: -; workDir: /lustre09/project/6008022/mame20/WGS_pipeline/work/e6/dc9ad49b7f6ff20fc165074555a1ea started: -; exited: -; ]
May-25 21:20:37.468 [Task monitor] DEBUG n.processor.TaskPollingMonitor - !! executor slurm > tasks to be completed: 100 -- submitted tasks are shown below
~> TaskHandler[jobId: 13225325; id: 25; name: gvcf_to_signalintensity (gvcf_batch_f2f9b7ff); status: RUNNING; exit: -; error: -; workDir: /lustre09/project/6008022/mame20/WGS_pipeline/work/61/73403a2cdc15c7a646d70be529e7aa started: 1779756942396; exited: -; ]
~> TaskHandler[jobId: 13225327; id: 26; name: gvcf_to_signalintensity (gvcf_batch_c767103a); status: RUNNING; exit: -; error: -; workDir: /lustre09/project/6008022/mame20/WGS_pipeline/work/3f/32c0a25398c692ab1a7e4a25c28021 started: 1779756942405; exited: -; ]
~> TaskHandler[jobId: 13225329; id: 27; name: gvcf_to_signalintensity (gvcf_batch_9eb97fc2); status: RUNNING; exit: -; error: -; workDir: /lustre09/project/6008022/mame20/WGS_pipeline/work/bd/2bd15edf0db48e7efd7b7d409326ac started: 1779756942410; exited: -; ]
~> TaskHandler[jobId: 13225331; id: 28; name: gvcf_to_signalintensity (gvcf_batch_8f5548f7); status: RUNNING; exit: -; error: -; workDir: /lustre09/project/6008022/mame20/WGS_pipeline/work/f6/46cecfed3bf993a12fb595bebc2f93 started: 1779756942411; exited: -; ]
~> TaskHandler[jobId: 13225332; id: 29; name: gvcf_to_signalintensity (gvcf_batch_ceba15f1); status: RUNNING; exit: -; error: -; workDir: /lustre09/project/6008022/mame20/WGS_pipeline/work/4b/7d535f728dad720806a4a1ffaf1352 started: 1779756942412; exited: -; ]
~> TaskHandler[jobId: 13225333; id: 30; name: gvcf_to_signalintensity (gvcf_batch_7145000a); status: RUNNING; exit: -; error: -; workDir: /lustre09/project/6008022/mame20/WGS_pipeline/work/89/251124cb7652fb66eda3bf89249ba7 started: 1779756942413; exited: -; ]
~> TaskHandler[jobId: 13225334; id: 31; name: gvcf_to_signalintensity (gvcf_batch_287a9b1e); status: RUNNING; exit: -; error: -; workDir: /lustre09/project/6008022/mame20/WGS_pipeline/work/e3/adc112415039a2268898bf25cc9d62 started: 1779756942414; exited: -; ]
~> TaskHandler[jobId: 13225335; id: 32; name: gvcf_to_signalintensity (gvcf_batch_2391cac3); status: RUNNING; exit: -; error: -; workDir: /lustre09/project/6008022/mame20/WGS_pipeline/work/05/5d3f5dd3d7e080e875b754e2a11216 started: 1779756942416; exited: -; ]
~> TaskHandler[jobId: 13225337; id: 33; name: gvcf_to_signalintensity (gvcf_batch_1eaa0d88); status: RUNNING; exit: -; error: -; workDir: /lustre09/project/6008022/mame20/WGS_pipeline/work/5c/d0999228556f5d72a055e8e9631700 started: 1779756942420; exited: -; ]
~> TaskHandler[jobId: 13225339; id: 34; name: gvcf_to_signalintensity (gvcf_batch_6322c706); status: RUNNING; exit: -; error: -; workDir: /lustre09/project/6008022/mame20/WGS_pipeline/work/9a/3b611f54df5011e3eabab19934192d started: 1779756942421; exited: -; ]
.. remaining tasks omitted.
May-25 21:24:26.767 [Task submitter] DEBUG n.processor.TaskPollingMonitor - %% executor slurm > tasks in the submission queue: 1 -- tasks to be submitted are shown below
~> TaskHandler[jobId: null; id: 125; name: gvcf_to_signalintensity (gvcf_batch_d8739173); status: NEW; exit: -; error: -; workDir: /lustre09/project/6008022/mame20/WGS_pipeline/work/e6/dc9ad49b7f6ff20fc165074555a1ea started: -; exited: -; ]
May-25 21:25:37.484 [Task monitor] DEBUG n.processor.TaskPollingMonitor - !! executor slurm > tasks to be completed: 100 -- submitted tasks are shown below
~> TaskHandler[jobId: 13225325; id: 25; name: gvcf_to_signalintensity (gvcf_batch_f2f9b7ff); status: RUNNING; exit: -; error: -; workDir: /lustre09/project/6008022/mame20/WGS_pipeline/work/61/73403a2cdc15c7a646d70be529e7aa started: 1779756942396; exited: -; ]
~> TaskHandler[jobId: 13225327; id: 26; name: gvcf_to_signalintensity (gvcf_batch_c767103a); status: RUNNING; exit: -; error: -; workDir: /lustre09/project/6008022/mame20/WGS_pipeline/work/3f/32c0a25398c692ab1a7e4a25c28021 started: 1779756942405; exited: -; ]
~> TaskHandler[jobId: 13225329; id: 27; name: gvcf_to_signalintensity (gvcf_batch_9eb97fc2); status: RUNNING; exit: -; error: -; workDir: /lustre09/project/6008022/mame20/WGS_pipeline/work/bd/2bd15edf0db48e7efd7b7d409326ac started: 1779756942410; exited: -; ]
~> TaskHandler[jobId: 13225331; id: 28; name: gvcf_to_signalintensity (gvcf_batch_8f5548f7); status: RUNNING; exit: -; error: -; workDir: /lustre09/project/6008022/mame20/WGS_pipeline/work/f6/46cecfed3bf993a12fb595bebc2f93 started: 1779756942411; exited: -; ]
~> TaskHandler[jobId: 13225332; id: 29; name: gvcf_to_signalintensity (gvcf_batch_ceba15f1); status: RUNNING; exit: -; error: -; workDir: /lustre09/project/6008022/mame20/WGS_pipeline/work/4b/7d535f728dad720806a4a1ffaf1352 started: 1779756942412; exited: -; ]
~> TaskHandler[jobId: 13225333; id: 30; name: gvcf_to_signalintensity (gvcf_batch_7145000a); status: RUNNING; exit: -; error: -; workDir: /lustre09/project/6008022/mame20/WGS_pipeline/work/89/251124cb7652fb66eda3bf89249ba7 started: 1779756942413; exited: -; ]
~> TaskHandler[jobId: 13225334; id: 31; name: gvcf_to_signalintensity (gvcf_batch_287a9b1e); status: RUNNING; exit: -; error: -; workDir: /lustre09/project/6008022/mame20/WGS_pipeline/work/e3/adc112415039a2268898bf25cc9d62 started: 1779756942414; exited: -; ]
~> TaskHandler[jobId: 13225335; id: 32; name: gvcf_to_signalintensity (gvcf_batch_2391cac3); status: RUNNING; exit: -; error: -; workDir: /lustre09/project/6008022/mame20/WGS_pipeline/work/05/5d3f5dd3d7e080e875b754e2a11216 started: 1779756942416; exited: -; ]
~> TaskHandler[jobId: 13225337; id: 33; name: gvcf_to_signalintensity (gvcf_batch_1eaa0d88); status: RUNNING; exit: -; error: -; workDir: /lustre09/project/6008022/mame20/WGS_pipeline/work/5c/d0999228556f5d72a055e8e9631700 started: 1779756942420; exited: -; ]
~> TaskHandler[jobId: 13225339; id: 34; name: gvcf_to_signalintensity (gvcf_batch_6322c706); status: RUNNING; exit: -; error: -; workDir: /lustre09/project/6008022/mame20/WGS_pipeline/work/9a/3b611f54df5011e3eabab19934192d started: 1779756942421; exited: -; ]
.. remaining tasks omitted.
May-25 21:29:32.766 [Task submitter] DEBUG n.processor.TaskPollingMonitor - %% executor slurm > tasks in the submission queue: 1 -- tasks to be submitted are shown below
~> TaskHandler[jobId: null; id: 125; name: gvcf_to_signalintensity (gvcf_batch_d8739173); status: NEW; exit: -; error: -; workDir: /lustre09/project/6008022/mame20/WGS_pipeline/work/e6/dc9ad49b7f6ff20fc165074555a1ea started: -; exited: -; ]
May-25 21:30:37.495 [Task monitor] DEBUG n.processor.TaskPollingMonitor - !! executor slurm > tasks to be completed: 100 -- submitted tasks are shown below
~> TaskHandler[jobId: 13225325; id: 25; name: gvcf_to_signalintensity (gvcf_batch_f2f9b7ff); status: RUNNING; exit: -; error: -; workDir: /lustre09/project/6008022/mame20/WGS_pipeline/work/61/73403a2cdc15c7a646d70be529e7aa started: 1779756942396; exited: -; ]
~> TaskHandler[jobId: 13225327; id: 26; name: gvcf_to_signalintensity (gvcf_batch_c767103a); status: RUNNING; exit: -; error: -; workDir: /lustre09/project/6008022/mame20/WGS_pipeline/work/3f/32c0a25398c692ab1a7e4a25c28021 started: 1779756942405; exited: -; ]
~> TaskHandler[jobId: 13225329; id: 27; name: gvcf_to_signalintensity (gvcf_batch_9eb97fc2); status: RUNNING; exit: -; error: -; workDir: /lustre09/project/6008022/mame20/WGS_pipeline/work/bd/2bd15edf0db48e7efd7b7d409326ac started: 1779756942410; exited: -; ]
~> TaskHandler[jobId: 13225331; id: 28; name: gvcf_to_signalintensity (gvcf_batch_8f5548f7); status: RUNNING; exit: -; error: -; workDir: /lustre09/project/6008022/mame20/WGS_pipeline/work/f6/46cecfed3bf993a12fb595bebc2f93 started: 1779756942411; exited: -; ]
~> TaskHandler[jobId: 13225332; id: 29; name: gvcf_to_signalintensity (gvcf_batch_ceba15f1); status: RUNNING; exit: -; error: -; workDir: /lustre09/project/6008022/mame20/WGS_pipeline/work/4b/7d535f728dad720806a4a1ffaf1352 started: 1779756942412; exited: -; ]
~> TaskHandler[jobId: 13225333; id: 30; name: gvcf_to_signalintensity (gvcf_batch_7145000a); status: RUNNING; exit: -; error: -; workDir: /lustre09/project/6008022/mame20/WGS_pipeline/work/89/251124cb7652fb66eda3bf89249ba7 started: 1779756942413; exited: -; ]
~> TaskHandler[jobId: 13225334; id: 31; name: gvcf_to_signalintensity (gvcf_batch_287a9b1e); status: RUNNING; exit: -; error: -; workDir: /lustre09/project/6008022/mame20/WGS_pipeline/work/e3/adc112415039a2268898bf25cc9d62 started: 1779756942414; exited: -; ]
~> TaskHandler[jobId: 13225335; id: 32; name: gvcf_to_signalintensity (gvcf_batch_2391cac3); status: RUNNING; exit: -; error: -; workDir: /lustre09/project/6008022/mame20/WGS_pipeline/work/05/5d3f5dd3d7e080e875b754e2a11216 started: 1779756942416; exited: -; ]
~> TaskHandler[jobId: 13225337; id: 33; name: gvcf_to_signalintensity (gvcf_batch_1eaa0d88); status: RUNNING; exit: -; error: -; workDir: /lustre09/project/6008022/mame20/WGS_pipeline/work/5c/d0999228556f5d72a055e8e9631700 started: 1779756942420; exited: -; ]
~> TaskHandler[jobId: 13225339; id: 34; name: gvcf_to_signalintensity (gvcf_batch_6322c706); status: RUNNING; exit: -; error: -; workDir: /lustre09/project/6008022/mame20/WGS_pipeline/work/9a/3b611f54df5011e3eabab19934192d started: 1779756942421; exited: -; ]
.. remaining tasks omitted.
May-25 21:34:38.767 [Task submitter] DEBUG n.processor.TaskPollingMonitor - %% executor slurm > tasks in the submission queue: 1 -- tasks to be submitted are shown below
~> TaskHandler[jobId: null; id: 125; name: gvcf_to_signalintensity (gvcf_batch_d8739173); status: NEW; exit: -; error: -; workDir: /lustre09/project/6008022/mame20/WGS_pipeline/work/e6/dc9ad49b7f6ff20fc165074555a1ea started: -; exited: -; ]
May-25 21:35:37.507 [Task monitor] DEBUG n.processor.TaskPollingMonitor - !! executor slurm > tasks to be completed: 100 -- submitted tasks are shown below
~> TaskHandler[jobId: 13225325; id: 25; name: gvcf_to_signalintensity (gvcf_batch_f2f9b7ff); status: RUNNING; exit: -; error: -; workDir: /lustre09/project/6008022/mame20/WGS_pipeline/work/61/73403a2cdc15c7a646d70be529e7aa started: 1779756942396; exited: -; ]
~> TaskHandler[jobId: 13225327; id: 26; name: gvcf_to_signalintensity (gvcf_batch_c767103a); status: RUNNING; exit: -; error: -; workDir: /lustre09/project/6008022/mame20/WGS_pipeline/work/3f/32c0a25398c692ab1a7e4a25c28021 started: 1779756942405; exited: -; ]
~> TaskHandler[jobId: 13225329; id: 27; name: gvcf_to_signalintensity (gvcf_batch_9eb97fc2); status: RUNNING; exit: -; error: -; workDir: /lustre09/project/6008022/mame20/WGS_pipeline/work/bd/2bd15edf0db48e7efd7b7d409326ac started: 1779756942410; exited: -; ]
~> TaskHandler[jobId: 13225331; id: 28; name: gvcf_to_signalintensity (gvcf_batch_8f5548f7); status: RUNNING; exit: -; error: -; workDir: /lustre09/project/6008022/mame20/WGS_pipeline/work/f6/46cecfed3bf993a12fb595bebc2f93 started: 1779756942411; exited: -; ]
~> TaskHandler[jobId: 13225332; id: 29; name: gvcf_to_signalintensity (gvcf_batch_ceba15f1); status: RUNNING; exit: -; error: -; workDir: /lustre09/project/6008022/mame20/WGS_pipeline/work/4b/7d535f728dad720806a4a1ffaf1352 started: 1779756942412; exited: -; ]
~> TaskHandler[jobId: 13225333; id: 30; name: gvcf_to_signalintensity (gvcf_batch_7145000a); status: RUNNING; exit: -; error: -; workDir: /lustre09/project/6008022/mame20/WGS_pipeline/work/89/251124cb7652fb66eda3bf89249ba7 started: 1779756942413; exited: -; ]
~> TaskHandler[jobId: 13225334; id: 31; name: gvcf_to_signalintensity (gvcf_batch_287a9b1e); status: RUNNING; exit: -; error: -; workDir: /lustre09/project/6008022/mame20/WGS_pipeline/work/e3/adc112415039a2268898bf25cc9d62 started: 1779756942414; exited: -; ]
~> TaskHandler[jobId: 13225335; id: 32; name: gvcf_to_signalintensity (gvcf_batch_2391cac3); status: RUNNING; exit: -; error: -; workDir: /lustre09/project/6008022/mame20/WGS_pipeline/work/05/5d3f5dd3d7e080e875b754e2a11216 started: 1779756942416; exited: -; ]
~> TaskHandler[jobId: 13225337; id: 33; name: gvcf_to_signalintensity (gvcf_batch_1eaa0d88); status: RUNNING; exit: -; error: -; workDir: /lustre09/project/6008022/mame20/WGS_pipeline/work/5c/d0999228556f5d72a055e8e9631700 started: 1779756942420; exited: -; ]
~> TaskHandler[jobId: 13225339; id: 34; name: gvcf_to_signalintensity (gvcf_batch_6322c706); status: RUNNING; exit: -; error: -; workDir: /lustre09/project/6008022/mame20/WGS_pipeline/work/9a/3b611f54df5011e3eabab19934192d started: 1779756942421; exited: -; ]
.. remaining tasks omitted.
May-25 21:39:44.766 [Task submitter] DEBUG n.processor.TaskPollingMonitor - %% executor slurm > tasks in the submission queue: 1 -- tasks to be submitted are shown below
~> TaskHandler[jobId: null; id: 125; name: gvcf_to_signalintensity (gvcf_batch_d8739173); status: NEW; exit: -; error: -; workDir: /lustre09/project/6008022/mame20/WGS_pipeline/work/e6/dc9ad49b7f6ff20fc165074555a1ea started: -; exited: -; ]
May-25 21:40:37.521 [Task monitor] DEBUG n.processor.TaskPollingMonitor - !! executor slurm > tasks to be completed: 100 -- submitted tasks are shown below
~> TaskHandler[jobId: 13225325; id: 25; name: gvcf_to_signalintensity (gvcf_batch_f2f9b7ff); status: RUNNING; exit: -; error: -; workDir: /lustre09/project/6008022/mame20/WGS_pipeline/work/61/73403a2cdc15c7a646d70be529e7aa started: 1779756942396; exited: -; ]
~> TaskHandler[jobId: 13225327; id: 26; name: gvcf_to_signalintensity (gvcf_batch_c767103a); status: RUNNING; exit: -; error: -; workDir: /lustre09/project/6008022/mame20/WGS_pipeline/work/3f/32c0a25398c692ab1a7e4a25c28021 started: 1779756942405; exited: -; ]
~> TaskHandler[jobId: 13225329; id: 27; name: gvcf_to_signalintensity (gvcf_batch_9eb97fc2); status: RUNNING; exit: -; error: -; workDir: /lustre09/project/6008022/mame20/WGS_pipeline/work/bd/2bd15edf0db48e7efd7b7d409326ac started: 1779756942410; exited: -; ]
~> TaskHandler[jobId: 13225331; id: 28; name: gvcf_to_signalintensity (gvcf_batch_8f5548f7); status: RUNNING; exit: -; error: -; workDir: /lustre09/project/6008022/mame20/WGS_pipeline/work/f6/46cecfed3bf993a12fb595bebc2f93 started: 1779756942411; exited: -; ]
~> TaskHandler[jobId: 13225332; id: 29; name: gvcf_to_signalintensity (gvcf_batch_ceba15f1); status: RUNNING; exit: -; error: -; workDir: /lustre09/project/6008022/mame20/WGS_pipeline/work/4b/7d535f728dad720806a4a1ffaf1352 started: 1779756942412; exited: -; ]
~> TaskHandler[jobId: 13225333; id: 30; name: gvcf_to_signalintensity (gvcf_batch_7145000a); status: RUNNING; exit: -; error: -; workDir: /lustre09/project/6008022/mame20/WGS_pipeline/work/89/251124cb7652fb66eda3bf89249ba7 started: 1779756942413; exited: -; ]
~> TaskHandler[jobId: 13225334; id: 31; name: gvcf_to_signalintensity (gvcf_batch_287a9b1e); status: RUNNING; exit: -; error: -; workDir: /lustre09/project/6008022/mame20/WGS_pipeline/work/e3/adc112415039a2268898bf25cc9d62 started: 1779756942414; exited: -; ]
~> TaskHandler[jobId: 13225335; id: 32; name: gvcf_to_signalintensity (gvcf_batch_2391cac3); status: RUNNING; exit: -; error: -; workDir: /lustre09/project/6008022/mame20/WGS_pipeline/work/05/5d3f5dd3d7e080e875b754e2a11216 started: 1779756942416; exited: -; ]
~> TaskHandler[jobId: 13225337; id: 33; name: gvcf_to_signalintensity (gvcf_batch_1eaa0d88); status: RUNNING; exit: -; error: -; workDir: /lustre09/project/6008022/mame20/WGS_pipeline/work/5c/d0999228556f5d72a055e8e9631700 started: 1779756942420; exited: -; ]
~> TaskHandler[jobId: 13225339; id: 34; name: gvcf_to_signalintensity (gvcf_batch_6322c706); status: RUNNING; exit: -; error: -; workDir: /lustre09/project/6008022/mame20/WGS_pipeline/work/9a/3b611f54df5011e3eabab19934192d started: 1779756942421; exited: -; ]
.. remaining tasks omitted.
May-25 21:44:50.766 [Task submitter] DEBUG n.processor.TaskPollingMonitor - %% executor slurm > tasks in the submission queue: 1 -- tasks to be submitted are shown below
~> TaskHandler[jobId: null; id: 125; name: gvcf_to_signalintensity (gvcf_batch_d8739173); status: NEW; exit: -; error: -; workDir: /lustre09/project/6008022/mame20/WGS_pipeline/work/e6/dc9ad49b7f6ff20fc165074555a1ea started: -; exited: -; ]
May-25 21:45:37.529 [Task monitor] DEBUG n.processor.TaskPollingMonitor - !! executor slurm > tasks to be completed: 100 -- submitted tasks are shown below
~> TaskHandler[jobId: 13225325; id: 25; name: gvcf_to_signalintensity (gvcf_batch_f2f9b7ff); status: RUNNING; exit: -; error: -; workDir: /lustre09/project/6008022/mame20/WGS_pipeline/work/61/73403a2cdc15c7a646d70be529e7aa started: 1779756942396; exited: -; ]
~> TaskHandler[jobId: 13225327; id: 26; name: gvcf_to_signalintensity (gvcf_batch_c767103a); status: RUNNING; exit: -; error: -; workDir: /lustre09/project/6008022/mame20/WGS_pipeline/work/3f/32c0a25398c692ab1a7e4a25c28021 started: 1779756942405; exited: -; ]
~> TaskHandler[jobId: 13225329; id: 27; name: gvcf_to_signalintensity (gvcf_batch_9eb97fc2); status: RUNNING; exit: -; error: -; workDir: /lustre09/project/6008022/mame20/WGS_pipeline/work/bd/2bd15edf0db48e7efd7b7d409326ac started: 1779756942410; exited: -; ]
~> TaskHandler[jobId: 13225331; id: 28; name: gvcf_to_signalintensity (gvcf_batch_8f5548f7); status: RUNNING; exit: -; error: -; workDir: /lustre09/project/6008022/mame20/WGS_pipeline/work/f6/46cecfed3bf993a12fb595bebc2f93 started: 1779756942411; exited: -; ]
~> TaskHandler[jobId: 13225332; id: 29; name: gvcf_to_signalintensity (gvcf_batch_ceba15f1); status: RUNNING; exit: -; error: -; workDir: /lustre09/project/6008022/mame20/WGS_pipeline/work/4b/7d535f728dad720806a4a1ffaf1352 started: 1779756942412; exited: -; ]
~> TaskHandler[jobId: 13225333; id: 30; name: gvcf_to_signalintensity (gvcf_batch_7145000a); status: RUNNING; exit: -; error: -; workDir: /lustre09/project/6008022/mame20/WGS_pipeline/work/89/251124cb7652fb66eda3bf89249ba7 started: 1779756942413; exited: -; ]
~> TaskHandler[jobId: 13225334; id: 31; name: gvcf_to_signalintensity (gvcf_batch_287a9b1e); status: RUNNING; exit: -; error: -; workDir: /lustre09/project/6008022/mame20/WGS_pipeline/work/e3/adc112415039a2268898bf25cc9d62 started: 1779756942414; exited: -; ]
~> TaskHandler[jobId: 13225335; id: 32; name: gvcf_to_signalintensity (gvcf_batch_2391cac3); status: RUNNING; exit: -; error: -; workDir: /lustre09/project/6008022/mame20/WGS_pipeline/work/05/5d3f5dd3d7e080e875b754e2a11216 started: 1779756942416; exited: -; ]
~> TaskHandler[jobId: 13225337; id: 33; name: gvcf_to_signalintensity (gvcf_batch_1eaa0d88); status: RUNNING; exit: -; error: -; workDir: /lustre09/project/6008022/mame20/WGS_pipeline/work/5c/d0999228556f5d72a055e8e9631700 started: 1779756942420; exited: -; ]
~> TaskHandler[jobId: 13225339; id: 34; name: gvcf_to_signalintensity (gvcf_batch_6322c706); status: RUNNING; exit: -; error: -; workDir: /lustre09/project/6008022/mame20/WGS_pipeline/work/9a/3b611f54df5011e3eabab19934192d started: 1779756942421; exited: -; ]
.. remaining tasks omitted.
May-25 21:49:56.766 [Task submitter] DEBUG n.processor.TaskPollingMonitor - %% executor slurm > tasks in the submission queue: 1 -- tasks to be submitted are shown below
~> TaskHandler[jobId: null; id: 125; name: gvcf_to_signalintensity (gvcf_batch_d8739173); status: NEW; exit: -; error: -; workDir: /lustre09/project/6008022/mame20/WGS_pipeline/work/e6/dc9ad49b7f6ff20fc165074555a1ea started: -; exited: -; ]
May-25 21:50:37.539 [Task monitor] DEBUG n.processor.TaskPollingMonitor - !! executor slurm > tasks to be completed: 100 -- submitted tasks are shown below
~> TaskHandler[jobId: 13225325; id: 25; name: gvcf_to_signalintensity (gvcf_batch_f2f9b7ff); status: RUNNING; exit: -; error: -; workDir: /lustre09/project/6008022/mame20/WGS_pipeline/work/61/73403a2cdc15c7a646d70be529e7aa started: 1779756942396; exited: -; ]
~> TaskHandler[jobId: 13225327; id: 26; name: gvcf_to_signalintensity (gvcf_batch_c767103a); status: RUNNING; exit: -; error: -; workDir: /lustre09/project/6008022/mame20/WGS_pipeline/work/3f/32c0a25398c692ab1a7e4a25c28021 started: 1779756942405; exited: -; ]
~> TaskHandler[jobId: 13225329; id: 27; name: gvcf_to_signalintensity (gvcf_batch_9eb97fc2); status: RUNNING; exit: -; error: -; workDir: /lustre09/project/6008022/mame20/WGS_pipeline/work/bd/2bd15edf0db48e7efd7b7d409326ac started: 1779756942410; exited: -; ]
~> TaskHandler[jobId: 13225331; id: 28; name: gvcf_to_signalintensity (gvcf_batch_8f5548f7); status: RUNNING; exit: -; error: -; workDir: /lustre09/project/6008022/mame20/WGS_pipeline/work/f6/46cecfed3bf993a12fb595bebc2f93 started: 1779756942411; exited: -; ]
~> TaskHandler[jobId: 13225332; id: 29; name: gvcf_to_signalintensity (gvcf_batch_ceba15f1); status: RUNNING; exit: -; error: -; workDir: /lustre09/project/6008022/mame20/WGS_pipeline/work/4b/7d535f728dad720806a4a1ffaf1352 started: 1779756942412; exited: -; ]
~> TaskHandler[jobId: 13225333; id: 30; name: gvcf_to_signalintensity (gvcf_batch_7145000a); status: RUNNING; exit: -; error: -; workDir: /lustre09/project/6008022/mame20/WGS_pipeline/work/89/251124cb7652fb66eda3bf89249ba7 started: 1779756942413; exited: -; ]
~> TaskHandler[jobId: 13225334; id: 31; name: gvcf_to_signalintensity (gvcf_batch_287a9b1e); status: RUNNING; exit: -; error: -; workDir: /lustre09/project/6008022/mame20/WGS_pipeline/work/e3/adc112415039a2268898bf25cc9d62 started: 1779756942414; exited: -; ]
~> TaskHandler[jobId: 13225335; id: 32; name: gvcf_to_signalintensity (gvcf_batch_2391cac3); status: RUNNING; exit: -; error: -; workDir: /lustre09/project/6008022/mame20/WGS_pipeline/work/05/5d3f5dd3d7e080e875b754e2a11216 started: 1779756942416; exited: -; ]
~> TaskHandler[jobId: 13225337; id: 33; name: gvcf_to_signalintensity (gvcf_batch_1eaa0d88); status: RUNNING; exit: -; error: -; workDir: /lustre09/project/6008022/mame20/WGS_pipeline/work/5c/d0999228556f5d72a055e8e9631700 started: 1779756942420; exited: -; ]
~> TaskHandler[jobId: 13225339; id: 34; name: gvcf_to_signalintensity (gvcf_batch_6322c706); status: RUNNING; exit: -; error: -; workDir: /lustre09/project/6008022/mame20/WGS_pipeline/work/9a/3b611f54df5011e3eabab19934192d started: 1779756942421; exited: -; ]
.. remaining tasks omitted.
May-25 21:55:02.766 [Task submitter] DEBUG n.processor.TaskPollingMonitor - %% executor slurm > tasks in the submission queue: 1 -- tasks to be submitted are shown below
~> TaskHandler[jobId: null; id: 125; name: gvcf_to_signalintensity (gvcf_batch_d8739173); status: NEW; exit: -; error: -; workDir: /lustre09/project/6008022/mame20/WGS_pipeline/work/e6/dc9ad49b7f6ff20fc165074555a1ea started: -; exited: -; ]
May-25 21:55:37.550 [Task monitor] DEBUG n.processor.TaskPollingMonitor - !! executor slurm > tasks to be completed: 100 -- submitted tasks are shown below
~> TaskHandler[jobId: 13225325; id: 25; name: gvcf_to_signalintensity (gvcf_batch_f2f9b7ff); status: RUNNING; exit: -; error: -; workDir: /lustre09/project/6008022/mame20/WGS_pipeline/work/61/73403a2cdc15c7a646d70be529e7aa started: 1779756942396; exited: -; ]
~> TaskHandler[jobId: 13225327; id: 26; name: gvcf_to_signalintensity (gvcf_batch_c767103a); status: RUNNING; exit: -; error: -; workDir: /lustre09/project/6008022/mame20/WGS_pipeline/work/3f/32c0a25398c692ab1a7e4a25c28021 started: 1779756942405; exited: -; ]
~> TaskHandler[jobId: 13225329; id: 27; name: gvcf_to_signalintensity (gvcf_batch_9eb97fc2); status: RUNNING; exit: -; error: -; workDir: /lustre09/project/6008022/mame20/WGS_pipeline/work/bd/2bd15edf0db48e7efd7b7d409326ac started: 1779756942410; exited: -; ]
~> TaskHandler[jobId: 13225331; id: 28; name: gvcf_to_signalintensity (gvcf_batch_8f5548f7); status: RUNNING; exit: -; error: -; workDir: /lustre09/project/6008022/mame20/WGS_pipeline/work/f6/46cecfed3bf993a12fb595bebc2f93 started: 1779756942411; exited: -; ]
~> TaskHandler[jobId: 13225332; id: 29; name: gvcf_to_signalintensity (gvcf_batch_ceba15f1); status: RUNNING; exit: -; error: -; workDir: /lustre09/project/6008022/mame20/WGS_pipeline/work/4b/7d535f728dad720806a4a1ffaf1352 started: 1779756942412; exited: -; ]
~> TaskHandler[jobId: 13225333; id: 30; name: gvcf_to_signalintensity (gvcf_batch_7145000a); status: RUNNING; exit: -; error: -; workDir: /lustre09/project/6008022/mame20/WGS_pipeline/work/89/251124cb7652fb66eda3bf89249ba7 started: 1779756942413; exited: -; ]
~> TaskHandler[jobId: 13225334; id: 31; name: gvcf_to_signalintensity (gvcf_batch_287a9b1e); status: RUNNING; exit: -; error: -; workDir: /lustre09/project/6008022/mame20/WGS_pipeline/work/e3/adc112415039a2268898bf25cc9d62 started: 1779756942414; exited: -; ]
~> TaskHandler[jobId: 13225335; id: 32; name: gvcf_to_signalintensity (gvcf_batch_2391cac3); status: RUNNING; exit: -; error: -; workDir: /lustre09/project/6008022/mame20/WGS_pipeline/work/05/5d3f5dd3d7e080e875b754e2a11216 started: 1779756942416; exited: -; ]
~> TaskHandler[jobId: 13225337; id: 33; name: gvcf_to_signalintensity (gvcf_batch_1eaa0d88); status: RUNNING; exit: -; error: -; workDir: /lustre09/project/6008022/mame20/WGS_pipeline/work/5c/d0999228556f5d72a055e8e9631700 started: 1779756942420; exited: -; ]
~> TaskHandler[jobId: 13225339; id: 34; name: gvcf_to_signalintensity (gvcf_batch_6322c706); status: RUNNING; exit: -; error: -; workDir: /lustre09/project/6008022/mame20/WGS_pipeline/work/9a/3b611f54df5011e3eabab19934192d started: 1779756942421; exited: -; ]
.. remaining tasks omitted.
May-25 22:00:08.766 [Task submitter] DEBUG n.processor.TaskPollingMonitor - %% executor slurm > tasks in the submission queue: 1 -- tasks to be submitted are shown below
~> TaskHandler[jobId: null; id: 125; name: gvcf_to_signalintensity (gvcf_batch_d8739173); status: NEW; exit: -; error: -; workDir: /lustre09/project/6008022/mame20/WGS_pipeline/work/e6/dc9ad49b7f6ff20fc165074555a1ea started: -; exited: -; ]
May-25 22:00:37.561 [Task monitor] DEBUG n.processor.TaskPollingMonitor - !! executor slurm > tasks to be completed: 100 -- submitted tasks are shown below
~> TaskHandler[jobId: 13225325; id: 25; name: gvcf_to_signalintensity (gvcf_batch_f2f9b7ff); status: RUNNING; exit: -; error: -; workDir: /lustre09/project/6008022/mame20/WGS_pipeline/work/61/73403a2cdc15c7a646d70be529e7aa started: 1779756942396; exited: -; ]
~> TaskHandler[jobId: 13225327; id: 26; name: gvcf_to_signalintensity (gvcf_batch_c767103a); status: RUNNING; exit: -; error: -; workDir: /lustre09/project/6008022/mame20/WGS_pipeline/work/3f/32c0a25398c692ab1a7e4a25c28021 started: 1779756942405; exited: -; ]
~> TaskHandler[jobId: 13225329; id: 27; name: gvcf_to_signalintensity (gvcf_batch_9eb97fc2); status: RUNNING; exit: -; error: -; workDir: /lustre09/project/6008022/mame20/WGS_pipeline/work/bd/2bd15edf0db48e7efd7b7d409326ac started: 1779756942410; exited: -; ]
~> TaskHandler[jobId: 13225331; id: 28; name: gvcf_to_signalintensity (gvcf_batch_8f5548f7); status: RUNNING; exit: -; error: -; workDir: /lustre09/project/6008022/mame20/WGS_pipeline/work/f6/46cecfed3bf993a12fb595bebc2f93 started: 1779756942411; exited: -; ]
~> TaskHandler[jobId: 13225332; id: 29; name: gvcf_to_signalintensity (gvcf_batch_ceba15f1); status: RUNNING; exit: -; error: -; workDir: /lustre09/project/6008022/mame20/WGS_pipeline/work/4b/7d535f728dad720806a4a1ffaf1352 started: 1779756942412; exited: -; ]
~> TaskHandler[jobId: 13225333; id: 30; name: gvcf_to_signalintensity (gvcf_batch_7145000a); status: RUNNING; exit: -; error: -; workDir: /lustre09/project/6008022/mame20/WGS_pipeline/work/89/251124cb7652fb66eda3bf89249ba7 started: 1779756942413; exited: -; ]
~> TaskHandler[jobId: 13225334; id: 31; name: gvcf_to_signalintensity (gvcf_batch_287a9b1e); status: RUNNING; exit: -; error: -; workDir: /lustre09/project/6008022/mame20/WGS_pipeline/work/e3/adc112415039a2268898bf25cc9d62 started: 1779756942414; exited: -; ]
~> TaskHandler[jobId: 13225335; id: 32; name: gvcf_to_signalintensity (gvcf_batch_2391cac3); status: RUNNING; exit: -; error: -; workDir: /lustre09/project/6008022/mame20/WGS_pipeline/work/05/5d3f5dd3d7e080e875b754e2a11216 started: 1779756942416; exited: -; ]
~> TaskHandler[jobId: 13225337; id: 33; name: gvcf_to_signalintensity (gvcf_batch_1eaa0d88); status: RUNNING; exit: -; error: -; workDir: /lustre09/project/6008022/mame20/WGS_pipeline/work/5c/d0999228556f5d72a055e8e9631700 started: 1779756942420; exited: -; ]
~> TaskHandler[jobId: 13225339; id: 34; name: gvcf_to_signalintensity (gvcf_batch_6322c706); status: RUNNING; exit: -; error: -; workDir: /lustre09/project/6008022/mame20/WGS_pipeline/work/9a/3b611f54df5011e3eabab19934192d started: 1779756942421; exited: -; ]
.. remaining tasks omitted.
May-25 22:05:14.766 [Task submitter] DEBUG n.processor.TaskPollingMonitor - %% executor slurm > tasks in the submission queue: 1 -- tasks to be submitted are shown below
~> TaskHandler[jobId: null; id: 125; name: gvcf_to_signalintensity (gvcf_batch_d8739173); status: NEW; exit: -; error: -; workDir: /lustre09/project/6008022/mame20/WGS_pipeline/work/e6/dc9ad49b7f6ff20fc165074555a1ea started: -; exited: -; ]
May-25 22:05:37.568 [Task monitor] DEBUG n.processor.TaskPollingMonitor - !! executor slurm > tasks to be completed: 100 -- submitted tasks are shown below
~> TaskHandler[jobId: 13225325; id: 25; name: gvcf_to_signalintensity (gvcf_batch_f2f9b7ff); status: RUNNING; exit: -; error: -; workDir: /lustre09/project/6008022/mame20/WGS_pipeline/work/61/73403a2cdc15c7a646d70be529e7aa started: 1779756942396; exited: -; ]
~> TaskHandler[jobId: 13225327; id: 26; name: gvcf_to_signalintensity (gvcf_batch_c767103a); status: RUNNING; exit: -; error: -; workDir: /lustre09/project/6008022/mame20/WGS_pipeline/work/3f/32c0a25398c692ab1a7e4a25c28021 started: 1779756942405; exited: -; ]
~> TaskHandler[jobId: 13225329; id: 27; name: gvcf_to_signalintensity (gvcf_batch_9eb97fc2); status: RUNNING; exit: -; error: -; workDir: /lustre09/project/6008022/mame20/WGS_pipeline/work/bd/2bd15edf0db48e7efd7b7d409326ac started: 1779756942410; exited: -; ]
~> TaskHandler[jobId: 13225331; id: 28; name: gvcf_to_signalintensity (gvcf_batch_8f5548f7); status: RUNNING; exit: -; error: -; workDir: /lustre09/project/6008022/mame20/WGS_pipeline/work/f6/46cecfed3bf993a12fb595bebc2f93 started: 1779756942411; exited: -; ]
~> TaskHandler[jobId: 13225332; id: 29; name: gvcf_to_signalintensity (gvcf_batch_ceba15f1); status: RUNNING; exit: -; error: -; workDir: /lustre09/project/6008022/mame20/WGS_pipeline/work/4b/7d535f728dad720806a4a1ffaf1352 started: 1779756942412; exited: -; ]
~> TaskHandler[jobId: 13225333; id: 30; name: gvcf_to_signalintensity (gvcf_batch_7145000a); status: RUNNING; exit: -; error: -; workDir: /lustre09/project/6008022/mame20/WGS_pipeline/work/89/251124cb7652fb66eda3bf89249ba7 started: 1779756942413; exited: -; ]
~> TaskHandler[jobId: 13225334; id: 31; name: gvcf_to_signalintensity (gvcf_batch_287a9b1e); status: RUNNING; exit: -; error: -; workDir: /lustre09/project/6008022/mame20/WGS_pipeline/work/e3/adc112415039a2268898bf25cc9d62 started: 1779756942414; exited: -; ]
~> TaskHandler[jobId: 13225335; id: 32; name: gvcf_to_signalintensity (gvcf_batch_2391cac3); status: RUNNING; exit: -; error: -; workDir: /lustre09/project/6008022/mame20/WGS_pipeline/work/05/5d3f5dd3d7e080e875b754e2a11216 started: 1779756942416; exited: -; ]
~> TaskHandler[jobId: 13225337; id: 33; name: gvcf_to_signalintensity (gvcf_batch_1eaa0d88); status: RUNNING; exit: -; error: -; workDir: /lustre09/project/6008022/mame20/WGS_pipeline/work/5c/d0999228556f5d72a055e8e9631700 started: 1779756942420; exited: -; ]
~> TaskHandler[jobId: 13225339; id: 34; name: gvcf_to_signalintensity (gvcf_batch_6322c706); status: RUNNING; exit: -; error: -; workDir: /lustre09/project/6008022/mame20/WGS_pipeline/work/9a/3b611f54df5011e3eabab19934192d started: 1779756942421; exited: -; ]
.. remaining tasks omitted.
May-25 22:10:20.766 [Task submitter] DEBUG n.processor.TaskPollingMonitor - %% executor slurm > tasks in the submission queue: 1 -- tasks to be submitted are shown below
~> TaskHandler[jobId: null; id: 125; name: gvcf_to_signalintensity (gvcf_batch_d8739173); status: NEW; exit: -; error: -; workDir: /lustre09/project/6008022/mame20/WGS_pipeline/work/e6/dc9ad49b7f6ff20fc165074555a1ea started: -; exited: -; ]
May-25 22:10:37.580 [Task monitor] DEBUG n.processor.TaskPollingMonitor - !! executor slurm > tasks to be completed: 100 -- submitted tasks are shown below
~> TaskHandler[jobId: 13225325; id: 25; name: gvcf_to_signalintensity (gvcf_batch_f2f9b7ff); status: RUNNING; exit: -; error: -; workDir: /lustre09/project/6008022/mame20/WGS_pipeline/work/61/73403a2cdc15c7a646d70be529e7aa started: 1779756942396; exited: -; ]
~> TaskHandler[jobId: 13225327; id: 26; name: gvcf_to_signalintensity (gvcf_batch_c767103a); status: RUNNING; exit: -; error: -; workDir: /lustre09/project/6008022/mame20/WGS_pipeline/work/3f/32c0a25398c692ab1a7e4a25c28021 started: 1779756942405; exited: -; ]
~> TaskHandler[jobId: 13225329; id: 27; name: gvcf_to_signalintensity (gvcf_batch_9eb97fc2); status: RUNNING; exit: -; error: -; workDir: /lustre09/project/6008022/mame20/WGS_pipeline/work/bd/2bd15edf0db48e7efd7b7d409326ac started: 1779756942410; exited: -; ]
~> TaskHandler[jobId: 13225331; id: 28; name: gvcf_to_signalintensity (gvcf_batch_8f5548f7); status: RUNNING; exit: -; error: -; workDir: /lustre09/project/6008022/mame20/WGS_pipeline/work/f6/46cecfed3bf993a12fb595bebc2f93 started: 1779756942411; exited: -; ]
~> TaskHandler[jobId: 13225332; id: 29; name: gvcf_to_signalintensity (gvcf_batch_ceba15f1); status: RUNNING; exit: -; error: -; workDir: /lustre09/project/6008022/mame20/WGS_pipeline/work/4b/7d535f728dad720806a4a1ffaf1352 started: 1779756942412; exited: -; ]
~> TaskHandler[jobId: 13225333; id: 30; name: gvcf_to_signalintensity (gvcf_batch_7145000a); status: RUNNING; exit: -; error: -; workDir: /lustre09/project/6008022/mame20/WGS_pipeline/work/89/251124cb7652fb66eda3bf89249ba7 started: 1779756942413; exited: -; ]
~> TaskHandler[jobId: 13225334; id: 31; name: gvcf_to_signalintensity (gvcf_batch_287a9b1e); status: RUNNING; exit: -; error: -; workDir: /lustre09/project/6008022/mame20/WGS_pipeline/work/e3/adc112415039a2268898bf25cc9d62 started: 1779756942414; exited: -; ]
~> TaskHandler[jobId: 13225335; id: 32; name: gvcf_to_signalintensity (gvcf_batch_2391cac3); status: RUNNING; exit: -; error: -; workDir: /lustre09/project/6008022/mame20/WGS_pipeline/work/05/5d3f5dd3d7e080e875b754e2a11216 started: 1779756942416; exited: -; ]
~> TaskHandler[jobId: 13225337; id: 33; name: gvcf_to_signalintensity (gvcf_batch_1eaa0d88); status: RUNNING; exit: -; error: -; workDir: /lustre09/project/6008022/mame20/WGS_pipeline/work/5c/d0999228556f5d72a055e8e9631700 started: 1779756942420; exited: -; ]
~> TaskHandler[jobId: 13225339; id: 34; name: gvcf_to_signalintensity (gvcf_batch_6322c706); status: RUNNING; exit: -; error: -; workDir: /lustre09/project/6008022/mame20/WGS_pipeline/work/9a/3b611f54df5011e3eabab19934192d started: 1779756942421; exited: -; ]
.. remaining tasks omitted.
May-25 22:15:26.767 [Task submitter] DEBUG n.processor.TaskPollingMonitor - %% executor slurm > tasks in the submission queue: 1 -- tasks to be submitted are shown below
~> TaskHandler[jobId: null; id: 125; name: gvcf_to_signalintensity (gvcf_batch_d8739173); status: NEW; exit: -; error: -; workDir: /lustre09/project/6008022/mame20/WGS_pipeline/work/e6/dc9ad49b7f6ff20fc165074555a1ea started: -; exited: -; ]
May-25 22:15:37.589 [Task monitor] DEBUG n.processor.TaskPollingMonitor - !! executor slurm > tasks to be completed: 100 -- submitted tasks are shown below
~> TaskHandler[jobId: 13225325; id: 25; name: gvcf_to_signalintensity (gvcf_batch_f2f9b7ff); status: RUNNING; exit: -; error: -; workDir: /lustre09/project/6008022/mame20/WGS_pipeline/work/61/73403a2cdc15c7a646d70be529e7aa started: 1779756942396; exited: -; ]
~> TaskHandler[jobId: 13225327; id: 26; name: gvcf_to_signalintensity (gvcf_batch_c767103a); status: RUNNING; exit: -; error: -; workDir: /lustre09/project/6008022/mame20/WGS_pipeline/work/3f/32c0a25398c692ab1a7e4a25c28021 started: 1779756942405; exited: -; ]
~> TaskHandler[jobId: 13225329; id: 27; name: gvcf_to_signalintensity (gvcf_batch_9eb97fc2); status: RUNNING; exit: -; error: -; workDir: /lustre09/project/6008022/mame20/WGS_pipeline/work/bd/2bd15edf0db48e7efd7b7d409326ac started: 1779756942410; exited: -; ]
~> TaskHandler[jobId: 13225331; id: 28; name: gvcf_to_signalintensity (gvcf_batch_8f5548f7); status: RUNNING; exit: -; error: -; workDir: /lustre09/project/6008022/mame20/WGS_pipeline/work/f6/46cecfed3bf993a12fb595bebc2f93 started: 1779756942411; exited: -; ]
~> TaskHandler[jobId: 13225332; id: 29; name: gvcf_to_signalintensity (gvcf_batch_ceba15f1); status: RUNNING; exit: -; error: -; workDir: /lustre09/project/6008022/mame20/WGS_pipeline/work/4b/7d535f728dad720806a4a1ffaf1352 started: 1779756942412; exited: -; ]
~> TaskHandler[jobId: 13225333; id: 30; name: gvcf_to_signalintensity (gvcf_batch_7145000a); status: RUNNING; exit: -; error: -; workDir: /lustre09/project/6008022/mame20/WGS_pipeline/work/89/251124cb7652fb66eda3bf89249ba7 started: 1779756942413; exited: -; ]
~> TaskHandler[jobId: 13225334; id: 31; name: gvcf_to_signalintensity (gvcf_batch_287a9b1e); status: RUNNING; exit: -; error: -; workDir: /lustre09/project/6008022/mame20/WGS_pipeline/work/e3/adc112415039a2268898bf25cc9d62 started: 1779756942414; exited: -; ]
~> TaskHandler[jobId: 13225335; id: 32; name: gvcf_to_signalintensity (gvcf_batch_2391cac3); status: RUNNING; exit: -; error: -; workDir: /lustre09/project/6008022/mame20/WGS_pipeline/work/05/5d3f5dd3d7e080e875b754e2a11216 started: 1779756942416; exited: -; ]
~> TaskHandler[jobId: 13225337; id: 33; name: gvcf_to_signalintensity (gvcf_batch_1eaa0d88); status: RUNNING; exit: -; error: -; workDir: /lustre09/project/6008022/mame20/WGS_pipeline/work/5c/d0999228556f5d72a055e8e9631700 started: 1779756942420; exited: -; ]
~> TaskHandler[jobId: 13225339; id: 34; name: gvcf_to_signalintensity (gvcf_batch_6322c706); status: RUNNING; exit: -; error: -; workDir: /lustre09/project/6008022/mame20/WGS_pipeline/work/9a/3b611f54df5011e3eabab19934192d started: 1779756942421; exited: -; ]
.. remaining tasks omitted.
May-25 22:20:32.766 [Task submitter] DEBUG n.processor.TaskPollingMonitor - %% executor slurm > tasks in the submission queue: 1 -- tasks to be submitted are shown below
~> TaskHandler[jobId: null; id: 125; name: gvcf_to_signalintensity (gvcf_batch_d8739173); status: NEW; exit: -; error: -; workDir: /lustre09/project/6008022/mame20/WGS_pipeline/work/e6/dc9ad49b7f6ff20fc165074555a1ea started: -; exited: -; ]
May-25 22:20:37.597 [Task monitor] DEBUG n.processor.TaskPollingMonitor - !! executor slurm > tasks to be completed: 100 -- submitted tasks are shown below
~> TaskHandler[jobId: 13225325; id: 25; name: gvcf_to_signalintensity (gvcf_batch_f2f9b7ff); status: RUNNING; exit: -; error: -; workDir: /lustre09/project/6008022/mame20/WGS_pipeline/work/61/73403a2cdc15c7a646d70be529e7aa started: 1779756942396; exited: -; ]
~> TaskHandler[jobId: 13225327; id: 26; name: gvcf_to_signalintensity (gvcf_batch_c767103a); status: RUNNING; exit: -; error: -; workDir: /lustre09/project/6008022/mame20/WGS_pipeline/work/3f/32c0a25398c692ab1a7e4a25c28021 started: 1779756942405; exited: -; ]
~> TaskHandler[jobId: 13225329; id: 27; name: gvcf_to_signalintensity (gvcf_batch_9eb97fc2); status: RUNNING; exit: -; error: -; workDir: /lustre09/project/6008022/mame20/WGS_pipeline/work/bd/2bd15edf0db48e7efd7b7d409326ac started: 1779756942410; exited: -; ]
~> TaskHandler[jobId: 13225331; id: 28; name: gvcf_to_signalintensity (gvcf_batch_8f5548f7); status: RUNNING; exit: -; error: -; workDir: /lustre09/project/6008022/mame20/WGS_pipeline/work/f6/46cecfed3bf993a12fb595bebc2f93 started: 1779756942411; exited: -; ]
~> TaskHandler[jobId: 13225332; id: 29; name: gvcf_to_signalintensity (gvcf_batch_ceba15f1); status: RUNNING; exit: -; error: -; workDir: /lustre09/project/6008022/mame20/WGS_pipeline/work/4b/7d535f728dad720806a4a1ffaf1352 started: 1779756942412; exited: -; ]
~> TaskHandler[jobId: 13225333; id: 30; name: gvcf_to_signalintensity (gvcf_batch_7145000a); status: RUNNING; exit: -; error: -; workDir: /lustre09/project/6008022/mame20/WGS_pipeline/work/89/251124cb7652fb66eda3bf89249ba7 started: 1779756942413; exited: -; ]
~> TaskHandler[jobId: 13225334; id: 31; name: gvcf_to_signalintensity (gvcf_batch_287a9b1e); status: RUNNING; exit: -; error: -; workDir: /lustre09/project/6008022/mame20/WGS_pipeline/work/e3/adc112415039a2268898bf25cc9d62 started: 1779756942414; exited: -; ]
~> TaskHandler[jobId: 13225335; id: 32; name: gvcf_to_signalintensity (gvcf_batch_2391cac3); status: RUNNING; exit: -; error: -; workDir: /lustre09/project/6008022/mame20/WGS_pipeline/work/05/5d3f5dd3d7e080e875b754e2a11216 started: 1779756942416; exited: -; ]
~> TaskHandler[jobId: 13225337; id: 33; name: gvcf_to_signalintensity (gvcf_batch_1eaa0d88); status: RUNNING; exit: -; error: -; workDir: /lustre09/project/6008022/mame20/WGS_pipeline/work/5c/d0999228556f5d72a055e8e9631700 started: 1779756942420; exited: -; ]
~> TaskHandler[jobId: 13225339; id: 34; name: gvcf_to_signalintensity (gvcf_batch_6322c706); status: RUNNING; exit: -; error: -; workDir: /lustre09/project/6008022/mame20/WGS_pipeline/work/9a/3b611f54df5011e3eabab19934192d started: 1779756942421; exited: -; ]
.. remaining tasks omitted.
May-25 22:25:37.610 [Task monitor] DEBUG n.processor.TaskPollingMonitor - !! executor slurm > tasks to be completed: 100 -- submitted tasks are shown below
~> TaskHandler[jobId: 13225325; id: 25; name: gvcf_to_signalintensity (gvcf_batch_f2f9b7ff); status: RUNNING; exit: -; error: -; workDir: /lustre09/project/6008022/mame20/WGS_pipeline/work/61/73403a2cdc15c7a646d70be529e7aa started: 1779756942396; exited: -; ]
~> TaskHandler[jobId: 13225327; id: 26; name: gvcf_to_signalintensity (gvcf_batch_c767103a); status: RUNNING; exit: -; error: -; workDir: /lustre09/project/6008022/mame20/WGS_pipeline/work/3f/32c0a25398c692ab1a7e4a25c28021 started: 1779756942405; exited: -; ]
~> TaskHandler[jobId: 13225329; id: 27; name: gvcf_to_signalintensity (gvcf_batch_9eb97fc2); status: RUNNING; exit: -; error: -; workDir: /lustre09/project/6008022/mame20/WGS_pipeline/work/bd/2bd15edf0db48e7efd7b7d409326ac started: 1779756942410; exited: -; ]
~> TaskHandler[jobId: 13225331; id: 28; name: gvcf_to_signalintensity (gvcf_batch_8f5548f7); status: RUNNING; exit: -; error: -; workDir: /lustre09/project/6008022/mame20/WGS_pipeline/work/f6/46cecfed3bf993a12fb595bebc2f93 started: 1779756942411; exited: -; ]
~> TaskHandler[jobId: 13225332; id: 29; name: gvcf_to_signalintensity (gvcf_batch_ceba15f1); status: RUNNING; exit: -; error: -; workDir: /lustre09/project/6008022/mame20/WGS_pipeline/work/4b/7d535f728dad720806a4a1ffaf1352 started: 1779756942412; exited: -; ]
~> TaskHandler[jobId: 13225333; id: 30; name: gvcf_to_signalintensity (gvcf_batch_7145000a); status: RUNNING; exit: -; error: -; workDir: /lustre09/project/6008022/mame20/WGS_pipeline/work/89/251124cb7652fb66eda3bf89249ba7 started: 1779756942413; exited: -; ]
~> TaskHandler[jobId: 13225334; id: 31; name: gvcf_to_signalintensity (gvcf_batch_287a9b1e); status: RUNNING; exit: -; error: -; workDir: /lustre09/project/6008022/mame20/WGS_pipeline/work/e3/adc112415039a2268898bf25cc9d62 started: 1779756942414; exited: -; ]
~> TaskHandler[jobId: 13225335; id: 32; name: gvcf_to_signalintensity (gvcf_batch_2391cac3); status: RUNNING; exit: -; error: -; workDir: /lustre09/project/6008022/mame20/WGS_pipeline/work/05/5d3f5dd3d7e080e875b754e2a11216 started: 1779756942416; exited: -; ]
~> TaskHandler[jobId: 13225337; id: 33; name: gvcf_to_signalintensity (gvcf_batch_1eaa0d88); status: RUNNING; exit: -; error: -; workDir: /lustre09/project/6008022/mame20/WGS_pipeline/work/5c/d0999228556f5d72a055e8e9631700 started: 1779756942420; exited: -; ]
~> TaskHandler[jobId: 13225339; id: 34; name: gvcf_to_signalintensity (gvcf_batch_6322c706); status: RUNNING; exit: -; error: -; workDir: /lustre09/project/6008022/mame20/WGS_pipeline/work/9a/3b611f54df5011e3eabab19934192d started: 1779756942421; exited: -; ]
.. remaining tasks omitted.
May-25 22:25:38.766 [Task submitter] DEBUG n.processor.TaskPollingMonitor - %% executor slurm > tasks in the submission queue: 1 -- tasks to be submitted are shown below
~> TaskHandler[jobId: null; id: 125; name: gvcf_to_signalintensity (gvcf_batch_d8739173); status: NEW; exit: -; error: -; workDir: /lustre09/project/6008022/mame20/WGS_pipeline/work/e6/dc9ad49b7f6ff20fc165074555a1ea started: -; exited: -; ]
May-25 22:30:37.631 [Task monitor] DEBUG n.processor.TaskPollingMonitor - !! executor slurm > tasks to be completed: 100 -- submitted tasks are shown below
~> TaskHandler[jobId: 13225325; id: 25; name: gvcf_to_signalintensity (gvcf_batch_f2f9b7ff); status: RUNNING; exit: -; error: -; workDir: /lustre09/project/6008022/mame20/WGS_pipeline/work/61/73403a2cdc15c7a646d70be529e7aa started: 1779756942396; exited: -; ]
~> TaskHandler[jobId: 13225327; id: 26; name: gvcf_to_signalintensity (gvcf_batch_c767103a); status: RUNNING; exit: -; error: -; workDir: /lustre09/project/6008022/mame20/WGS_pipeline/work/3f/32c0a25398c692ab1a7e4a25c28021 started: 1779756942405; exited: -; ]
~> TaskHandler[jobId: 13225329; id: 27; name: gvcf_to_signalintensity (gvcf_batch_9eb97fc2); status: RUNNING; exit: -; error: -; workDir: /lustre09/project/6008022/mame20/WGS_pipeline/work/bd/2bd15edf0db48e7efd7b7d409326ac started: 1779756942410; exited: -; ]
~> TaskHandler[jobId: 13225331; id: 28; name: gvcf_to_signalintensity (gvcf_batch_8f5548f7); status: RUNNING; exit: -; error: -; workDir: /lustre09/project/6008022/mame20/WGS_pipeline/work/f6/46cecfed3bf993a12fb595bebc2f93 started: 1779756942411; exited: -; ]
~> TaskHandler[jobId: 13225332; id: 29; name: gvcf_to_signalintensity (gvcf_batch_ceba15f1); status: RUNNING; exit: -; error: -; workDir: /lustre09/project/6008022/mame20/WGS_pipeline/work/4b/7d535f728dad720806a4a1ffaf1352 started: 1779756942412; exited: -; ]
~> TaskHandler[jobId: 13225333; id: 30; name: gvcf_to_signalintensity (gvcf_batch_7145000a); status: RUNNING; exit: -; error: -; workDir: /lustre09/project/6008022/mame20/WGS_pipeline/work/89/251124cb7652fb66eda3bf89249ba7 started: 1779756942413; exited: -; ]
~> TaskHandler[jobId: 13225334; id: 31; name: gvcf_to_signalintensity (gvcf_batch_287a9b1e); status: RUNNING; exit: -; error: -; workDir: /lustre09/project/6008022/mame20/WGS_pipeline/work/e3/adc112415039a2268898bf25cc9d62 started: 1779756942414; exited: -; ]
~> TaskHandler[jobId: 13225335; id: 32; name: gvcf_to_signalintensity (gvcf_batch_2391cac3); status: RUNNING; exit: -; error: -; workDir: /lustre09/project/6008022/mame20/WGS_pipeline/work/05/5d3f5dd3d7e080e875b754e2a11216 started: 1779756942416; exited: -; ]
~> TaskHandler[jobId: 13225337; id: 33; name: gvcf_to_signalintensity (gvcf_batch_1eaa0d88); status: RUNNING; exit: -; error: -; workDir: /lustre09/project/6008022/mame20/WGS_pipeline/work/5c/d0999228556f5d72a055e8e9631700 started: 1779756942420; exited: -; ]
~> TaskHandler[jobId: 13225339; id: 34; name: gvcf_to_signalintensity (gvcf_batch_6322c706); status: RUNNING; exit: -; error: -; workDir: /lustre09/project/6008022/mame20/WGS_pipeline/work/9a/3b611f54df5011e3eabab19934192d started: 1779756942421; exited: -; ]
.. remaining tasks omitted.
May-25 22:30:44.766 [Task submitter] DEBUG n.processor.TaskPollingMonitor - %% executor slurm > tasks in the submission queue: 1 -- tasks to be submitted are shown below
~> TaskHandler[jobId: null; id: 125; name: gvcf_to_signalintensity (gvcf_batch_d8739173); status: NEW; exit: -; error: -; workDir: /lustre09/project/6008022/mame20/WGS_pipeline/work/e6/dc9ad49b7f6ff20fc165074555a1ea started: -; exited: -; ]
May-25 22:35:37.643 [Task monitor] DEBUG n.processor.TaskPollingMonitor - !! executor slurm > tasks to be completed: 100 -- submitted tasks are shown below
~> TaskHandler[jobId: 13225325; id: 25; name: gvcf_to_signalintensity (gvcf_batch_f2f9b7ff); status: RUNNING; exit: -; error: -; workDir: /lustre09/project/6008022/mame20/WGS_pipeline/work/61/73403a2cdc15c7a646d70be529e7aa started: 1779756942396; exited: -; ]
~> TaskHandler[jobId: 13225327; id: 26; name: gvcf_to_signalintensity (gvcf_batch_c767103a); status: RUNNING; exit: -; error: -; workDir: /lustre09/project/6008022/mame20/WGS_pipeline/work/3f/32c0a25398c692ab1a7e4a25c28021 started: 1779756942405; exited: -; ]
~> TaskHandler[jobId: 13225329; id: 27; name: gvcf_to_signalintensity (gvcf_batch_9eb97fc2); status: RUNNING; exit: -; error: -; workDir: /lustre09/project/6008022/mame20/WGS_pipeline/work/bd/2bd15edf0db48e7efd7b7d409326ac started: 1779756942410; exited: -; ]
~> TaskHandler[jobId: 13225331; id: 28; name: gvcf_to_signalintensity (gvcf_batch_8f5548f7); status: RUNNING; exit: -; error: -; workDir: /lustre09/project/6008022/mame20/WGS_pipeline/work/f6/46cecfed3bf993a12fb595bebc2f93 started: 1779756942411; exited: -; ]
~> TaskHandler[jobId: 13225332; id: 29; name: gvcf_to_signalintensity (gvcf_batch_ceba15f1); status: RUNNING; exit: -; error: -; workDir: /lustre09/project/6008022/mame20/WGS_pipeline/work/4b/7d535f728dad720806a4a1ffaf1352 started: 1779756942412; exited: -; ]
~> TaskHandler[jobId: 13225333; id: 30; name: gvcf_to_signalintensity (gvcf_batch_7145000a); status: RUNNING; exit: -; error: -; workDir: /lustre09/project/6008022/mame20/WGS_pipeline/work/89/251124cb7652fb66eda3bf89249ba7 started: 1779756942413; exited: -; ]
~> TaskHandler[jobId: 13225334; id: 31; name: gvcf_to_signalintensity (gvcf_batch_287a9b1e); status: RUNNING; exit: -; error: -; workDir: /lustre09/project/6008022/mame20/WGS_pipeline/work/e3/adc112415039a2268898bf25cc9d62 started: 1779756942414; exited: -; ]
~> TaskHandler[jobId: 13225335; id: 32; name: gvcf_to_signalintensity (gvcf_batch_2391cac3); status: RUNNING; exit: -; error: -; workDir: /lustre09/project/6008022/mame20/WGS_pipeline/work/05/5d3f5dd3d7e080e875b754e2a11216 started: 1779756942416; exited: -; ]
~> TaskHandler[jobId: 13225337; id: 33; name: gvcf_to_signalintensity (gvcf_batch_1eaa0d88); status: RUNNING; exit: -; error: -; workDir: /lustre09/project/6008022/mame20/WGS_pipeline/work/5c/d0999228556f5d72a055e8e9631700 started: 1779756942420; exited: -; ]
~> TaskHandler[jobId: 13225339; id: 34; name: gvcf_to_signalintensity (gvcf_batch_6322c706); status: RUNNING; exit: -; error: -; workDir: /lustre09/project/6008022/mame20/WGS_pipeline/work/9a/3b611f54df5011e3eabab19934192d started: 1779756942421; exited: -; ]
.. remaining tasks omitted.
May-25 22:35:50.766 [Task submitter] DEBUG n.processor.TaskPollingMonitor - %% executor slurm > tasks in the submission queue: 1 -- tasks to be submitted are shown below
~> TaskHandler[jobId: null; id: 125; name: gvcf_to_signalintensity (gvcf_batch_d8739173); status: NEW; exit: -; error: -; workDir: /lustre09/project/6008022/mame20/WGS_pipeline/work/e6/dc9ad49b7f6ff20fc165074555a1ea started: -; exited: -; ]
May-25 22:40:37.657 [Task monitor] DEBUG n.processor.TaskPollingMonitor - !! executor slurm > tasks to be completed: 100 -- submitted tasks are shown below
~> TaskHandler[jobId: 13225325; id: 25; name: gvcf_to_signalintensity (gvcf_batch_f2f9b7ff); status: RUNNING; exit: -; error: -; workDir: /lustre09/project/6008022/mame20/WGS_pipeline/work/61/73403a2cdc15c7a646d70be529e7aa started: 1779756942396; exited: -; ]
~> TaskHandler[jobId: 13225327; id: 26; name: gvcf_to_signalintensity (gvcf_batch_c767103a); status: RUNNING; exit: -; error: -; workDir: /lustre09/project/6008022/mame20/WGS_pipeline/work/3f/32c0a25398c692ab1a7e4a25c28021 started: 1779756942405; exited: -; ]
~> TaskHandler[jobId: 13225329; id: 27; name: gvcf_to_signalintensity (gvcf_batch_9eb97fc2); status: RUNNING; exit: -; error: -; workDir: /lustre09/project/6008022/mame20/WGS_pipeline/work/bd/2bd15edf0db48e7efd7b7d409326ac started: 1779756942410; exited: -; ]
~> TaskHandler[jobId: 13225331; id: 28; name: gvcf_to_signalintensity (gvcf_batch_8f5548f7); status: RUNNING; exit: -; error: -; workDir: /lustre09/project/6008022/mame20/WGS_pipeline/work/f6/46cecfed3bf993a12fb595bebc2f93 started: 1779756942411; exited: -; ]
~> TaskHandler[jobId: 13225332; id: 29; name: gvcf_to_signalintensity (gvcf_batch_ceba15f1); status: RUNNING; exit: -; error: -; workDir: /lustre09/project/6008022/mame20/WGS_pipeline/work/4b/7d535f728dad720806a4a1ffaf1352 started: 1779756942412; exited: -; ]
~> TaskHandler[jobId: 13225333; id: 30; name: gvcf_to_signalintensity (gvcf_batch_7145000a); status: RUNNING; exit: -; error: -; workDir: /lustre09/project/6008022/mame20/WGS_pipeline/work/89/251124cb7652fb66eda3bf89249ba7 started: 1779756942413; exited: -; ]
~> TaskHandler[jobId: 13225334; id: 31; name: gvcf_to_signalintensity (gvcf_batch_287a9b1e); status: RUNNING; exit: -; error: -; workDir: /lustre09/project/6008022/mame20/WGS_pipeline/work/e3/adc112415039a2268898bf25cc9d62 started: 1779756942414; exited: -; ]
~> TaskHandler[jobId: 13225335; id: 32; name: gvcf_to_signalintensity (gvcf_batch_2391cac3); status: RUNNING; exit: -; error: -; workDir: /lustre09/project/6008022/mame20/WGS_pipeline/work/05/5d3f5dd3d7e080e875b754e2a11216 started: 1779756942416; exited: -; ]
~> TaskHandler[jobId: 13225337; id: 33; name: gvcf_to_signalintensity (gvcf_batch_1eaa0d88); status: RUNNING; exit: -; error: -; workDir: /lustre09/project/6008022/mame20/WGS_pipeline/work/5c/d0999228556f5d72a055e8e9631700 started: 1779756942420; exited: -; ]
~> TaskHandler[jobId: 13225339; id: 34; name: gvcf_to_signalintensity (gvcf_batch_6322c706); status: RUNNING; exit: -; error: -; workDir: /lustre09/project/6008022/mame20/WGS_pipeline/work/9a/3b611f54df5011e3eabab19934192d started: 1779756942421; exited: -; ]
.. remaining tasks omitted.
May-25 22:40:56.766 [Task submitter] DEBUG n.processor.TaskPollingMonitor - %% executor slurm > tasks in the submission queue: 1 -- tasks to be submitted are shown below
~> TaskHandler[jobId: null; id: 125; name: gvcf_to_signalintensity (gvcf_batch_d8739173); status: NEW; exit: -; error: -; workDir: /lustre09/project/6008022/mame20/WGS_pipeline/work/e6/dc9ad49b7f6ff20fc165074555a1ea started: -; exited: -; ]
May-25 22:45:37.667 [Task monitor] DEBUG n.processor.TaskPollingMonitor - !! executor slurm > tasks to be completed: 100 -- submitted tasks are shown below
~> TaskHandler[jobId: 13225325; id: 25; name: gvcf_to_signalintensity (gvcf_batch_f2f9b7ff); status: RUNNING; exit: -; error: -; workDir: /lustre09/project/6008022/mame20/WGS_pipeline/work/61/73403a2cdc15c7a646d70be529e7aa started: 1779756942396; exited: -; ]
~> TaskHandler[jobId: 13225327; id: 26; name: gvcf_to_signalintensity (gvcf_batch_c767103a); status: RUNNING; exit: -; error: -; workDir: /lustre09/project/6008022/mame20/WGS_pipeline/work/3f/32c0a25398c692ab1a7e4a25c28021 started: 1779756942405; exited: -; ]
~> TaskHandler[jobId: 13225329; id: 27; name: gvcf_to_signalintensity (gvcf_batch_9eb97fc2); status: RUNNING; exit: -; error: -; workDir: /lustre09/project/6008022/mame20/WGS_pipeline/work/bd/2bd15edf0db48e7efd7b7d409326ac started: 1779756942410; exited: -; ]
~> TaskHandler[jobId: 13225331; id: 28; name: gvcf_to_signalintensity (gvcf_batch_8f5548f7); status: RUNNING; exit: -; error: -; workDir: /lustre09/project/6008022/mame20/WGS_pipeline/work/f6/46cecfed3bf993a12fb595bebc2f93 started: 1779756942411; exited: -; ]
~> TaskHandler[jobId: 13225332; id: 29; name: gvcf_to_signalintensity (gvcf_batch_ceba15f1); status: RUNNING; exit: -; error: -; workDir: /lustre09/project/6008022/mame20/WGS_pipeline/work/4b/7d535f728dad720806a4a1ffaf1352 started: 1779756942412; exited: -; ]
~> TaskHandler[jobId: 13225333; id: 30; name: gvcf_to_signalintensity (gvcf_batch_7145000a); status: RUNNING; exit: -; error: -; workDir: /lustre09/project/6008022/mame20/WGS_pipeline/work/89/251124cb7652fb66eda3bf89249ba7 started: 1779756942413; exited: -; ]
~> TaskHandler[jobId: 13225334; id: 31; name: gvcf_to_signalintensity (gvcf_batch_287a9b1e); status: RUNNING; exit: -; error: -; workDir: /lustre09/project/6008022/mame20/WGS_pipeline/work/e3/adc112415039a2268898bf25cc9d62 started: 1779756942414; exited: -; ]
~> TaskHandler[jobId: 13225335; id: 32; name: gvcf_to_signalintensity (gvcf_batch_2391cac3); status: RUNNING; exit: -; error: -; workDir: /lustre09/project/6008022/mame20/WGS_pipeline/work/05/5d3f5dd3d7e080e875b754e2a11216 started: 1779756942416; exited: -; ]
~> TaskHandler[jobId: 13225337; id: 33; name: gvcf_to_signalintensity (gvcf_batch_1eaa0d88); status: RUNNING; exit: -; error: -; workDir: /lustre09/project/6008022/mame20/WGS_pipeline/work/5c/d0999228556f5d72a055e8e9631700 started: 1779756942420; exited: -; ]
~> TaskHandler[jobId: 13225339; id: 34; name: gvcf_to_signalintensity (gvcf_batch_6322c706); status: RUNNING; exit: -; error: -; workDir: /lustre09/project/6008022/mame20/WGS_pipeline/work/9a/3b611f54df5011e3eabab19934192d started: 1779756942421; exited: -; ]
.. remaining tasks omitted.
May-25 22:46:02.765 [Task submitter] DEBUG n.processor.TaskPollingMonitor - %% executor slurm > tasks in the submission queue: 1 -- tasks to be submitted are shown below
~> TaskHandler[jobId: null; id: 125; name: gvcf_to_signalintensity (gvcf_batch_d8739173); status: NEW; exit: -; error: -; workDir: /lustre09/project/6008022/mame20/WGS_pipeline/work/e6/dc9ad49b7f6ff20fc165074555a1ea started: -; exited: -; ]
May-25 22:50:27.679 [Task monitor] DEBUG n.processor.TaskPollingMonitor - Task completed > TaskHandler[jobId: 13225340; id: 35; name: gvcf_to_signalintensity (gvcf_batch_343ad529); status: COMPLETED; exit: 0; error: -; workDir: /lustre09/project/6008022/mame20/WGS_pipeline/work/78/5eec197647f3508aba87bbf51f3246 started: 1779757132406; exited: 2026-05-26T02:50:26Z; ]
May-25 22:50:27.681 [Task monitor] DEBUG nextflow.util.ThreadPoolBuilder - Creating thread pool 'TaskFinalizer' minSize=10; maxSize=10; workQueue=LinkedBlockingQueue[-1]; allowCoreThreadTimeout=false
May-25 22:50:32.846 [Task submitter] DEBUG nextflow.executor.GridTaskHandler - [SLURM] submitted process gvcf_to_signalintensity (gvcf_batch_d8739173) > jobId: 13230939; workDir: /lustre09/project/6008022/mame20/WGS_pipeline/work/e6/dc9ad49b7f6ff20fc165074555a1ea
May-25 22:50:32.847 [Task submitter] INFO  nextflow.Session - [e6/dc9ad4] Submitted process > gvcf_to_signalintensity (gvcf_batch_d8739173)
May-25 22:50:37.674 [Task monitor] DEBUG n.processor.TaskPollingMonitor - !! executor slurm > tasks to be completed: 100 -- submitted tasks are shown below
~> TaskHandler[jobId: 13225325; id: 25; name: gvcf_to_signalintensity (gvcf_batch_f2f9b7ff); status: RUNNING; exit: -; error: -; workDir: /lustre09/project/6008022/mame20/WGS_pipeline/work/61/73403a2cdc15c7a646d70be529e7aa started: 1779756942396; exited: -; ]
~> TaskHandler[jobId: 13225327; id: 26; name: gvcf_to_signalintensity (gvcf_batch_c767103a); status: RUNNING; exit: -; error: -; workDir: /lustre09/project/6008022/mame20/WGS_pipeline/work/3f/32c0a25398c692ab1a7e4a25c28021 started: 1779756942405; exited: -; ]
~> TaskHandler[jobId: 13225329; id: 27; name: gvcf_to_signalintensity (gvcf_batch_9eb97fc2); status: RUNNING; exit: -; error: -; workDir: /lustre09/project/6008022/mame20/WGS_pipeline/work/bd/2bd15edf0db48e7efd7b7d409326ac started: 1779756942410; exited: -; ]
~> TaskHandler[jobId: 13225331; id: 28; name: gvcf_to_signalintensity (gvcf_batch_8f5548f7); status: RUNNING; exit: -; error: -; workDir: /lustre09/project/6008022/mame20/WGS_pipeline/work/f6/46cecfed3bf993a12fb595bebc2f93 started: 1779756942411; exited: -; ]
~> TaskHandler[jobId: 13225332; id: 29; name: gvcf_to_signalintensity (gvcf_batch_ceba15f1); status: RUNNING; exit: -; error: -; workDir: /lustre09/project/6008022/mame20/WGS_pipeline/work/4b/7d535f728dad720806a4a1ffaf1352 started: 1779756942412; exited: -; ]
~> TaskHandler[jobId: 13225333; id: 30; name: gvcf_to_signalintensity (gvcf_batch_7145000a); status: RUNNING; exit: -; error: -; workDir: /lustre09/project/6008022/mame20/WGS_pipeline/work/89/251124cb7652fb66eda3bf89249ba7 started: 1779756942413; exited: -; ]
~> TaskHandler[jobId: 13225334; id: 31; name: gvcf_to_signalintensity (gvcf_batch_287a9b1e); status: RUNNING; exit: -; error: -; workDir: /lustre09/project/6008022/mame20/WGS_pipeline/work/e3/adc112415039a2268898bf25cc9d62 started: 1779756942414; exited: -; ]
~> TaskHandler[jobId: 13225335; id: 32; name: gvcf_to_signalintensity (gvcf_batch_2391cac3); status: RUNNING; exit: -; error: -; workDir: /lustre09/project/6008022/mame20/WGS_pipeline/work/05/5d3f5dd3d7e080e875b754e2a11216 started: 1779756942416; exited: -; ]
~> TaskHandler[jobId: 13225337; id: 33; name: gvcf_to_signalintensity (gvcf_batch_1eaa0d88); status: RUNNING; exit: -; error: -; workDir: /lustre09/project/6008022/mame20/WGS_pipeline/work/5c/d0999228556f5d72a055e8e9631700 started: 1779756942420; exited: -; ]
~> TaskHandler[jobId: 13225339; id: 34; name: gvcf_to_signalintensity (gvcf_batch_6322c706); status: RUNNING; exit: -; error: -; workDir: /lustre09/project/6008022/mame20/WGS_pipeline/work/9a/3b611f54df5011e3eabab19934192d started: 1779756942421; exited: -; ]
.. remaining tasks omitted.
May-25 22:50:50.562 [Task monitor] DEBUG n.processor.TaskPollingMonitor - Task completed > TaskHandler[jobId: 13225484; id: 41; name: gvcf_to_signalintensity (gvcf_batch_55a36b04); status: COMPLETED; exit: 0; error: -; workDir: /lustre09/project/6008022/mame20/WGS_pipeline/work/88/fba883952bea92b8c6cae71a8bebad started: 1779757132417; exited: 2026-05-26T02:50:46Z; ]
May-25 22:51:07.714 [Task monitor] DEBUG n.processor.TaskPollingMonitor - Task completed > TaskHandler[jobId: 13225329; id: 27; name: gvcf_to_signalintensity (gvcf_batch_9eb97fc2); status: COMPLETED; exit: 0; error: -; workDir: /lustre09/project/6008022/mame20/WGS_pipeline/work/bd/2bd15edf0db48e7efd7b7d409326ac started: 1779756942410; exited: 2026-05-26T02:51:05Z; ]
May-25 22:51:32.679 [Task monitor] DEBUG n.processor.TaskPollingMonitor - Task completed > TaskHandler[jobId: 13225479; id: 38; name: gvcf_to_signalintensity (gvcf_batch_9f11eb2f); status: COMPLETED; exit: 0; error: -; workDir: /lustre09/project/6008022/mame20/WGS_pipeline/work/c1/ae6261977e9c646ff8e712cc2f7fb7 started: 1779757132414; exited: 2026-05-26T02:51:30Z; ]
May-25 22:53:17.680 [Task monitor] DEBUG n.processor.TaskPollingMonitor - Task completed > TaskHandler[jobId: 13225551; id: 43; name: gvcf_to_signalintensity (gvcf_batch_25cffe3e); status: COMPLETED; exit: 0; error: -; workDir: /lustre09/project/6008022/mame20/WGS_pipeline/work/ff/d40c852982cea43a1188146e96a3d5 started: 1779757132419; exited: 2026-05-26T02:53:12Z; ]
May-25 22:53:42.682 [Task monitor] DEBUG n.processor.TaskPollingMonitor - Task completed > TaskHandler[jobId: 13225325; id: 25; name: gvcf_to_signalintensity (gvcf_batch_f2f9b7ff); status: COMPLETED; exit: 0; error: -; workDir: /lustre09/project/6008022/mame20/WGS_pipeline/work/61/73403a2cdc15c7a646d70be529e7aa started: 1779756942396; exited: 2026-05-26T02:53:42Z; ]
May-25 22:53:42.687 [Task monitor] DEBUG n.processor.TaskPollingMonitor - Task completed > TaskHandler[jobId: 13225478; id: 37; name: gvcf_to_signalintensity (gvcf_batch_796dcd55); status: COMPLETED; exit: 0; error: -; workDir: /lustre09/project/6008022/mame20/WGS_pipeline/work/d2/4cb9feebf8379ee71ed20404c3dd09 started: 1779757132413; exited: 2026-05-26T02:53:40Z; ]
May-25 22:54:12.684 [Task monitor] DEBUG n.processor.TaskPollingMonitor - Task completed > TaskHandler[jobId: 13225327; id: 26; name: gvcf_to_signalintensity (gvcf_batch_c767103a); status: COMPLETED; exit: 0; error: -; workDir: /lustre09/project/6008022/mame20/WGS_pipeline/work/3f/32c0a25398c692ab1a7e4a25c28021 started: 1779756942405; exited: 2026-05-26T02:54:08Z; ]
May-25 22:54:37.847 [Task monitor] DEBUG n.processor.TaskPollingMonitor - Task completed > TaskHandler[jobId: 13225557; id: 46; name: gvcf_to_signalintensity (gvcf_batch_50491d0a); status: COMPLETED; exit: 0; error: -; workDir: /lustre09/project/6008022/mame20/WGS_pipeline/work/5d/079fa0b3b9607776057b44c9a69c70 started: 1779757323550; exited: 2026-05-26T02:54:36Z; ]
May-25 22:54:52.684 [Task monitor] DEBUG n.processor.TaskPollingMonitor - Task completed > TaskHandler[jobId: 13225331; id: 28; name: gvcf_to_signalintensity (gvcf_batch_8f5548f7); status: COMPLETED; exit: 140; error: -; workDir: /lustre09/project/6008022/mame20/WGS_pipeline/work/f6/46cecfed3bf993a12fb595bebc2f93 started: 1779756942411; exited: 2026-05-26T02:54:48Z; ]
May-25 22:54:52.689 [Task monitor] DEBUG n.processor.TaskPollingMonitor - Task completed > TaskHandler[jobId: 13225332; id: 29; name: gvcf_to_signalintensity (gvcf_batch_ceba15f1); status: COMPLETED; exit: 140; error: -; workDir: /lustre09/project/6008022/mame20/WGS_pipeline/work/4b/7d535f728dad720806a4a1ffaf1352 started: 1779756942412; exited: 2026-05-26T02:54:48Z; ]
May-25 22:54:52.694 [Task monitor] DEBUG n.processor.TaskPollingMonitor - Task completed > TaskHandler[jobId: 13225333; id: 30; name: gvcf_to_signalintensity (gvcf_batch_7145000a); status: COMPLETED; exit: 140; error: -; workDir: /lustre09/project/6008022/mame20/WGS_pipeline/work/89/251124cb7652fb66eda3bf89249ba7 started: 1779756942413; exited: 2026-05-26T02:54:48Z; ]
May-25 22:54:52.699 [Task monitor] DEBUG n.processor.TaskPollingMonitor - Task completed > TaskHandler[jobId: 13225334; id: 31; name: gvcf_to_signalintensity (gvcf_batch_287a9b1e); status: COMPLETED; exit: 140; error: -; workDir: /lustre09/project/6008022/mame20/WGS_pipeline/work/e3/adc112415039a2268898bf25cc9d62 started: 1779756942414; exited: 2026-05-26T02:54:48Z; ]
May-25 22:54:52.704 [Task monitor] DEBUG n.processor.TaskPollingMonitor - Task completed > TaskHandler[jobId: 13225335; id: 32; name: gvcf_to_signalintensity (gvcf_batch_2391cac3); status: COMPLETED; exit: 140; error: -; workDir: /lustre09/project/6008022/mame20/WGS_pipeline/work/05/5d3f5dd3d7e080e875b754e2a11216 started: 1779756942416; exited: 2026-05-26T02:54:48Z; ]
May-25 22:54:52.709 [TaskFinalizer-4] DEBUG nextflow.processor.TaskProcessor - Handling unexpected condition for
  task: name=gvcf_to_signalintensity (gvcf_batch_2391cac3); work-dir=/lustre09/project/6008022/mame20/WGS_pipeline/work/05/5d3f5dd3d7e080e875b754e2a11216
  error [nextflow.exception.ProcessFailedException]: Process `gvcf_to_signalintensity (gvcf_batch_2391cac3)` terminated with an error exit status (140)
May-25 22:54:52.714 [Task monitor] DEBUG n.processor.TaskPollingMonitor - Task completed > TaskHandler[jobId: 13225337; id: 33; name: gvcf_to_signalintensity (gvcf_batch_1eaa0d88); status: COMPLETED; exit: 140; error: -; workDir: /lustre09/project/6008022/mame20/WGS_pipeline/work/5c/d0999228556f5d72a055e8e9631700 started: 1779756942420; exited: 2026-05-26T02:54:48Z; ]
May-25 22:54:52.717 [Task monitor] DEBUG n.processor.TaskPollingMonitor - Task completed > TaskHandler[jobId: 13225339; id: 34; name: gvcf_to_signalintensity (gvcf_batch_6322c706); status: COMPLETED; exit: 140; error: -; workDir: /lustre09/project/6008022/mame20/WGS_pipeline/work/9a/3b611f54df5011e3eabab19934192d started: 1779756942421; exited: 2026-05-26T02:54:48Z; ]
May-25 22:54:52.735 [TaskFinalizer-4] INFO  nextflow.processor.TaskProcessor - [05/5d3f5d] NOTE: Process `gvcf_to_signalintensity (gvcf_batch_2391cac3)` terminated with an error exit status (140) -- Execution is retried (1)
May-25 22:54:52.740 [TaskFinalizer-10] DEBUG nextflow.processor.TaskProcessor - Handling unexpected condition for
  task: name=gvcf_to_signalintensity (gvcf_batch_8f5548f7); work-dir=/lustre09/project/6008022/mame20/WGS_pipeline/work/f6/46cecfed3bf993a12fb595bebc2f93
  error [nextflow.exception.ProcessFailedException]: Process `gvcf_to_signalintensity (gvcf_batch_8f5548f7)` terminated with an error exit status (140)
May-25 22:54:52.746 [TaskFinalizer-10] INFO  nextflow.processor.TaskProcessor - [f6/46cecf] NOTE: Process `gvcf_to_signalintensity (gvcf_batch_8f5548f7)` terminated with an error exit status (140) -- Execution is retried (1)
May-25 22:54:52.747 [TaskFinalizer-6] DEBUG nextflow.processor.TaskProcessor - Handling unexpected condition for
  task: name=gvcf_to_signalintensity (gvcf_batch_6322c706); work-dir=/lustre09/project/6008022/mame20/WGS_pipeline/work/9a/3b611f54df5011e3eabab19934192d
  error [nextflow.exception.ProcessFailedException]: Process `gvcf_to_signalintensity (gvcf_batch_6322c706)` terminated with an error exit status (140)
May-25 22:54:52.748 [TaskFinalizer-6] INFO  nextflow.processor.TaskProcessor - [9a/3b611f] NOTE: Process `gvcf_to_signalintensity (gvcf_batch_6322c706)` terminated with an error exit status (140) -- Execution is retried (1)
May-25 22:54:52.749 [TaskFinalizer-5] DEBUG nextflow.processor.TaskProcessor - Handling unexpected condition for
  task: name=gvcf_to_signalintensity (gvcf_batch_1eaa0d88); work-dir=/lustre09/project/6008022/mame20/WGS_pipeline/work/5c/d0999228556f5d72a055e8e9631700
  error [nextflow.exception.ProcessFailedException]: Process `gvcf_to_signalintensity (gvcf_batch_1eaa0d88)` terminated with an error exit status (140)
May-25 22:54:52.749 [TaskFinalizer-5] INFO  nextflow.processor.TaskProcessor - [5c/d09992] NOTE: Process `gvcf_to_signalintensity (gvcf_batch_1eaa0d88)` terminated with an error exit status (140) -- Execution is retried (1)
May-25 22:54:52.750 [TaskFinalizer-2] DEBUG nextflow.processor.TaskProcessor - Handling unexpected condition for
  task: name=gvcf_to_signalintensity (gvcf_batch_7145000a); work-dir=/lustre09/project/6008022/mame20/WGS_pipeline/work/89/251124cb7652fb66eda3bf89249ba7
  error [nextflow.exception.ProcessFailedException]: Process `gvcf_to_signalintensity (gvcf_batch_7145000a)` terminated with an error exit status (140)
May-25 22:54:52.751 [TaskFinalizer-2] INFO  nextflow.processor.TaskProcessor - [89/251124] NOTE: Process `gvcf_to_signalintensity (gvcf_batch_7145000a)` terminated with an error exit status (140) -- Execution is retried (1)
May-25 22:54:52.751 [TaskFinalizer-1] DEBUG nextflow.processor.TaskProcessor - Handling unexpected condition for
  task: name=gvcf_to_signalintensity (gvcf_batch_ceba15f1); work-dir=/lustre09/project/6008022/mame20/WGS_pipeline/work/4b/7d535f728dad720806a4a1ffaf1352
  error [nextflow.exception.ProcessFailedException]: Process `gvcf_to_signalintensity (gvcf_batch_ceba15f1)` terminated with an error exit status (140)
May-25 22:54:52.751 [TaskFinalizer-1] INFO  nextflow.processor.TaskProcessor - [4b/7d535f] NOTE: Process `gvcf_to_signalintensity (gvcf_batch_ceba15f1)` terminated with an error exit status (140) -- Execution is retried (1)
May-25 22:54:52.752 [TaskFinalizer-3] DEBUG nextflow.processor.TaskProcessor - Handling unexpected condition for
  task: name=gvcf_to_signalintensity (gvcf_batch_287a9b1e); work-dir=/lustre09/project/6008022/mame20/WGS_pipeline/work/e3/adc112415039a2268898bf25cc9d62
  error [nextflow.exception.ProcessFailedException]: Process `gvcf_to_signalintensity (gvcf_batch_287a9b1e)` terminated with an error exit status (140)
May-25 22:54:52.752 [TaskFinalizer-3] INFO  nextflow.processor.TaskProcessor - [e3/adc112] NOTE: Process `gvcf_to_signalintensity (gvcf_batch_287a9b1e)` terminated with an error exit status (140) -- Execution is retried (1)
May-25 22:54:52.873 [Task submitter] DEBUG nextflow.executor.GridTaskHandler - [SLURM] submitted process gvcf_to_signalintensity (gvcf_batch_8f5548f7) > jobId: 13230999; workDir: /lustre09/project/6008022/mame20/WGS_pipeline/work/27/c7d5534202ce33340c90d2bba86900
May-25 22:54:52.874 [Task submitter] INFO  nextflow.Session - [27/c7d553] Re-submitted process > gvcf_to_signalintensity (gvcf_batch_8f5548f7)
May-25 22:54:57.858 [Task submitter] DEBUG nextflow.executor.GridTaskHandler - [SLURM] submitted process gvcf_to_signalintensity (gvcf_batch_2391cac3) > jobId: 13231000; workDir: /lustre09/project/6008022/mame20/WGS_pipeline/work/b0/2323e0eeccb12849d11ea4e1a90583
May-25 22:54:57.859 [Task submitter] INFO  nextflow.Session - [b0/2323e0] Re-submitted process > gvcf_to_signalintensity (gvcf_batch_2391cac3)
May-25 22:55:03.855 [Task submitter] DEBUG nextflow.executor.GridTaskHandler - [SLURM] submitted process gvcf_to_signalintensity (gvcf_batch_1eaa0d88) > jobId: 13231001; workDir: /lustre09/project/6008022/mame20/WGS_pipeline/work/7a/f7588567fed32fe322a6023eb078d9
May-25 22:55:03.855 [Task submitter] INFO  nextflow.Session - [7a/f75885] Re-submitted process > gvcf_to_signalintensity (gvcf_batch_1eaa0d88)
May-25 22:55:07.683 [Task monitor] DEBUG n.processor.TaskPollingMonitor - Task completed > TaskHandler[jobId: 13225477; id: 36; name: gvcf_to_signalintensity (gvcf_batch_ba1a52ed); status: COMPLETED; exit: 0; error: -; workDir: /lustre09/project/6008022/mame20/WGS_pipeline/work/ee/59f201fe7e9ab782c392526e61996e started: 1779757132411; exited: 2026-05-26T02:55:04Z; ]
May-25 22:55:09.856 [Task submitter] DEBUG nextflow.executor.GridTaskHandler - [SLURM] submitted process gvcf_to_signalintensity (gvcf_batch_6322c706) > jobId: 13231004; workDir: /lustre09/project/6008022/mame20/WGS_pipeline/work/50/81d4f3d1596ebedfebaef39e71ca72
May-25 22:55:09.856 [Task submitter] INFO  nextflow.Session - [50/81d4f3] Re-submitted process > gvcf_to_signalintensity (gvcf_batch_6322c706)
May-25 22:55:15.851 [Task submitter] DEBUG nextflow.executor.GridTaskHandler - [SLURM] submitted process gvcf_to_signalintensity (gvcf_batch_7145000a) > jobId: 13231005; workDir: /lustre09/project/6008022/mame20/WGS_pipeline/work/bd/cccceedf3df72e2aef6761e5f363cd
May-25 22:55:15.851 [Task submitter] INFO  nextflow.Session - [bd/ccccee] Re-submitted process > gvcf_to_signalintensity (gvcf_batch_7145000a)
May-25 22:55:23.400 [Task submitter] DEBUG nextflow.executor.GridTaskHandler - [SLURM] submitted process gvcf_to_signalintensity (gvcf_batch_287a9b1e) > jobId: 13231020; workDir: /lustre09/project/6008022/mame20/WGS_pipeline/work/12/3bb45aa6da9a5f976d181e123fd7eb
May-25 22:55:23.400 [Task submitter] INFO  nextflow.Session - [12/3bb45a] Re-submitted process > gvcf_to_signalintensity (gvcf_batch_287a9b1e)
May-25 22:55:27.862 [Task submitter] DEBUG nextflow.executor.GridTaskHandler - [SLURM] submitted process gvcf_to_signalintensity (gvcf_batch_ceba15f1) > jobId: 13231029; workDir: /lustre09/project/6008022/mame20/WGS_pipeline/work/d2/ac2149b2780ce0dccd547fdb32d20e
May-25 22:55:27.862 [Task submitter] INFO  nextflow.Session - [d2/ac2149] Re-submitted process > gvcf_to_signalintensity (gvcf_batch_ceba15f1)
May-25 22:55:37.683 [Task monitor] DEBUG n.processor.TaskPollingMonitor - !! executor slurm > tasks to be completed: 91 -- submitted tasks are shown below
~> TaskHandler[jobId: 13225480; id: 39; name: gvcf_to_signalintensity (gvcf_batch_9a43d572); status: RUNNING; exit: -; error: -; workDir: /lustre09/project/6008022/mame20/WGS_pipeline/work/7a/27d213206a8aa822d91853b5c64168 started: 1779757132415; exited: -; ]
~> TaskHandler[jobId: 13225483; id: 40; name: gvcf_to_signalintensity (gvcf_batch_176fc2f7); status: RUNNING; exit: -; error: -; workDir: /lustre09/project/6008022/mame20/WGS_pipeline/work/53/e18720c692e06a572684324c7b033f started: 1779757132416; exited: -; ]
~> TaskHandler[jobId: 13225502; id: 42; name: gvcf_to_signalintensity (gvcf_batch_709963d1); status: RUNNING; exit: -; error: -; workDir: /lustre09/project/6008022/mame20/WGS_pipeline/work/70/0be26df9db9392c15de01cd882ae34 started: 1779757132418; exited: -; ]
~> TaskHandler[jobId: 13225555; id: 44; name: gvcf_to_signalintensity (gvcf_batch_35206a01); status: RUNNING; exit: -; error: -; workDir: /lustre09/project/6008022/mame20/WGS_pipeline/work/08/a7307f3aeb56374bd3a9cd3e11e179 started: 1779757132437; exited: -; ]
~> TaskHandler[jobId: 13225556; id: 45; name: gvcf_to_signalintensity (gvcf_batch_8f2fea8f); status: RUNNING; exit: -; error: -; workDir: /lustre09/project/6008022/mame20/WGS_pipeline/work/3e/fe005e82502e766153fcdb383570e9 started: 1779757323548; exited: -; ]
~> TaskHandler[jobId: 13225558; id: 47; name: gvcf_to_signalintensity (gvcf_batch_16438bda); status: RUNNING; exit: -; error: -; workDir: /lustre09/project/6008022/mame20/WGS_pipeline/work/1b/9c21d448d8500826d43fa37c912234 started: 1779757323551; exited: -; ]
~> TaskHandler[jobId: 13225559; id: 48; name: gvcf_to_signalintensity (gvcf_batch_45c315b4); status: RUNNING; exit: -; error: -; workDir: /lustre09/project/6008022/mame20/WGS_pipeline/work/f1/5491a2cdddba5dd3e8a7ffafcfdb7d started: 1779757323552; exited: -; ]
~> TaskHandler[jobId: 13225561; id: 49; name: gvcf_to_signalintensity (gvcf_batch_271d8103); status: RUNNING; exit: -; error: -; workDir: /lustre09/project/6008022/mame20/WGS_pipeline/work/b1/a4034534a16439cd6af21f7f781701 started: 1779757323554; exited: -; ]
~> TaskHandler[jobId: 13225562; id: 50; name: gvcf_to_signalintensity (gvcf_batch_8b6a5ed2); status: RUNNING; exit: -; error: -; workDir: /lustre09/project/6008022/mame20/WGS_pipeline/work/b8/6d037966faf4055e415dcedf5643be started: 1779757323555; exited: -; ]
~> TaskHandler[jobId: 13225563; id: 51; name: gvcf_to_signalintensity (gvcf_batch_1a24470a); status: RUNNING; exit: -; error: -; workDir: /lustre09/project/6008022/mame20/WGS_pipeline/work/4c/2853bc983e6dacec56ab4b0a3c7f68 started: 1779757323556; exited: -; ]
.. remaining tasks omitted.
May-25 22:55:47.687 [Task monitor] DEBUG n.processor.TaskPollingMonitor - Task completed > TaskHandler[jobId: 13225565; id: 52; name: gvcf_to_signalintensity (gvcf_batch_747cd6e0); status: COMPLETED; exit: 0; error: -; workDir: /lustre09/project/6008022/mame20/WGS_pipeline/work/86/61d13eb5200cb60278a2bc1976b318 started: 1779757323557; exited: 2026-05-26T02:55:45Z; ]
May-25 22:56:27.688 [Task monitor] DEBUG n.processor.TaskPollingMonitor - Task completed > TaskHandler[jobId: 13225555; id: 44; name: gvcf_to_signalintensity (gvcf_batch_35206a01); status: COMPLETED; exit: 0; error: -; workDir: /lustre09/project/6008022/mame20/WGS_pipeline/work/08/a7307f3aeb56374bd3a9cd3e11e179 started: 1779757132437; exited: 2026-05-26T02:56:25Z; ]
May-25 22:56:42.690 [Task monitor] DEBUG n.processor.TaskPollingMonitor - Task completed > TaskHandler[jobId: 13225573; id: 55; name: gvcf_to_signalintensity (gvcf_batch_15520d10); status: COMPLETED; exit: 0; error: -; workDir: /lustre09/project/6008022/mame20/WGS_pipeline/work/b8/d8264a9cbf512c64ae78951c2025f7 started: 1779757512422; exited: 2026-05-26T02:56:39Z; ]
May-25 22:57:02.814 [Task monitor] DEBUG n.processor.TaskPollingMonitor - Task completed > TaskHandler[jobId: 13225558; id: 47; name: gvcf_to_signalintensity (gvcf_batch_16438bda); status: COMPLETED; exit: 0; error: -; workDir: /lustre09/project/6008022/mame20/WGS_pipeline/work/1b/9c21d448d8500826d43fa37c912234 started: 1779757323551; exited: 2026-05-26T02:56:59Z; ]
May-25 22:57:52.694 [Task monitor] DEBUG n.processor.TaskPollingMonitor - Task completed > TaskHandler[jobId: 13225483; id: 40; name: gvcf_to_signalintensity (gvcf_batch_176fc2f7); status: COMPLETED; exit: 140; error: -; workDir: /lustre09/project/6008022/mame20/WGS_pipeline/work/53/e18720c692e06a572684324c7b033f started: 1779757132416; exited: 2026-05-26T02:57:48Z; ]
May-25 22:57:52.699 [TaskFinalizer-2] DEBUG nextflow.processor.TaskProcessor - Handling unexpected condition for
  task: name=gvcf_to_signalintensity (gvcf_batch_176fc2f7); work-dir=/lustre09/project/6008022/mame20/WGS_pipeline/work/53/e18720c692e06a572684324c7b033f
  error [nextflow.exception.ProcessFailedException]: Process `gvcf_to_signalintensity (gvcf_batch_176fc2f7)` terminated with an error exit status (140)
May-25 22:57:52.705 [TaskFinalizer-2] INFO  nextflow.processor.TaskProcessor - [53/e18720] NOTE: Process `gvcf_to_signalintensity (gvcf_batch_176fc2f7)` terminated with an error exit status (140) -- Execution is retried (1)
May-25 22:57:52.714 [Task monitor] DEBUG n.processor.TaskPollingMonitor - Task completed > TaskHandler[jobId: 13225502; id: 42; name: gvcf_to_signalintensity (gvcf_batch_709963d1); status: COMPLETED; exit: 140; error: -; workDir: /lustre09/project/6008022/mame20/WGS_pipeline/work/70/0be26df9db9392c15de01cd882ae34 started: 1779757132418; exited: 2026-05-26T02:57:48Z; ]
May-25 22:57:52.718 [TaskFinalizer-3] DEBUG nextflow.processor.TaskProcessor - Handling unexpected condition for
  task: name=gvcf_to_signalintensity (gvcf_batch_709963d1); work-dir=/lustre09/project/6008022/mame20/WGS_pipeline/work/70/0be26df9db9392c15de01cd882ae34
  error [nextflow.exception.ProcessFailedException]: Process `gvcf_to_signalintensity (gvcf_batch_709963d1)` terminated with an error exit status (140)
May-25 22:57:52.722 [TaskFinalizer-3] INFO  nextflow.processor.TaskProcessor - [70/0be26d] NOTE: Process `gvcf_to_signalintensity (gvcf_batch_709963d1)` terminated with an error exit status (140) -- Execution is retried (1)
May-25 22:57:52.764 [Task submitter] DEBUG nextflow.executor.GridTaskHandler - [SLURM] submitted process gvcf_to_signalintensity (gvcf_batch_176fc2f7) > jobId: 13231055; workDir: /lustre09/project/6008022/mame20/WGS_pipeline/work/8e/97d90602da2a3a69794a69d52ac62f
May-25 22:57:52.764 [Task submitter] INFO  nextflow.Session - [8e/97d906] Re-submitted process > gvcf_to_signalintensity (gvcf_batch_176fc2f7)
May-25 22:57:57.693 [Task monitor] DEBUG n.processor.TaskPollingMonitor - Task completed > TaskHandler[jobId: 13225480; id: 39; name: gvcf_to_signalintensity (gvcf_batch_9a43d572); status: COMPLETED; exit: 140; error: -; workDir: /lustre09/project/6008022/mame20/WGS_pipeline/work/7a/27d213206a8aa822d91853b5c64168 started: 1779757132415; exited: 2026-05-26T02:57:53Z; ]
May-25 22:57:57.698 [TaskFinalizer-10] DEBUG nextflow.processor.TaskProcessor - Handling unexpected condition for
  task: name=gvcf_to_signalintensity (gvcf_batch_9a43d572); work-dir=/lustre09/project/6008022/mame20/WGS_pipeline/work/7a/27d213206a8aa822d91853b5c64168
  error [nextflow.exception.ProcessFailedException]: Process `gvcf_to_signalintensity (gvcf_batch_9a43d572)` terminated with an error exit status (140)
May-25 22:57:57.699 [TaskFinalizer-10] INFO  nextflow.processor.TaskProcessor - [7a/27d213] NOTE: Process `gvcf_to_signalintensity (gvcf_batch_9a43d572)` terminated with an error exit status (140) -- Execution is retried (1)
May-25 22:57:57.760 [Task submitter] DEBUG nextflow.executor.GridTaskHandler - [SLURM] submitted process gvcf_to_signalintensity (gvcf_batch_709963d1) > jobId: 13231060; workDir: /lustre09/project/6008022/mame20/WGS_pipeline/work/08/16fb4da8b8554c6e6f891a6c429945
May-25 22:57:57.761 [Task submitter] INFO  nextflow.Session - [08/16fb4d] Re-submitted process > gvcf_to_signalintensity (gvcf_batch_709963d1)
May-25 22:58:03.756 [Task submitter] DEBUG nextflow.executor.GridTaskHandler - [SLURM] submitted process gvcf_to_signalintensity (gvcf_batch_9a43d572) > jobId: 13231063; workDir: /lustre09/project/6008022/mame20/WGS_pipeline/work/a4/971dd78aee4e8cec86d5c85c3c6ef4
May-25 22:58:03.756 [Task submitter] INFO  nextflow.Session - [a4/971dd7] Re-submitted process > gvcf_to_signalintensity (gvcf_batch_9a43d572)
May-25 22:58:12.694 [Task monitor] DEBUG n.processor.TaskPollingMonitor - Task completed > TaskHandler[jobId: 13225570; id: 54; name: gvcf_to_signalintensity (gvcf_batch_e73a8385); status: COMPLETED; exit: 0; error: -; workDir: /lustre09/project/6008022/mame20/WGS_pipeline/work/4b/47a82adc8d7461d6e79772c89ce25c started: 1779757323564; exited: 2026-05-26T02:58:09Z; ]
May-25 22:58:57.695 [Task monitor] DEBUG n.processor.TaskPollingMonitor - Task completed > TaskHandler[jobId: 13225561; id: 49; name: gvcf_to_signalintensity (gvcf_batch_271d8103); status: COMPLETED; exit: 0; error: -; workDir: /lustre09/project/6008022/mame20/WGS_pipeline/work/b1/a4034534a16439cd6af21f7f781701 started: 1779757323554; exited: 2026-05-26T02:58:54Z; ]
May-25 22:59:22.695 [Task monitor] DEBUG n.processor.TaskPollingMonitor - Task completed > TaskHandler[jobId: 13225556; id: 45; name: gvcf_to_signalintensity (gvcf_batch_8f2fea8f); status: COMPLETED; exit: 0; error: -; workDir: /lustre09/project/6008022/mame20/WGS_pipeline/work/3e/fe005e82502e766153fcdb383570e9 started: 1779757323548; exited: 2026-05-26T02:59:18Z; ]
May-25 22:59:27.696 [Task monitor] DEBUG n.processor.TaskPollingMonitor - Task completed > TaskHandler[jobId: 13225578; id: 60; name: gvcf_to_signalintensity (gvcf_batch_ab99bbd1); status: COMPLETED; exit: 0; error: -; workDir: /lustre09/project/6008022/mame20/WGS_pipeline/work/26/4173f5ae6112393cd24a2f191251cf started: 1779757512435; exited: 2026-05-26T02:59:23Z; ]
May-25 22:59:37.696 [Task monitor] DEBUG n.processor.TaskPollingMonitor - Task completed > TaskHandler[jobId: 13225562; id: 50; name: gvcf_to_signalintensity (gvcf_batch_8b6a5ed2); status: COMPLETED; exit: 0; error: -; workDir: /lustre09/project/6008022/mame20/WGS_pipeline/work/b8/6d037966faf4055e415dcedf5643be started: 1779757323555; exited: 2026-05-26T02:59:36Z; ]
May-25 22:59:47.697 [Task monitor] DEBUG n.processor.TaskPollingMonitor - Task completed > TaskHandler[jobId: 13225587; id: 68; name: gvcf_to_signalintensity (gvcf_batch_035a5097); status: COMPLETED; exit: 0; error: -; workDir: /lustre09/project/6008022/mame20/WGS_pipeline/work/39/eeb8d8150bc87f9a02b40716c9da4f started: 1779757702462; exited: 2026-05-26T02:59:46Z; ]
May-25 22:59:57.696 [Task monitor] DEBUG n.processor.TaskPollingMonitor - Task completed > TaskHandler[jobId: 13225591; id: 72; name: gvcf_to_signalintensity (gvcf_batch_0d73df36); status: COMPLETED; exit: 0; error: -; workDir: /lustre09/project/6008022/mame20/WGS_pipeline/work/3a/b8886feffc7c09e8a1c6e56430806c started: 1779757702468; exited: 2026-05-26T02:59:54Z; ]
May-25 23:00:02.695 [Task monitor] DEBUG n.processor.TaskPollingMonitor - Task completed > TaskHandler[jobId: 13225577; id: 59; name: gvcf_to_signalintensity (gvcf_batch_04545e85); status: COMPLETED; exit: 0; error: -; workDir: /lustre09/project/6008022/mame20/WGS_pipeline/work/e9/c5b328fe03433c8fcfc4d1b56b43c1 started: 1779757512433; exited: 2026-05-26T02:59:59Z; ]
May-25 23:00:07.722 [Task monitor] DEBUG n.processor.TaskPollingMonitor - Task completed > TaskHandler[jobId: 13225582; id: 64; name: gvcf_to_signalintensity (gvcf_batch_7d150523); status: COMPLETED; exit: 0; error: -; workDir: /lustre09/project/6008022/mame20/WGS_pipeline/work/27/2f30b70a6ad7b83af97da1c2834dd0 started: 1779757512439; exited: 2026-05-26T03:00:05Z; ]
May-25 23:00:32.697 [Task monitor] DEBUG n.processor.TaskPollingMonitor - Task completed > TaskHandler[jobId: 13225579; id: 61; name: gvcf_to_signalintensity (gvcf_batch_2bca34b4); status: COMPLETED; exit: 0; error: -; workDir: /lustre09/project/6008022/mame20/WGS_pipeline/work/e8/18cca8f040127cf17c30091bafe35c started: 1779757512436; exited: 2026-05-26T03:00:32Z; ]
May-25 23:00:37.694 [Task monitor] DEBUG n.processor.TaskPollingMonitor - !! executor slurm > tasks to be completed: 77 -- submitted tasks are shown below
~> TaskHandler[jobId: 13225559; id: 48; name: gvcf_to_signalintensity (gvcf_batch_45c315b4); status: RUNNING; exit: -; error: -; workDir: /lustre09/project/6008022/mame20/WGS_pipeline/work/f1/5491a2cdddba5dd3e8a7ffafcfdb7d started: 1779757323552; exited: -; ]
~> TaskHandler[jobId: 13225563; id: 51; name: gvcf_to_signalintensity (gvcf_batch_1a24470a); status: RUNNING; exit: -; error: -; workDir: /lustre09/project/6008022/mame20/WGS_pipeline/work/4c/2853bc983e6dacec56ab4b0a3c7f68 started: 1779757323556; exited: -; ]
~> TaskHandler[jobId: 13225566; id: 53; name: gvcf_to_signalintensity (gvcf_batch_8f404b4a); status: RUNNING; exit: -; error: -; workDir: /lustre09/project/6008022/mame20/WGS_pipeline/work/bc/0523b2a2e2c5d1b15f442a3516907c started: 1779757323562; exited: -; ]
~> TaskHandler[jobId: 13225574; id: 56; name: gvcf_to_signalintensity (gvcf_batch_b4115050); status: RUNNING; exit: -; error: -; workDir: /lustre09/project/6008022/mame20/WGS_pipeline/work/ec/520660bc223ade5744c95317c6fd5a started: 1779757512426; exited: -; ]
~> TaskHandler[jobId: 13225575; id: 57; name: gvcf_to_signalintensity (gvcf_batch_47092cd2); status: RUNNING; exit: -; error: -; workDir: /lustre09/project/6008022/mame20/WGS_pipeline/work/4e/60a5e6ab24fab16de03b36333a5acb started: 1779757512428; exited: -; ]
~> TaskHandler[jobId: 13225576; id: 58; name: gvcf_to_signalintensity (gvcf_batch_9cad9d72); status: RUNNING; exit: -; error: -; workDir: /lustre09/project/6008022/mame20/WGS_pipeline/work/03/f119257f61955313d5449287336d05 started: 1779757512429; exited: -; ]
~> TaskHandler[jobId: 13225580; id: 62; name: gvcf_to_signalintensity (gvcf_batch_9c69deb4); status: RUNNING; exit: -; error: -; workDir: /lustre09/project/6008022/mame20/WGS_pipeline/work/06/1ee504d4a0e9495bccefb29b8b95b4 started: 1779757512437; exited: -; ]
~> TaskHandler[jobId: 13225581; id: 63; name: gvcf_to_signalintensity (gvcf_batch_dae2c395); status: RUNNING; exit: -; error: -; workDir: /lustre09/project/6008022/mame20/WGS_pipeline/work/b2/e575b31d83f6672b96ba3df506a160 started: 1779757512438; exited: -; ]
~> TaskHandler[jobId: 13225583; id: 65; name: gvcf_to_signalintensity (gvcf_batch_bceec34f); status: RUNNING; exit: -; error: -; workDir: /lustre09/project/6008022/mame20/WGS_pipeline/work/d0/966c73dd04b84e8bd9f649bfb21af7 started: 1779757702430; exited: -; ]
~> TaskHandler[jobId: 13225584; id: 66; name: gvcf_to_signalintensity (gvcf_batch_c312ba8f); status: RUNNING; exit: -; error: -; workDir: /lustre09/project/6008022/mame20/WGS_pipeline/work/21/c03b3bd20cf12bb1ff9081e8c2f623 started: 1779757702431; exited: -; ]
.. remaining tasks omitted.
May-25 23:01:07.765 [Task monitor] DEBUG n.processor.TaskPollingMonitor - Task completed > TaskHandler[jobId: 13225580; id: 62; name: gvcf_to_signalintensity (gvcf_batch_9c69deb4); status: COMPLETED; exit: 0; error: -; workDir: /lustre09/project/6008022/mame20/WGS_pipeline/work/06/1ee504d4a0e9495bccefb29b8b95b4 started: 1779757512437; exited: 2026-05-26T03:01:04Z; ]
May-25 23:01:22.700 [Task monitor] DEBUG n.processor.TaskPollingMonitor - Task completed > TaskHandler[jobId: 13225559; id: 48; name: gvcf_to_signalintensity (gvcf_batch_45c315b4); status: COMPLETED; exit: 140; error: -; workDir: /lustre09/project/6008022/mame20/WGS_pipeline/work/f1/5491a2cdddba5dd3e8a7ffafcfdb7d started: 1779757323552; exited: 2026-05-26T03:01:19Z; ]
May-25 23:01:22.703 [Task monitor] DEBUG n.processor.TaskPollingMonitor - Task completed > TaskHandler[jobId: 13225563; id: 51; name: gvcf_to_signalintensity (gvcf_batch_1a24470a); status: COMPLETED; exit: 140; error: -; workDir: /lustre09/project/6008022/mame20/WGS_pipeline/work/4c/2853bc983e6dacec56ab4b0a3c7f68 started: 1779757323556; exited: 2026-05-26T03:01:19Z; ]
May-25 23:01:22.707 [Task monitor] DEBUG n.processor.TaskPollingMonitor - Task completed > TaskHandler[jobId: 13225566; id: 53; name: gvcf_to_signalintensity (gvcf_batch_8f404b4a); status: COMPLETED; exit: 140; error: -; workDir: /lustre09/project/6008022/mame20/WGS_pipeline/work/bc/0523b2a2e2c5d1b15f442a3516907c started: 1779757323562; exited: 2026-05-26T03:01:19Z; ]
May-25 23:01:22.712 [TaskFinalizer-6] DEBUG nextflow.processor.TaskProcessor - Handling unexpected condition for
  task: name=gvcf_to_signalintensity (gvcf_batch_45c315b4); work-dir=/lustre09/project/6008022/mame20/WGS_pipeline/work/f1/5491a2cdddba5dd3e8a7ffafcfdb7d
  error [nextflow.exception.ProcessFailedException]: Process `gvcf_to_signalintensity (gvcf_batch_45c315b4)` terminated with an error exit status (140)
May-25 23:01:22.713 [TaskFinalizer-6] INFO  nextflow.processor.TaskProcessor - [f1/5491a2] NOTE: Process `gvcf_to_signalintensity (gvcf_batch_45c315b4)` terminated with an error exit status (140) -- Execution is retried (1)
May-25 23:01:22.715 [TaskFinalizer-7] DEBUG nextflow.processor.TaskProcessor - Handling unexpected condition for
  task: name=gvcf_to_signalintensity (gvcf_batch_1a24470a); work-dir=/lustre09/project/6008022/mame20/WGS_pipeline/work/4c/2853bc983e6dacec56ab4b0a3c7f68
  error [nextflow.exception.ProcessFailedException]: Process `gvcf_to_signalintensity (gvcf_batch_1a24470a)` terminated with an error exit status (140)
May-25 23:01:22.716 [TaskFinalizer-7] INFO  nextflow.processor.TaskProcessor - [4c/2853bc] NOTE: Process `gvcf_to_signalintensity (gvcf_batch_1a24470a)` terminated with an error exit status (140) -- Execution is retried (1)
May-25 23:01:22.724 [TaskFinalizer-8] DEBUG nextflow.processor.TaskProcessor - Handling unexpected condition for
  task: name=gvcf_to_signalintensity (gvcf_batch_8f404b4a); work-dir=/lustre09/project/6008022/mame20/WGS_pipeline/work/bc/0523b2a2e2c5d1b15f442a3516907c
  error [nextflow.exception.ProcessFailedException]: Process `gvcf_to_signalintensity (gvcf_batch_8f404b4a)` terminated with an error exit status (140)
May-25 23:01:22.726 [TaskFinalizer-8] INFO  nextflow.processor.TaskProcessor - [bc/0523b2] NOTE: Process `gvcf_to_signalintensity (gvcf_batch_8f404b4a)` terminated with an error exit status (140) -- Execution is retried (1)
May-25 23:01:22.793 [Task submitter] DEBUG nextflow.executor.GridTaskHandler - [SLURM] submitted process gvcf_to_signalintensity (gvcf_batch_45c315b4) > jobId: 13231108; workDir: /lustre09/project/6008022/mame20/WGS_pipeline/work/3f/65333646cf95ddefc985776ff530fb
May-25 23:01:22.794 [Task submitter] INFO  nextflow.Session - [3f/653336] Re-submitted process > gvcf_to_signalintensity (gvcf_batch_45c315b4)
May-25 23:01:27.787 [Task submitter] DEBUG nextflow.executor.GridTaskHandler - [SLURM] submitted process gvcf_to_signalintensity (gvcf_batch_1a24470a) > jobId: 13231110; workDir: /lustre09/project/6008022/mame20/WGS_pipeline/work/3f/690418f2bf13212e7aa2e32ae20c38
May-25 23:01:27.788 [Task submitter] INFO  nextflow.Session - [3f/690418] Re-submitted process > gvcf_to_signalintensity (gvcf_batch_1a24470a)
May-25 23:01:33.769 [Task submitter] DEBUG nextflow.executor.GridTaskHandler - [SLURM] submitted process gvcf_to_signalintensity (gvcf_batch_8f404b4a) > jobId: 13231111; workDir: /lustre09/project/6008022/mame20/WGS_pipeline/work/cd/0485dc8654205d8dd3ef1af2868ee7
May-25 23:01:33.770 [Task submitter] INFO  nextflow.Session - [cd/0485dc] Re-submitted process > gvcf_to_signalintensity (gvcf_batch_8f404b4a)
May-25 23:03:07.721 [Task monitor] DEBUG n.processor.TaskPollingMonitor - Task completed > TaskHandler[jobId: 13225590; id: 71; name: gvcf_to_signalintensity (gvcf_batch_574e1801); status: COMPLETED; exit: 0; error: -; workDir: /lustre09/project/6008022/mame20/WGS_pipeline/work/e1/bd84f7bc1ddc724c32397bbc3f57a2 started: 1779757702467; exited: 2026-05-26T03:03:02Z; ]
May-25 23:03:22.705 [Task monitor] DEBUG n.processor.TaskPollingMonitor - Task completed > TaskHandler[jobId: 13225663; id: 89; name: gvcf_to_signalintensity (gvcf_batch_c59fa888); status: COMPLETED; exit: 0; error: -; workDir: /lustre09/project/6008022/mame20/WGS_pipeline/work/82/4a4a68b4ed55e886ea7ba285d12d8a started: 1779758082488; exited: 2026-05-26T03:03:20Z; ]
May-25 23:04:07.704 [Task monitor] DEBUG n.processor.TaskPollingMonitor - Task completed > TaskHandler[jobId: 13225574; id: 56; name: gvcf_to_signalintensity (gvcf_batch_b4115050); status: COMPLETED; exit: 0; error: -; workDir: /lustre09/project/6008022/mame20/WGS_pipeline/work/ec/520660bc223ade5744c95317c6fd5a started: 1779757512426; exited: 2026-05-26T03:04:03Z; ]
May-25 23:04:22.703 [Task monitor] DEBUG n.processor.TaskPollingMonitor - Task completed > TaskHandler[jobId: 13225575; id: 57; name: gvcf_to_signalintensity (gvcf_batch_47092cd2); status: COMPLETED; exit: 140; error: -; workDir: /lustre09/project/6008022/mame20/WGS_pipeline/work/4e/60a5e6ab24fab16de03b36333a5acb started: 1779757512428; exited: 2026-05-26T03:04:19Z; ]
May-25 23:04:22.706 [TaskFinalizer-2] DEBUG nextflow.processor.TaskProcessor - Handling unexpected condition for
  task: name=gvcf_to_signalintensity (gvcf_batch_47092cd2); work-dir=/lustre09/project/6008022/mame20/WGS_pipeline/work/4e/60a5e6ab24fab16de03b36333a5acb
  error [nextflow.exception.ProcessFailedException]: Process `gvcf_to_signalintensity (gvcf_batch_47092cd2)` terminated with an error exit status (140)
May-25 23:04:22.707 [TaskFinalizer-2] INFO  nextflow.processor.TaskProcessor - [4e/60a5e6] NOTE: Process `gvcf_to_signalintensity (gvcf_batch_47092cd2)` terminated with an error exit status (140) -- Execution is retried (1)
May-25 23:04:22.721 [Task monitor] DEBUG n.processor.TaskPollingMonitor - Task completed > TaskHandler[jobId: 13225576; id: 58; name: gvcf_to_signalintensity (gvcf_batch_9cad9d72); status: COMPLETED; exit: 140; error: -; workDir: /lustre09/project/6008022/mame20/WGS_pipeline/work/03/f119257f61955313d5449287336d05 started: 1779757512429; exited: 2026-05-26T03:04:19Z; ]
May-25 23:04:22.723 [Task monitor] DEBUG n.processor.TaskPollingMonitor - Task completed > TaskHandler[jobId: 13225581; id: 63; name: gvcf_to_signalintensity (gvcf_batch_dae2c395); status: COMPLETED; exit: 140; error: -; workDir: /lustre09/project/6008022/mame20/WGS_pipeline/work/b2/e575b31d83f6672b96ba3df506a160 started: 1779757512438; exited: 2026-05-26T03:04:19Z; ]
May-25 23:04:22.727 [TaskFinalizer-3] DEBUG nextflow.processor.TaskProcessor - Handling unexpected condition for
  task: name=gvcf_to_signalintensity (gvcf_batch_9cad9d72); work-dir=/lustre09/project/6008022/mame20/WGS_pipeline/work/03/f119257f61955313d5449287336d05
  error [nextflow.exception.ProcessFailedException]: Process `gvcf_to_signalintensity (gvcf_batch_9cad9d72)` terminated with an error exit status (140)
May-25 23:04:22.728 [TaskFinalizer-3] INFO  nextflow.processor.TaskProcessor - [03/f11925] NOTE: Process `gvcf_to_signalintensity (gvcf_batch_9cad9d72)` terminated with an error exit status (140) -- Execution is retried (1)
May-25 23:04:22.735 [TaskFinalizer-10] DEBUG nextflow.processor.TaskProcessor - Handling unexpected condition for
  task: name=gvcf_to_signalintensity (gvcf_batch_dae2c395); work-dir=/lustre09/project/6008022/mame20/WGS_pipeline/work/b2/e575b31d83f6672b96ba3df506a160
  error [nextflow.exception.ProcessFailedException]: Process `gvcf_to_signalintensity (gvcf_batch_dae2c395)` terminated with an error exit status (140)
May-25 23:04:22.736 [TaskFinalizer-10] INFO  nextflow.processor.TaskProcessor - [b2/e575b3] NOTE: Process `gvcf_to_signalintensity (gvcf_batch_dae2c395)` terminated with an error exit status (140) -- Execution is retried (1)
May-25 23:04:22.776 [Task submitter] DEBUG nextflow.executor.GridTaskHandler - [SLURM] submitted process gvcf_to_signalintensity (gvcf_batch_47092cd2) > jobId: 13231337; workDir: /lustre09/project/6008022/mame20/WGS_pipeline/work/c5/61c96f30dbca26f6a1dd99059c0924
May-25 23:04:22.776 [Task submitter] INFO  nextflow.Session - [c5/61c96f] Re-submitted process > gvcf_to_signalintensity (gvcf_batch_47092cd2)
May-25 23:04:27.770 [Task submitter] DEBUG nextflow.executor.GridTaskHandler - [SLURM] submitted process gvcf_to_signalintensity (gvcf_batch_9cad9d72) > jobId: 13231340; workDir: /lustre09/project/6008022/mame20/WGS_pipeline/work/bf/f52754478b919c0c6400701e55e70a
May-25 23:04:27.771 [Task submitter] INFO  nextflow.Session - [bf/f52754] Re-submitted process > gvcf_to_signalintensity (gvcf_batch_9cad9d72)
May-25 23:04:33.761 [Task submitter] DEBUG nextflow.executor.GridTaskHandler - [SLURM] submitted process gvcf_to_signalintensity (gvcf_batch_dae2c395) > jobId: 13231343; workDir: /lustre09/project/6008022/mame20/WGS_pipeline/work/be/c4e9743d787c30e22a483ce5d0686a
May-25 23:04:33.762 [Task submitter] INFO  nextflow.Session - [be/c4e974] Re-submitted process > gvcf_to_signalintensity (gvcf_batch_dae2c395)
May-25 23:04:52.706 [Task monitor] DEBUG n.processor.TaskPollingMonitor - Task completed > TaskHandler[jobId: 13230939; id: 125; name: gvcf_to_signalintensity (gvcf_batch_d8739173); status: COMPLETED; exit: 0; error: -; workDir: /lustre09/project/6008022/mame20/WGS_pipeline/work/e6/dc9ad49b7f6ff20fc165074555a1ea started: 1779763932679; exited: 2026-05-26T03:04:49Z; ]
May-25 23:05:02.705 [Task monitor] DEBUG n.processor.TaskPollingMonitor - Task completed > TaskHandler[jobId: 13225583; id: 65; name: gvcf_to_signalintensity (gvcf_batch_bceec34f); status: COMPLETED; exit: 0; error: -; workDir: /lustre09/project/6008022/mame20/WGS_pipeline/work/d0/966c73dd04b84e8bd9f649bfb21af7 started: 1779757702430; exited: 2026-05-26T03:04:59Z; ]
May-25 23:05:07.704 [Task monitor] DEBUG n.processor.TaskPollingMonitor - Task completed > TaskHandler[jobId: 13225660; id: 86; name: gvcf_to_signalintensity (gvcf_batch_81534aee); status: COMPLETED; exit: 0; error: -; workDir: /lustre09/project/6008022/mame20/WGS_pipeline/work/fa/d7e9bde3ace61d175e827563592764 started: 1779758082464; exited: 2026-05-26T03:05:05Z; ]
May-25 23:05:37.703 [Task monitor] DEBUG n.processor.TaskPollingMonitor - !! executor slurm > tasks to be completed: 70 -- submitted tasks are shown below
~> TaskHandler[jobId: 13225584; id: 66; name: gvcf_to_signalintensity (gvcf_batch_c312ba8f); status: RUNNING; exit: -; error: -; workDir: /lustre09/project/6008022/mame20/WGS_pipeline/work/21/c03b3bd20cf12bb1ff9081e8c2f623 started: 1779757702431; exited: -; ]
~> TaskHandler[jobId: 13225586; id: 67; name: gvcf_to_signalintensity (gvcf_batch_fc785766); status: RUNNING; exit: -; error: -; workDir: /lustre09/project/6008022/mame20/WGS_pipeline/work/35/6c24823f66b1a19984415df9cfd5aa started: 1779757702433; exited: -; ]
~> TaskHandler[jobId: 13225588; id: 69; name: gvcf_to_signalintensity (gvcf_batch_582c4d30); status: RUNNING; exit: -; error: -; workDir: /lustre09/project/6008022/mame20/WGS_pipeline/work/07/bf0244b35796efc292bc023efb749e started: 1779757702465; exited: -; ]
~> TaskHandler[jobId: 13225589; id: 70; name: gvcf_to_signalintensity (gvcf_batch_a7663931); status: RUNNING; exit: -; error: -; workDir: /lustre09/project/6008022/mame20/WGS_pipeline/work/30/0ebc28200829c15e018e5a66e2bff2 started: 1779757702466; exited: -; ]
~> TaskHandler[jobId: 13225592; id: 73; name: gvcf_to_signalintensity (gvcf_batch_501ab1f9); status: RUNNING; exit: -; error: -; workDir: /lustre09/project/6008022/mame20/WGS_pipeline/work/39/1cccb5093040523f6be25d575a6e7e started: 1779757702469; exited: -; ]
~> TaskHandler[jobId: 13225635; id: 74; name: gvcf_to_signalintensity (gvcf_batch_307e8102); status: RUNNING; exit: -; error: -; workDir: /lustre09/project/6008022/mame20/WGS_pipeline/work/04/d73e3dcd9cc0e52f2ac54191bdc8c8 started: 1779757702470; exited: -; ]
~> TaskHandler[jobId: 13225637; id: 75; name: gvcf_to_signalintensity (gvcf_batch_2cefca49); status: RUNNING; exit: -; error: -; workDir: /lustre09/project/6008022/mame20/WGS_pipeline/work/68/3a7dd16dfb530b95130c0bf1e19d7c started: 1779757892452; exited: -; ]
~> TaskHandler[jobId: 13225643; id: 76; name: gvcf_to_signalintensity (gvcf_batch_e4c5a898); status: RUNNING; exit: -; error: -; workDir: /lustre09/project/6008022/mame20/WGS_pipeline/work/c5/2baf1fe25e4e9dd0b95e144a06ba6b started: 1779757892454; exited: -; ]
~> TaskHandler[jobId: 13225647; id: 77; name: gvcf_to_signalintensity (gvcf_batch_e6c1125d); status: RUNNING; exit: -; error: -; workDir: /lustre09/project/6008022/mame20/WGS_pipeline/work/90/92f24c51b0368fea1d3f18a7d7e5f1 started: 1779757892455; exited: -; ]
~> TaskHandler[jobId: 13225650; id: 78; name: gvcf_to_signalintensity (gvcf_batch_d459080c); status: RUNNING; exit: -; error: -; workDir: /lustre09/project/6008022/mame20/WGS_pipeline/work/f9/434cbda86d7a1eeea83423d06a37ea started: 1779757892455; exited: -; ]
.. remaining tasks omitted.
May-25 23:05:47.708 [Task monitor] DEBUG n.processor.TaskPollingMonitor - Task completed > TaskHandler[jobId: 13225584; id: 66; name: gvcf_to_signalintensity (gvcf_batch_c312ba8f); status: COMPLETED; exit: 0; error: -; workDir: /lustre09/project/6008022/mame20/WGS_pipeline/work/21/c03b3bd20cf12bb1ff9081e8c2f623 started: 1779757702431; exited: 2026-05-26T03:05:46Z; ]
May-25 23:07:17.710 [Task monitor] DEBUG n.processor.TaskPollingMonitor - Task completed > TaskHandler[jobId: 13225647; id: 77; name: gvcf_to_signalintensity (gvcf_batch_e6c1125d); status: COMPLETED; exit: 0; error: -; workDir: /lustre09/project/6008022/mame20/WGS_pipeline/work/90/92f24c51b0368fea1d3f18a7d7e5f1 started: 1779757892455; exited: 2026-05-26T03:07:15Z; ]
May-25 23:07:22.713 [Task monitor] DEBUG n.processor.TaskPollingMonitor - Task completed > TaskHandler[jobId: 13225586; id: 67; name: gvcf_to_signalintensity (gvcf_batch_fc785766); status: COMPLETED; exit: 140; error: -; workDir: /lustre09/project/6008022/mame20/WGS_pipeline/work/35/6c24823f66b1a19984415df9cfd5aa started: 1779757702433; exited: 2026-05-26T03:07:22Z; ]
May-25 23:07:22.718 [TaskFinalizer-4] DEBUG nextflow.processor.TaskProcessor - Handling unexpected condition for
  task: name=gvcf_to_signalintensity (gvcf_batch_fc785766); work-dir=/lustre09/project/6008022/mame20/WGS_pipeline/work/35/6c24823f66b1a19984415df9cfd5aa
  error [nextflow.exception.ProcessFailedException]: Process `gvcf_to_signalintensity (gvcf_batch_fc785766)` terminated with an error exit status (140)
May-25 23:07:22.722 [TaskFinalizer-4] INFO  nextflow.processor.TaskProcessor - [35/6c2482] NOTE: Process `gvcf_to_signalintensity (gvcf_batch_fc785766)` terminated with an error exit status (140) -- Execution is retried (1)
May-25 23:07:22.725 [Task monitor] DEBUG n.processor.TaskPollingMonitor - Task completed > TaskHandler[jobId: 13225588; id: 69; name: gvcf_to_signalintensity (gvcf_batch_582c4d30); status: COMPLETED; exit: 140; error: -; workDir: /lustre09/project/6008022/mame20/WGS_pipeline/work/07/bf0244b35796efc292bc023efb749e started: 1779757702465; exited: 2026-05-26T03:07:22Z; ]
May-25 23:07:22.730 [TaskFinalizer-1] DEBUG nextflow.processor.TaskProcessor - Handling unexpected condition for
  task: name=gvcf_to_signalintensity (gvcf_batch_582c4d30); work-dir=/lustre09/project/6008022/mame20/WGS_pipeline/work/07/bf0244b35796efc292bc023efb749e
  error [nextflow.exception.ProcessFailedException]: Process `gvcf_to_signalintensity (gvcf_batch_582c4d30)` terminated with an error exit status (140)
May-25 23:07:22.731 [TaskFinalizer-1] INFO  nextflow.processor.TaskProcessor - [07/bf0244] NOTE: Process `gvcf_to_signalintensity (gvcf_batch_582c4d30)` terminated with an error exit status (140) -- Execution is retried (1)
May-25 23:07:22.776 [Task submitter] DEBUG nextflow.executor.GridTaskHandler - [SLURM] submitted process gvcf_to_signalintensity (gvcf_batch_fc785766) > jobId: 13231507; workDir: /lustre09/project/6008022/mame20/WGS_pipeline/work/54/16d9bb7015c876bea1eb7807a39b75
May-25 23:07:22.777 [Task submitter] INFO  nextflow.Session - [54/16d9bb] Re-submitted process > gvcf_to_signalintensity (gvcf_batch_fc785766)
May-25 23:07:22.889 [Task monitor] DEBUG n.processor.TaskPollingMonitor - Task completed > TaskHandler[jobId: 13225589; id: 70; name: gvcf_to_signalintensity (gvcf_batch_a7663931); status: COMPLETED; exit: 140; error: -; workDir: /lustre09/project/6008022/mame20/WGS_pipeline/work/30/0ebc28200829c15e018e5a66e2bff2 started: 1779757702466; exited: 2026-05-26T03:07:22Z; ]
May-25 23:07:22.892 [Task monitor] DEBUG n.processor.TaskPollingMonitor - Task completed > TaskHandler[jobId: 13225592; id: 73; name: gvcf_to_signalintensity (gvcf_batch_501ab1f9); status: COMPLETED; exit: 140; error: -; workDir: /lustre09/project/6008022/mame20/WGS_pipeline/work/39/1cccb5093040523f6be25d575a6e7e started: 1779757702469; exited: 2026-05-26T03:07:22Z; ]
May-25 23:07:22.894 [TaskFinalizer-3] DEBUG nextflow.processor.TaskProcessor - Handling unexpected condition for
  task: name=gvcf_to_signalintensity (gvcf_batch_501ab1f9); work-dir=/lustre09/project/6008022/mame20/WGS_pipeline/work/39/1cccb5093040523f6be25d575a6e7e
  error [nextflow.exception.ProcessFailedException]: Process `gvcf_to_signalintensity (gvcf_batch_501ab1f9)` terminated with an error exit status (140)
May-25 23:07:22.895 [TaskFinalizer-3] INFO  nextflow.processor.TaskProcessor - [39/1cccb5] NOTE: Process `gvcf_to_signalintensity (gvcf_batch_501ab1f9)` terminated with an error exit status (140) -- Execution is retried (1)
May-25 23:07:22.896 [Task monitor] DEBUG n.processor.TaskPollingMonitor - Task completed > TaskHandler[jobId: 13225635; id: 74; name: gvcf_to_signalintensity (gvcf_batch_307e8102); status: COMPLETED; exit: 140; error: -; workDir: /lustre09/project/6008022/mame20/WGS_pipeline/work/04/d73e3dcd9cc0e52f2ac54191bdc8c8 started: 1779757702470; exited: 2026-05-26T03:07:22Z; ]
May-25 23:07:22.933 [TaskFinalizer-10] DEBUG nextflow.processor.TaskProcessor - Handling unexpected condition for
  task: name=gvcf_to_signalintensity (gvcf_batch_307e8102); work-dir=/lustre09/project/6008022/mame20/WGS_pipeline/work/04/d73e3dcd9cc0e52f2ac54191bdc8c8
  error [nextflow.exception.ProcessFailedException]: Process `gvcf_to_signalintensity (gvcf_batch_307e8102)` terminated with an error exit status (140)
May-25 23:07:22.934 [TaskFinalizer-10] INFO  nextflow.processor.TaskProcessor - [04/d73e3d] NOTE: Process `gvcf_to_signalintensity (gvcf_batch_307e8102)` terminated with an error exit status (140) -- Execution is retried (1)
May-25 23:07:22.964 [TaskFinalizer-2] DEBUG nextflow.processor.TaskProcessor - Handling unexpected condition for
  task: name=gvcf_to_signalintensity (gvcf_batch_a7663931); work-dir=/lustre09/project/6008022/mame20/WGS_pipeline/work/30/0ebc28200829c15e018e5a66e2bff2
  error [nextflow.exception.ProcessFailedException]: Process `gvcf_to_signalintensity (gvcf_batch_a7663931)` terminated with an error exit status (140)
May-25 23:07:22.966 [TaskFinalizer-2] INFO  nextflow.processor.TaskProcessor - [30/0ebc28] NOTE: Process `gvcf_to_signalintensity (gvcf_batch_a7663931)` terminated with an error exit status (140) -- Execution is retried (1)
May-25 23:07:27.791 [Task submitter] DEBUG nextflow.executor.GridTaskHandler - [SLURM] submitted process gvcf_to_signalintensity (gvcf_batch_582c4d30) > jobId: 13231513; workDir: /lustre09/project/6008022/mame20/WGS_pipeline/work/7f/81e27a4fea14d8c4bca9765e12ddde
May-25 23:07:27.792 [Task submitter] INFO  nextflow.Session - [7f/81e27a] Re-submitted process > gvcf_to_signalintensity (gvcf_batch_582c4d30)
May-25 23:07:33.793 [Task submitter] DEBUG nextflow.executor.GridTaskHandler - [SLURM] submitted process gvcf_to_signalintensity (gvcf_batch_501ab1f9) > jobId: 13231515; workDir: /lustre09/project/6008022/mame20/WGS_pipeline/work/a5/9fb72b1f91a8eddab9e2ca902a65c4
May-25 23:07:33.793 [Task submitter] INFO  nextflow.Session - [a5/9fb72b] Re-submitted process > gvcf_to_signalintensity (gvcf_batch_501ab1f9)
May-25 23:07:39.789 [Task submitter] DEBUG nextflow.executor.GridTaskHandler - [SLURM] submitted process gvcf_to_signalintensity (gvcf_batch_307e8102) > jobId: 13231520; workDir: /lustre09/project/6008022/mame20/WGS_pipeline/work/35/b591a66cf24bee1c181e05d02e80c5
May-25 23:07:39.790 [Task submitter] INFO  nextflow.Session - [35/b591a6] Re-submitted process > gvcf_to_signalintensity (gvcf_batch_307e8102)
May-25 23:07:45.778 [Task submitter] DEBUG nextflow.executor.GridTaskHandler - [SLURM] submitted process gvcf_to_signalintensity (gvcf_batch_a7663931) > jobId: 13231521; workDir: /lustre09/project/6008022/mame20/WGS_pipeline/work/f7/0ec332d66146ab9655e37e05ea2247
May-25 23:07:45.778 [Task submitter] INFO  nextflow.Session - [f7/0ec332] Re-submitted process > gvcf_to_signalintensity (gvcf_batch_a7663931)
May-25 23:07:47.713 [Task monitor] DEBUG n.processor.TaskPollingMonitor - Task completed > TaskHandler[jobId: 13225667; id: 92; name: gvcf_to_signalintensity (gvcf_batch_8eab7f91); status: COMPLETED; exit: 0; error: -; workDir: /lustre09/project/6008022/mame20/WGS_pipeline/work/3e/ae11e7609f99f997e694a3813dbdf2 started: 1779758082491; exited: 2026-05-26T03:07:43Z; ]
May-25 23:09:22.715 [Task monitor] DEBUG n.processor.TaskPollingMonitor - Task completed > TaskHandler[jobId: 13225651; id: 79; name: gvcf_to_signalintensity (gvcf_batch_9aa551d0); status: COMPLETED; exit: 0; error: -; workDir: /lustre09/project/6008022/mame20/WGS_pipeline/work/e3/fa3f32b3faf41d8ef60305befc4453 started: 1779757892456; exited: 2026-05-26T03:09:22Z; ]
May-25 23:10:37.716 [Task monitor] DEBUG n.processor.TaskPollingMonitor - !! executor slurm > tasks to be completed: 66 -- submitted tasks are shown below
~> TaskHandler[jobId: 13225637; id: 75; name: gvcf_to_signalintensity (gvcf_batch_2cefca49); status: RUNNING; exit: -; error: -; workDir: /lustre09/project/6008022/mame20/WGS_pipeline/work/68/3a7dd16dfb530b95130c0bf1e19d7c started: 1779757892452; exited: -; ]
~> TaskHandler[jobId: 13225643; id: 76; name: gvcf_to_signalintensity (gvcf_batch_e4c5a898); status: RUNNING; exit: -; error: -; workDir: /lustre09/project/6008022/mame20/WGS_pipeline/work/c5/2baf1fe25e4e9dd0b95e144a06ba6b started: 1779757892454; exited: -; ]
~> TaskHandler[jobId: 13225650; id: 78; name: gvcf_to_signalintensity (gvcf_batch_d459080c); status: RUNNING; exit: -; error: -; workDir: /lustre09/project/6008022/mame20/WGS_pipeline/work/f9/434cbda86d7a1eeea83423d06a37ea started: 1779757892455; exited: -; ]
~> TaskHandler[jobId: 13225652; id: 80; name: gvcf_to_signalintensity (gvcf_batch_0e9abefb); status: RUNNING; exit: -; error: -; workDir: /lustre09/project/6008022/mame20/WGS_pipeline/work/1a/fe7b3b9c4a2616825b938f45606325 started: 1779757892469; exited: -; ]
~> TaskHandler[jobId: 13225653; id: 81; name: gvcf_to_signalintensity (gvcf_batch_a6e1b9dc); status: RUNNING; exit: -; error: -; workDir: /lustre09/project/6008022/mame20/WGS_pipeline/work/4c/7a2c294ac4b3a98a745a3fa0cd895f started: 1779757892472; exited: -; ]
~> TaskHandler[jobId: 13225654; id: 82; name: gvcf_to_signalintensity (gvcf_batch_2dad1926); status: RUNNING; exit: -; error: -; workDir: /lustre09/project/6008022/mame20/WGS_pipeline/work/bc/4abb294586cefdd300324c0ddd4320 started: 1779757892474; exited: -; ]
~> TaskHandler[jobId: 13225655; id: 83; name: gvcf_to_signalintensity (gvcf_batch_237f27b7); status: RUNNING; exit: -; error: -; workDir: /lustre09/project/6008022/mame20/WGS_pipeline/work/cd/d8f3d779d2e53c47ebec5c047edde5 started: 1779757892477; exited: -; ]
~> TaskHandler[jobId: 13225658; id: 84; name: gvcf_to_signalintensity (gvcf_batch_7c9321e8); status: RUNNING; exit: -; error: -; workDir: /lustre09/project/6008022/mame20/WGS_pipeline/work/bc/e9b167f41056a9c1ba6a761844a3e9 started: 1779757892479; exited: -; ]
~> TaskHandler[jobId: 13225659; id: 85; name: gvcf_to_signalintensity (gvcf_batch_102506bb); status: RUNNING; exit: -; error: -; workDir: /lustre09/project/6008022/mame20/WGS_pipeline/work/39/d8ee083c7de18536748e2f55a4d9d2 started: 1779758082462; exited: -; ]
~> TaskHandler[jobId: 13225661; id: 87; name: gvcf_to_signalintensity (gvcf_batch_46eb633f); status: RUNNING; exit: -; error: -; workDir: /lustre09/project/6008022/mame20/WGS_pipeline/work/71/c6d759b500e6808f5588194bc29e09 started: 1779758082485; exited: -; ]
.. remaining tasks omitted.
May-25 23:10:42.720 [Task monitor] DEBUG n.processor.TaskPollingMonitor - Task completed > TaskHandler[jobId: 13225673; id: 95; name: gvcf_to_signalintensity (gvcf_batch_aaba6f1a); status: COMPLETED; exit: 0; error: -; workDir: /lustre09/project/6008022/mame20/WGS_pipeline/work/a6/cb0e755a94953274da347cfb7364be started: 1779758272475; exited: 2026-05-26T03:10:38Z; ]
May-25 23:10:52.719 [Task monitor] DEBUG n.processor.TaskPollingMonitor - Task completed > TaskHandler[jobId: 13225637; id: 75; name: gvcf_to_signalintensity (gvcf_batch_2cefca49); status: COMPLETED; exit: 140; error: -; workDir: /lustre09/project/6008022/mame20/WGS_pipeline/work/68/3a7dd16dfb530b95130c0bf1e19d7c started: 1779757892452; exited: 2026-05-26T03:10:51Z; ]
May-25 23:10:52.722 [TaskFinalizer-8] DEBUG nextflow.processor.TaskProcessor - Handling unexpected condition for
  task: name=gvcf_to_signalintensity (gvcf_batch_2cefca49); work-dir=/lustre09/project/6008022/mame20/WGS_pipeline/work/68/3a7dd16dfb530b95130c0bf1e19d7c
  error [nextflow.exception.ProcessFailedException]: Process `gvcf_to_signalintensity (gvcf_batch_2cefca49)` terminated with an error exit status (140)
May-25 23:10:52.723 [TaskFinalizer-8] INFO  nextflow.processor.TaskProcessor - [68/3a7dd1] NOTE: Process `gvcf_to_signalintensity (gvcf_batch_2cefca49)` terminated with an error exit status (140) -- Execution is retried (1)
May-25 23:10:52.724 [Task monitor] DEBUG n.processor.TaskPollingMonitor - Task completed > TaskHandler[jobId: 13225643; id: 76; name: gvcf_to_signalintensity (gvcf_batch_e4c5a898); status: COMPLETED; exit: 140; error: -; workDir: /lustre09/project/6008022/mame20/WGS_pipeline/work/c5/2baf1fe25e4e9dd0b95e144a06ba6b started: 1779757892454; exited: 2026-05-26T03:10:51Z; ]
May-25 23:10:52.727 [TaskFinalizer-1] DEBUG nextflow.processor.TaskProcessor - Handling unexpected condition for
  task: name=gvcf_to_signalintensity (gvcf_batch_e4c5a898); work-dir=/lustre09/project/6008022/mame20/WGS_pipeline/work/c5/2baf1fe25e4e9dd0b95e144a06ba6b
  error [nextflow.exception.ProcessFailedException]: Process `gvcf_to_signalintensity (gvcf_batch_e4c5a898)` terminated with an error exit status (140)
May-25 23:10:52.728 [TaskFinalizer-1] INFO  nextflow.processor.TaskProcessor - [c5/2baf1f] NOTE: Process `gvcf_to_signalintensity (gvcf_batch_e4c5a898)` terminated with an error exit status (140) -- Execution is retried (1)
May-25 23:10:52.731 [Task monitor] DEBUG n.processor.TaskPollingMonitor - Task completed > TaskHandler[jobId: 13225650; id: 78; name: gvcf_to_signalintensity (gvcf_batch_d459080c); status: COMPLETED; exit: 140; error: -; workDir: /lustre09/project/6008022/mame20/WGS_pipeline/work/f9/434cbda86d7a1eeea83423d06a37ea started: 1779757892455; exited: 2026-05-26T03:10:51Z; ]
May-25 23:10:52.733 [Task monitor] DEBUG n.processor.TaskPollingMonitor - Task completed > TaskHandler[jobId: 13225652; id: 80; name: gvcf_to_signalintensity (gvcf_batch_0e9abefb); status: COMPLETED; exit: 140; error: -; workDir: /lustre09/project/6008022/mame20/WGS_pipeline/work/1a/fe7b3b9c4a2616825b938f45606325 started: 1779757892469; exited: 2026-05-26T03:10:51Z; ]
May-25 23:10:52.737 [Task monitor] DEBUG n.processor.TaskPollingMonitor - Task completed > TaskHandler[jobId: 13225653; id: 81; name: gvcf_to_signalintensity (gvcf_batch_a6e1b9dc); status: COMPLETED; exit: 140; error: -; workDir: /lustre09/project/6008022/mame20/WGS_pipeline/work/4c/7a2c294ac4b3a98a745a3fa0cd895f started: 1779757892472; exited: 2026-05-26T03:10:51Z; ]
May-25 23:10:52.740 [Task monitor] DEBUG n.processor.TaskPollingMonitor - Task completed > TaskHandler[jobId: 13225654; id: 82; name: gvcf_to_signalintensity (gvcf_batch_2dad1926); status: COMPLETED; exit: 140; error: -; workDir: /lustre09/project/6008022/mame20/WGS_pipeline/work/bc/4abb294586cefdd300324c0ddd4320 started: 1779757892474; exited: 2026-05-26T03:10:51Z; ]
May-25 23:10:52.741 [TaskFinalizer-10] DEBUG nextflow.processor.TaskProcessor - Handling unexpected condition for
  task: name=gvcf_to_signalintensity (gvcf_batch_a6e1b9dc); work-dir=/lustre09/project/6008022/mame20/WGS_pipeline/work/4c/7a2c294ac4b3a98a745a3fa0cd895f
  error [nextflow.exception.ProcessFailedException]: Process `gvcf_to_signalintensity (gvcf_batch_a6e1b9dc)` terminated with an error exit status (140)
May-25 23:10:52.742 [TaskFinalizer-10] INFO  nextflow.processor.TaskProcessor - [4c/7a2c29] NOTE: Process `gvcf_to_signalintensity (gvcf_batch_a6e1b9dc)` terminated with an error exit status (140) -- Execution is retried (1)
May-25 23:10:52.742 [Task monitor] DEBUG n.processor.TaskPollingMonitor - Task completed > TaskHandler[jobId: 13225655; id: 83; name: gvcf_to_signalintensity (gvcf_batch_237f27b7); status: COMPLETED; exit: 140; error: -; workDir: /lustre09/project/6008022/mame20/WGS_pipeline/work/cd/d8f3d779d2e53c47ebec5c047edde5 started: 1779757892477; exited: 2026-05-26T03:10:51Z; ]
May-25 23:10:52.743 [TaskFinalizer-4] DEBUG nextflow.processor.TaskProcessor - Handling unexpected condition for
  task: name=gvcf_to_signalintensity (gvcf_batch_d459080c); work-dir=/lustre09/project/6008022/mame20/WGS_pipeline/work/f9/434cbda86d7a1eeea83423d06a37ea
  error [nextflow.exception.ProcessFailedException]: Process `gvcf_to_signalintensity (gvcf_batch_d459080c)` terminated with an error exit status (140)
May-25 23:10:52.743 [TaskFinalizer-4] INFO  nextflow.processor.TaskProcessor - [f9/434cbd] NOTE: Process `gvcf_to_signalintensity (gvcf_batch_d459080c)` terminated with an error exit status (140) -- Execution is retried (1)
May-25 23:10:52.744 [TaskFinalizer-2] DEBUG nextflow.processor.TaskProcessor - Handling unexpected condition for
  task: name=gvcf_to_signalintensity (gvcf_batch_2dad1926); work-dir=/lustre09/project/6008022/mame20/WGS_pipeline/work/bc/4abb294586cefdd300324c0ddd4320
  error [nextflow.exception.ProcessFailedException]: Process `gvcf_to_signalintensity (gvcf_batch_2dad1926)` terminated with an error exit status (140)
May-25 23:10:52.744 [TaskFinalizer-2] INFO  nextflow.processor.TaskProcessor - [bc/4abb29] NOTE: Process `gvcf_to_signalintensity (gvcf_batch_2dad1926)` terminated with an error exit status (140) -- Execution is retried (1)
May-25 23:10:52.745 [TaskFinalizer-3] DEBUG nextflow.processor.TaskProcessor - Handling unexpected condition for
  task: name=gvcf_to_signalintensity (gvcf_batch_0e9abefb); work-dir=/lustre09/project/6008022/mame20/WGS_pipeline/work/1a/fe7b3b9c4a2616825b938f45606325
  error [nextflow.exception.ProcessFailedException]: Process `gvcf_to_signalintensity (gvcf_batch_0e9abefb)` terminated with an error exit status (140)
May-25 23:10:52.745 [TaskFinalizer-3] INFO  nextflow.processor.TaskProcessor - [1a/fe7b3b] NOTE: Process `gvcf_to_signalintensity (gvcf_batch_0e9abefb)` terminated with an error exit status (140) -- Execution is retried (1)
May-25 23:10:52.746 [TaskFinalizer-9] DEBUG nextflow.processor.TaskProcessor - Handling unexpected condition for
  task: name=gvcf_to_signalintensity (gvcf_batch_237f27b7); work-dir=/lustre09/project/6008022/mame20/WGS_pipeline/work/cd/d8f3d779d2e53c47ebec5c047edde5
  error [nextflow.exception.ProcessFailedException]: Process `gvcf_to_signalintensity (gvcf_batch_237f27b7)` terminated with an error exit status (140)
May-25 23:10:52.747 [TaskFinalizer-9] INFO  nextflow.processor.TaskProcessor - [cd/d8f3d7] NOTE: Process `gvcf_to_signalintensity (gvcf_batch_237f27b7)` terminated with an error exit status (140) -- Execution is retried (1)
May-25 23:10:52.752 [Task monitor] DEBUG n.processor.TaskPollingMonitor - Task completed > TaskHandler[jobId: 13225658; id: 84; name: gvcf_to_signalintensity (gvcf_batch_7c9321e8); status: COMPLETED; exit: 140; error: -; workDir: /lustre09/project/6008022/mame20/WGS_pipeline/work/bc/e9b167f41056a9c1ba6a761844a3e9 started: 1779757892479; exited: 2026-05-26T03:10:51Z; ]
May-25 23:10:52.758 [TaskFinalizer-5] DEBUG nextflow.processor.TaskProcessor - Handling unexpected condition for
  task: name=gvcf_to_signalintensity (gvcf_batch_7c9321e8); work-dir=/lustre09/project/6008022/mame20/WGS_pipeline/work/bc/e9b167f41056a9c1ba6a761844a3e9
  error [nextflow.exception.ProcessFailedException]: Process `gvcf_to_signalintensity (gvcf_batch_7c9321e8)` terminated with an error exit status (140)
May-25 23:10:52.759 [TaskFinalizer-5] INFO  nextflow.processor.TaskProcessor - [bc/e9b167] NOTE: Process `gvcf_to_signalintensity (gvcf_batch_7c9321e8)` terminated with an error exit status (140) -- Execution is retried (1)
May-25 23:10:52.847 [Task submitter] DEBUG nextflow.executor.GridTaskHandler - [SLURM] submitted process gvcf_to_signalintensity (gvcf_batch_2cefca49) > jobId: 13231573; workDir: /lustre09/project/6008022/mame20/WGS_pipeline/work/95/d2d98d64c7e64bf178a7c98933b464
May-25 23:10:52.847 [Task submitter] INFO  nextflow.Session - [95/d2d98d] Re-submitted process > gvcf_to_signalintensity (gvcf_batch_2cefca49)
May-25 23:10:57.783 [Task submitter] DEBUG nextflow.executor.GridTaskHandler - [SLURM] submitted process gvcf_to_signalintensity (gvcf_batch_e4c5a898) > jobId: 13231582; workDir: /lustre09/project/6008022/mame20/WGS_pipeline/work/c5/319e60324e9a43fd187369de00bed5
May-25 23:10:57.784 [Task submitter] INFO  nextflow.Session - [c5/319e60] Re-submitted process > gvcf_to_signalintensity (gvcf_batch_e4c5a898)
May-25 23:11:05.150 [Task submitter] DEBUG nextflow.executor.GridTaskHandler - [SLURM] submitted process gvcf_to_signalintensity (gvcf_batch_d459080c) > jobId: 13231589; workDir: /lustre09/project/6008022/mame20/WGS_pipeline/work/9a/68b52b73bb07361c6f2b0f00615464
May-25 23:11:05.150 [Task submitter] INFO  nextflow.Session - [9a/68b52b] Re-submitted process > gvcf_to_signalintensity (gvcf_batch_d459080c)
May-25 23:11:09.798 [Task submitter] DEBUG nextflow.executor.GridTaskHandler - [SLURM] submitted process gvcf_to_signalintensity (gvcf_batch_2dad1926) > jobId: 13231594; workDir: /lustre09/project/6008022/mame20/WGS_pipeline/work/6a/1a84c8d8d07736ec4ff57105695f75
May-25 23:11:09.799 [Task submitter] INFO  nextflow.Session - [6a/1a84c8] Re-submitted process > gvcf_to_signalintensity (gvcf_batch_2dad1926)
May-25 23:11:15.768 [Task submitter] DEBUG nextflow.executor.GridTaskHandler - [SLURM] submitted process gvcf_to_signalintensity (gvcf_batch_a6e1b9dc) > jobId: 13231605; workDir: /lustre09/project/6008022/mame20/WGS_pipeline/work/af/68e4dc84592020ddebcba9660c3c2b
May-25 23:11:15.769 [Task submitter] INFO  nextflow.Session - [af/68e4dc] Re-submitted process > gvcf_to_signalintensity (gvcf_batch_a6e1b9dc)
May-25 23:11:21.775 [Task submitter] DEBUG nextflow.executor.GridTaskHandler - [SLURM] submitted process gvcf_to_signalintensity (gvcf_batch_0e9abefb) > jobId: 13231608; workDir: /lustre09/project/6008022/mame20/WGS_pipeline/work/f1/6555794cb91bd1a238f083b768c7bf
May-25 23:11:21.776 [Task submitter] INFO  nextflow.Session - [f1/655579] Re-submitted process > gvcf_to_signalintensity (gvcf_batch_0e9abefb)
May-25 23:11:27.820 [Task submitter] DEBUG nextflow.executor.GridTaskHandler - [SLURM] submitted process gvcf_to_signalintensity (gvcf_batch_7c9321e8) > jobId: 13231619; workDir: /lustre09/project/6008022/mame20/WGS_pipeline/work/ad/3d895c5a797232898dbebfc2d9df9d
May-25 23:11:27.820 [Task submitter] INFO  nextflow.Session - [ad/3d895c] Re-submitted process > gvcf_to_signalintensity (gvcf_batch_7c9321e8)
May-25 23:11:33.781 [Task submitter] DEBUG nextflow.executor.GridTaskHandler - [SLURM] submitted process gvcf_to_signalintensity (gvcf_batch_237f27b7) > jobId: 13231640; workDir: /lustre09/project/6008022/mame20/WGS_pipeline/work/49/e186e10de6ced561aece3cbef41d92
May-25 23:11:33.781 [Task submitter] INFO  nextflow.Session - [49/e186e1] Re-submitted process > gvcf_to_signalintensity (gvcf_batch_237f27b7)
May-25 23:11:52.721 [Task monitor] DEBUG n.processor.TaskPollingMonitor - Task completed > TaskHandler[jobId: 13225666; id: 91; name: gvcf_to_signalintensity (gvcf_batch_ffb38aa7); status: COMPLETED; exit: 0; error: -; workDir: /lustre09/project/6008022/mame20/WGS_pipeline/work/ca/c4107a0d3f1fced691d288519d6ff4 started: 1779758082490; exited: 2026-05-26T03:11:49Z; ]
May-25 23:12:17.720 [Task monitor] DEBUG n.processor.TaskPollingMonitor - Task completed > TaskHandler[jobId: 13225662; id: 88; name: gvcf_to_signalintensity (gvcf_batch_f819380f); status: COMPLETED; exit: 0; error: -; workDir: /lustre09/project/6008022/mame20/WGS_pipeline/work/34/5d677f2e78ebf3a25a2d78d7496448 started: 1779758082487; exited: 2026-05-26T03:12:14Z; ]
May-25 23:12:27.720 [Task monitor] DEBUG n.processor.TaskPollingMonitor - Task completed > TaskHandler[jobId: 13225665; id: 90; name: gvcf_to_signalintensity (gvcf_batch_9cc587d2); status: COMPLETED; exit: 0; error: -; workDir: /lustre09/project/6008022/mame20/WGS_pipeline/work/ce/7c56ef6be1f14c675b55d697f3734c started: 1779758082489; exited: 2026-05-26T03:12:23Z; ]
May-25 23:13:02.723 [Task monitor] DEBUG n.processor.TaskPollingMonitor - Task completed > TaskHandler[jobId: 13225672; id: 94; name: gvcf_to_signalintensity (gvcf_batch_c9ae1738); status: COMPLETED; exit: 0; error: -; workDir: /lustre09/project/6008022/mame20/WGS_pipeline/work/7e/290cc1bfe853800c951f7cddc2021b started: 1779758082492; exited: 2026-05-26T03:13:00Z; ]
May-25 23:13:07.749 [Task monitor] DEBUG n.processor.TaskPollingMonitor - Task completed > TaskHandler[jobId: 13225688; id: 100; name: gvcf_to_signalintensity (gvcf_batch_46bdb59b); status: COMPLETED; exit: 0; error: -; workDir: /lustre09/project/6008022/mame20/WGS_pipeline/work/c8/0937727e109488f2d6d18f714a465f started: 1779758462513; exited: 2026-05-26T03:13:04Z; ]
May-25 23:13:32.745 [Task monitor] DEBUG n.processor.TaskPollingMonitor - Task completed > TaskHandler[jobId: 13225697; id: 102; name: gvcf_to_signalintensity (gvcf_batch_c2e176a8); status: COMPLETED; exit: 0; error: -; workDir: /lustre09/project/6008022/mame20/WGS_pipeline/work/4c/dbf6ed17e3ad6f6da04346222f28e8 started: 1779758462520; exited: 2026-05-26T03:13:28Z; ]
May-25 23:13:47.722 [Task monitor] DEBUG n.processor.TaskPollingMonitor - Task completed > TaskHandler[jobId: 13225678; id: 97; name: gvcf_to_signalintensity (gvcf_batch_570371de); status: COMPLETED; exit: 0; error: -; workDir: /lustre09/project/6008022/mame20/WGS_pipeline/work/24/76fe2ed4587d554e071a8681808503 started: 1779758272477; exited: 2026-05-26T03:13:45Z; ]
May-25 23:13:52.721 [Task monitor] DEBUG n.processor.TaskPollingMonitor - Task completed > TaskHandler[jobId: 13225659; id: 85; name: gvcf_to_signalintensity (gvcf_batch_102506bb); status: COMPLETED; exit: 140; error: -; workDir: /lustre09/project/6008022/mame20/WGS_pipeline/work/39/d8ee083c7de18536748e2f55a4d9d2 started: 1779758082462; exited: 2026-05-26T03:13:51Z; ]
May-25 23:13:52.724 [Task monitor] DEBUG n.processor.TaskPollingMonitor - Task completed > TaskHandler[jobId: 13225661; id: 87; name: gvcf_to_signalintensity (gvcf_batch_46eb633f); status: COMPLETED; exit: 140; error: -; workDir: /lustre09/project/6008022/mame20/WGS_pipeline/work/71/c6d759b500e6808f5588194bc29e09 started: 1779758082485; exited: 2026-05-26T03:13:51Z; ]
May-25 23:13:52.725 [TaskFinalizer-9] DEBUG nextflow.processor.TaskProcessor - Handling unexpected condition for
  task: name=gvcf_to_signalintensity (gvcf_batch_102506bb); work-dir=/lustre09/project/6008022/mame20/WGS_pipeline/work/39/d8ee083c7de18536748e2f55a4d9d2
  error [nextflow.exception.ProcessFailedException]: Process `gvcf_to_signalintensity (gvcf_batch_102506bb)` terminated with an error exit status (140)
May-25 23:13:52.727 [TaskFinalizer-9] INFO  nextflow.processor.TaskProcessor - [39/d8ee08] NOTE: Process `gvcf_to_signalintensity (gvcf_batch_102506bb)` terminated with an error exit status (140) -- Execution is retried (1)
May-25 23:13:52.730 [TaskFinalizer-10] DEBUG nextflow.processor.TaskProcessor - Handling unexpected condition for
  task: name=gvcf_to_signalintensity (gvcf_batch_46eb633f); work-dir=/lustre09/project/6008022/mame20/WGS_pipeline/work/71/c6d759b500e6808f5588194bc29e09
  error [nextflow.exception.ProcessFailedException]: Process `gvcf_to_signalintensity (gvcf_batch_46eb633f)` terminated with an error exit status (140)
May-25 23:13:52.730 [TaskFinalizer-10] INFO  nextflow.processor.TaskProcessor - [71/c6d759] NOTE: Process `gvcf_to_signalintensity (gvcf_batch_46eb633f)` terminated with an error exit status (140) -- Execution is retried (1)
May-25 23:13:52.783 [Task submitter] DEBUG nextflow.executor.GridTaskHandler - [SLURM] submitted process gvcf_to_signalintensity (gvcf_batch_102506bb) > jobId: 13231664; workDir: /lustre09/project/6008022/mame20/WGS_pipeline/work/e0/d68afea42bea394f5a255498ad8d20
May-25 23:13:52.784 [Task submitter] INFO  nextflow.Session - [e0/d68afe] Re-submitted process > gvcf_to_signalintensity (gvcf_batch_102506bb)
May-25 23:13:57.776 [Task submitter] DEBUG nextflow.executor.GridTaskHandler - [SLURM] submitted process gvcf_to_signalintensity (gvcf_batch_46eb633f) > jobId: 13231666; workDir: /lustre09/project/6008022/mame20/WGS_pipeline/work/72/14be9c47843cd21bbac000e624ec33
May-25 23:13:57.776 [Task submitter] INFO  nextflow.Session - [72/14be9c] Re-submitted process > gvcf_to_signalintensity (gvcf_batch_46eb633f)
May-25 23:15:37.726 [Task monitor] DEBUG n.processor.TaskPollingMonitor - !! executor slurm > tasks to be completed: 58 -- submitted tasks are shown below
~> TaskHandler[jobId: 13225668; id: 93; name: gvcf_to_signalintensity (gvcf_batch_da77c1c3); status: RUNNING; exit: -; error: -; workDir: /lustre09/project/6008022/mame20/WGS_pipeline/work/12/4d070f5b2e568cc4efa3012a014120 started: 1779758272472; exited: -; ]
~> TaskHandler[jobId: 13225674; id: 96; name: gvcf_to_signalintensity (gvcf_batch_3adc720e); status: RUNNING; exit: -; error: -; workDir: /lustre09/project/6008022/mame20/WGS_pipeline/work/dc/67a8a7cec9417493e027213f008f99 started: 1779758272477; exited: -; ]
~> TaskHandler[jobId: 13225686; id: 98; name: gvcf_to_signalintensity (gvcf_batch_ab482caf); status: RUNNING; exit: -; error: -; workDir: /lustre09/project/6008022/mame20/WGS_pipeline/work/fa/ca87992a67b6968138a76888c5a85b started: 1779758272478; exited: -; ]
~> TaskHandler[jobId: 13225687; id: 99; name: gvcf_to_signalintensity (gvcf_batch_b52baf2e); status: RUNNING; exit: -; error: -; workDir: /lustre09/project/6008022/mame20/WGS_pipeline/work/18/b4c72f4023c638cc0f94116b66490c started: 1779758462510; exited: -; ]
~> TaskHandler[jobId: 13225693; id: 101; name: gvcf_to_signalintensity (gvcf_batch_25c1650d); status: RUNNING; exit: -; error: -; workDir: /lustre09/project/6008022/mame20/WGS_pipeline/work/e3/f48a4b57a72327ef0b1494144ca24e started: 1779758462516; exited: -; ]
~> TaskHandler[jobId: 13225703; id: 103; name: gvcf_to_signalintensity (gvcf_batch_72688be4); status: RUNNING; exit: -; error: -; workDir: /lustre09/project/6008022/mame20/WGS_pipeline/work/8a/969400993c057e4c5188878254e8de started: 1779758462522; exited: -; ]
~> TaskHandler[jobId: 13225755; id: 104; name: gvcf_to_signalintensity (gvcf_batch_75298556); status: RUNNING; exit: -; error: -; workDir: /lustre09/project/6008022/mame20/WGS_pipeline/work/5b/7dd3f48614b4e72eae9dbef23b1cb0 started: 1779758462523; exited: -; ]
~> TaskHandler[jobId: 13225786; id: 105; name: gvcf_to_signalintensity (gvcf_batch_4aa2a115); status: RUNNING; exit: -; error: -; workDir: /lustre09/project/6008022/mame20/WGS_pipeline/work/a7/7a84a26ca2bae548d551c94edb0fdf started: 1779758462525; exited: -; ]
~> TaskHandler[jobId: 13225790; id: 106; name: gvcf_to_signalintensity (gvcf_batch_0dfa9d0a); status: RUNNING; exit: -; error: -; workDir: /lustre09/project/6008022/mame20/WGS_pipeline/work/4e/46ca237f8941774883922bdec3521c started: 1779758462526; exited: -; ]
~> TaskHandler[jobId: 13225793; id: 107; name: gvcf_to_signalintensity (gvcf_batch_5008e31f); status: RUNNING; exit: -; error: -; workDir: /lustre09/project/6008022/mame20/WGS_pipeline/work/97/c1d6d2efa5554f85604ec74de2f3f8 started: 1779758462560; exited: -; ]
.. remaining tasks omitted.
May-25 23:15:42.731 [Task monitor] DEBUG n.processor.TaskPollingMonitor - Task completed > TaskHandler[jobId: 13225686; id: 98; name: gvcf_to_signalintensity (gvcf_batch_ab482caf); status: COMPLETED; exit: 0; error: -; workDir: /lustre09/project/6008022/mame20/WGS_pipeline/work/fa/ca87992a67b6968138a76888c5a85b started: 1779758272478; exited: 2026-05-26T03:15:40Z; ]
May-25 23:15:57.735 [Task monitor] DEBUG n.processor.TaskPollingMonitor - Task completed > TaskHandler[jobId: 13225790; id: 106; name: gvcf_to_signalintensity (gvcf_batch_0dfa9d0a); status: COMPLETED; exit: 0; error: -; workDir: /lustre09/project/6008022/mame20/WGS_pipeline/work/4e/46ca237f8941774883922bdec3521c started: 1779758462526; exited: 2026-05-26T03:15:53Z; ]
May-25 23:16:32.731 [Task monitor] DEBUG n.processor.TaskPollingMonitor - Task completed > TaskHandler[jobId: 13225799; id: 109; name: gvcf_to_signalintensity (gvcf_batch_18ae2e0f); status: COMPLETED; exit: 0; error: -; workDir: /lustre09/project/6008022/mame20/WGS_pipeline/work/ae/dbacfce89da0f61224fba9e4a6a1ab started: 1779758647496; exited: 2026-05-26T03:16:31Z; ]
May-25 23:16:42.732 [Task monitor] DEBUG n.processor.TaskPollingMonitor - Task completed > TaskHandler[jobId: 13225687; id: 99; name: gvcf_to_signalintensity (gvcf_batch_b52baf2e); status: COMPLETED; exit: 0; error: -; workDir: /lustre09/project/6008022/mame20/WGS_pipeline/work/18/b4c72f4023c638cc0f94116b66490c started: 1779758462510; exited: 2026-05-26T03:16:38Z; ]
May-25 23:16:57.732 [Task monitor] DEBUG n.processor.TaskPollingMonitor - Task completed > TaskHandler[jobId: 13225668; id: 93; name: gvcf_to_signalintensity (gvcf_batch_da77c1c3); status: COMPLETED; exit: 140; error: -; workDir: /lustre09/project/6008022/mame20/WGS_pipeline/work/12/4d070f5b2e568cc4efa3012a014120 started: 1779758272472; exited: 2026-05-26T03:16:53Z; ]
May-25 23:16:57.737 [Task monitor] DEBUG n.processor.TaskPollingMonitor - Task completed > TaskHandler[jobId: 13225674; id: 96; name: gvcf_to_signalintensity (gvcf_batch_3adc720e); status: COMPLETED; exit: 140; error: -; workDir: /lustre09/project/6008022/mame20/WGS_pipeline/work/dc/67a8a7cec9417493e027213f008f99 started: 1779758272477; exited: 2026-05-26T03:16:53Z; ]
May-25 23:16:57.740 [TaskFinalizer-1] DEBUG nextflow.processor.TaskProcessor - Handling unexpected condition for
  task: name=gvcf_to_signalintensity (gvcf_batch_da77c1c3); work-dir=/lustre09/project/6008022/mame20/WGS_pipeline/work/12/4d070f5b2e568cc4efa3012a014120
  error [nextflow.exception.ProcessFailedException]: Process `gvcf_to_signalintensity (gvcf_batch_da77c1c3)` terminated with an error exit status (140)
May-25 23:16:57.741 [TaskFinalizer-1] INFO  nextflow.processor.TaskProcessor - [12/4d070f] NOTE: Process `gvcf_to_signalintensity (gvcf_batch_da77c1c3)` terminated with an error exit status (140) -- Execution is retried (1)
May-25 23:16:57.743 [TaskFinalizer-2] DEBUG nextflow.processor.TaskProcessor - Handling unexpected condition for
  task: name=gvcf_to_signalintensity (gvcf_batch_3adc720e); work-dir=/lustre09/project/6008022/mame20/WGS_pipeline/work/dc/67a8a7cec9417493e027213f008f99
  error [nextflow.exception.ProcessFailedException]: Process `gvcf_to_signalintensity (gvcf_batch_3adc720e)` terminated with an error exit status (140)
May-25 23:16:57.749 [TaskFinalizer-2] INFO  nextflow.processor.TaskProcessor - [dc/67a8a7] NOTE: Process `gvcf_to_signalintensity (gvcf_batch_3adc720e)` terminated with an error exit status (140) -- Execution is retried (1)
May-25 23:16:57.801 [Task submitter] DEBUG nextflow.executor.GridTaskHandler - [SLURM] submitted process gvcf_to_signalintensity (gvcf_batch_da77c1c3) > jobId: 13231698; workDir: /lustre09/project/6008022/mame20/WGS_pipeline/work/cc/241a75747f579860e774dc07ee44b4
May-25 23:16:57.801 [Task submitter] INFO  nextflow.Session - [cc/241a75] Re-submitted process > gvcf_to_signalintensity (gvcf_batch_da77c1c3)
May-25 23:17:02.785 [Task submitter] DEBUG nextflow.executor.GridTaskHandler - [SLURM] submitted process gvcf_to_signalintensity (gvcf_batch_3adc720e) > jobId: 13231701; workDir: /lustre09/project/6008022/mame20/WGS_pipeline/work/b3/6c200e503cc57c23086be2a21c4541
May-25 23:17:02.785 [Task submitter] INFO  nextflow.Session - [b3/6c200e] Re-submitted process > gvcf_to_signalintensity (gvcf_batch_3adc720e)
May-25 23:17:37.732 [Task monitor] DEBUG n.processor.TaskPollingMonitor - Task completed > TaskHandler[jobId: 13225834; id: 116; name: gvcf_to_signalintensity (gvcf_batch_a92b3013); status: COMPLETED; exit: 0; error: -; workDir: /lustre09/project/6008022/mame20/WGS_pipeline/work/41/cfc84ca98c560eddc0f16c9e14a56f started: 1779758647504; exited: 2026-05-26T03:17:35Z; ]
May-25 23:18:22.735 [Task monitor] DEBUG n.processor.TaskPollingMonitor - Task completed > TaskHandler[jobId: 13225703; id: 103; name: gvcf_to_signalintensity (gvcf_batch_72688be4); status: COMPLETED; exit: 0; error: -; workDir: /lustre09/project/6008022/mame20/WGS_pipeline/work/8a/969400993c057e4c5188878254e8de started: 1779758462522; exited: 2026-05-26T03:18:19Z; ]
May-25 23:18:52.732 [Task monitor] DEBUG n.processor.TaskPollingMonitor - Task completed > TaskHandler[jobId: 13225693; id: 101; name: gvcf_to_signalintensity (gvcf_batch_25c1650d); status: COMPLETED; exit: 0; error: -; workDir: /lustre09/project/6008022/mame20/WGS_pipeline/work/e3/f48a4b57a72327ef0b1494144ca24e started: 1779758462516; exited: 2026-05-26T03:18:52Z; ]
May-25 23:19:02.734 [Task monitor] DEBUG n.processor.TaskPollingMonitor - Task completed > TaskHandler[jobId: 13225755; id: 104; name: gvcf_to_signalintensity (gvcf_batch_75298556); status: COMPLETED; exit: 0; error: -; workDir: /lustre09/project/6008022/mame20/WGS_pipeline/work/5b/7dd3f48614b4e72eae9dbef23b1cb0 started: 1779758462523; exited: 2026-05-26T03:19:01Z; ]
May-25 23:19:22.734 [Task monitor] DEBUG n.processor.TaskPollingMonitor - Task completed > TaskHandler[jobId: 13225931; id: 123; name: gvcf_to_signalintensity (gvcf_batch_eeb0270e); status: COMPLETED; exit: 0; error: -; workDir: /lustre09/project/6008022/mame20/WGS_pipeline/work/9b/3332b211a24e4ba45f16fd3d939690 started: 1779758837509; exited: 2026-05-26T03:19:18Z; ]
May-25 23:19:42.737 [Task monitor] DEBUG n.processor.TaskPollingMonitor - Task completed > TaskHandler[jobId: 13225805; id: 112; name: gvcf_to_signalintensity (gvcf_batch_879d6b69); status: COMPLETED; exit: 0; error: -; workDir: /lustre09/project/6008022/mame20/WGS_pipeline/work/e7/0cf121cfaf04d8bc692c75b9368bc8 started: 1779758647501; exited: 2026-05-26T03:19:40Z; ]
May-25 23:20:27.735 [Task monitor] DEBUG n.processor.TaskPollingMonitor - Task completed > TaskHandler[jobId: 13225786; id: 105; name: gvcf_to_signalintensity (gvcf_batch_4aa2a115); status: COMPLETED; exit: 140; error: -; workDir: /lustre09/project/6008022/mame20/WGS_pipeline/work/a7/7a84a26ca2bae548d551c94edb0fdf started: 1779758462525; exited: 2026-05-26T03:20:23Z; ]
May-25 23:20:27.737 [TaskFinalizer-7] DEBUG nextflow.processor.TaskProcessor - Handling unexpected condition for
  task: name=gvcf_to_signalintensity (gvcf_batch_4aa2a115); work-dir=/lustre09/project/6008022/mame20/WGS_pipeline/work/a7/7a84a26ca2bae548d551c94edb0fdf
  error [nextflow.exception.ProcessFailedException]: Process `gvcf_to_signalintensity (gvcf_batch_4aa2a115)` terminated with an error exit status (140)
May-25 23:20:27.739 [TaskFinalizer-7] INFO  nextflow.processor.TaskProcessor - [a7/7a84a2] NOTE: Process `gvcf_to_signalintensity (gvcf_batch_4aa2a115)` terminated with an error exit status (140) -- Execution is retried (1)
May-25 23:20:27.770 [Task monitor] DEBUG n.processor.TaskPollingMonitor - Task completed > TaskHandler[jobId: 13225793; id: 107; name: gvcf_to_signalintensity (gvcf_batch_5008e31f); status: COMPLETED; exit: 140; error: -; workDir: /lustre09/project/6008022/mame20/WGS_pipeline/work/97/c1d6d2efa5554f85604ec74de2f3f8 started: 1779758462560; exited: 2026-05-26T03:20:23Z; ]
May-25 23:20:27.773 [Task monitor] DEBUG n.processor.TaskPollingMonitor - Task completed > TaskHandler[jobId: 13225798; id: 108; name: gvcf_to_signalintensity (gvcf_batch_a4a1668c); status: COMPLETED; exit: 140; error: -; workDir: /lustre09/project/6008022/mame20/WGS_pipeline/work/5a/72feabd657a56824638efaf45a0cd3 started: 1779758462570; exited: 2026-05-26T03:20:23Z; ]
May-25 23:20:27.776 [TaskFinalizer-1] DEBUG nextflow.processor.TaskProcessor - Handling unexpected condition for
  task: name=gvcf_to_signalintensity (gvcf_batch_a4a1668c); work-dir=/lustre09/project/6008022/mame20/WGS_pipeline/work/5a/72feabd657a56824638efaf45a0cd3
  error [nextflow.exception.ProcessFailedException]: Process `gvcf_to_signalintensity (gvcf_batch_a4a1668c)` terminated with an error exit status (140)
May-25 23:20:27.777 [TaskFinalizer-1] INFO  nextflow.processor.TaskProcessor - [5a/72feab] NOTE: Process `gvcf_to_signalintensity (gvcf_batch_a4a1668c)` terminated with an error exit status (140) -- Execution is retried (1)
May-25 23:20:27.786 [TaskFinalizer-8] DEBUG nextflow.processor.TaskProcessor - Handling unexpected condition for
  task: name=gvcf_to_signalintensity (gvcf_batch_5008e31f); work-dir=/lustre09/project/6008022/mame20/WGS_pipeline/work/97/c1d6d2efa5554f85604ec74de2f3f8
  error [nextflow.exception.ProcessFailedException]: Process `gvcf_to_signalintensity (gvcf_batch_5008e31f)` terminated with an error exit status (140)
May-25 23:20:27.787 [TaskFinalizer-8] INFO  nextflow.processor.TaskProcessor - [97/c1d6d2] NOTE: Process `gvcf_to_signalintensity (gvcf_batch_5008e31f)` terminated with an error exit status (140) -- Execution is retried (1)
May-25 23:20:27.970 [Task submitter] DEBUG nextflow.executor.GridTaskHandler - [SLURM] submitted process gvcf_to_signalintensity (gvcf_batch_4aa2a115) > jobId: 13231749; workDir: /lustre09/project/6008022/mame20/WGS_pipeline/work/1a/fef4bf591a37f333f0fb34ef105afb
May-25 23:20:27.971 [Task submitter] INFO  nextflow.Session - [1a/fef4bf] Re-submitted process > gvcf_to_signalintensity (gvcf_batch_4aa2a115)
May-25 23:20:32.790 [Task submitter] DEBUG nextflow.executor.GridTaskHandler - [SLURM] submitted process gvcf_to_signalintensity (gvcf_batch_a4a1668c) > jobId: 13231750; workDir: /lustre09/project/6008022/mame20/WGS_pipeline/work/34/2d4a464e443fe7c3f10041e0330953
May-25 23:20:32.790 [Task submitter] INFO  nextflow.Session - [34/2d4a46] Re-submitted process > gvcf_to_signalintensity (gvcf_batch_a4a1668c)
May-25 23:20:37.733 [Task monitor] DEBUG n.processor.TaskPollingMonitor - !! executor slurm > tasks to be completed: 47 -- submitted tasks are shown below
~> TaskHandler[jobId: 13225801; id: 110; name: gvcf_to_signalintensity (gvcf_batch_5bfc6541); status: RUNNING; exit: -; error: -; workDir: /lustre09/project/6008022/mame20/WGS_pipeline/work/7e/cb966514297531b3efce4dfe773544 started: 1779758647499; exited: -; ]
~> TaskHandler[jobId: 13225802; id: 111; name: gvcf_to_signalintensity (gvcf_batch_7eef47e1); status: RUNNING; exit: -; error: -; workDir: /lustre09/project/6008022/mame20/WGS_pipeline/work/3d/f3f346e7d696f49a4d3b82ed486db3 started: 1779758647500; exited: -; ]
~> TaskHandler[jobId: 13225810; id: 113; name: gvcf_to_signalintensity (gvcf_batch_4ce568dd); status: RUNNING; exit: -; error: -; workDir: /lustre09/project/6008022/mame20/WGS_pipeline/work/b0/2ee6f74b89f59ae113e9bda1af5b65 started: 1779758647501; exited: -; ]
~> TaskHandler[jobId: 13225819; id: 114; name: gvcf_to_signalintensity (gvcf_batch_d1271e3d); status: RUNNING; exit: -; error: -; workDir: /lustre09/project/6008022/mame20/WGS_pipeline/work/82/4f95bd589f6a6d2a7408d1158f10cf started: 1779758647502; exited: -; ]
~> TaskHandler[jobId: 13225830; id: 115; name: gvcf_to_signalintensity (gvcf_batch_8bd43792); status: RUNNING; exit: -; error: -; workDir: /lustre09/project/6008022/mame20/WGS_pipeline/work/e4/24975649796d00454ac5a83164f8f1 started: 1779758647503; exited: -; ]
~> TaskHandler[jobId: 13225845; id: 117; name: gvcf_to_signalintensity (gvcf_batch_0f31b33a); status: RUNNING; exit: -; error: -; workDir: /lustre09/project/6008022/mame20/WGS_pipeline/work/3e/0ca123e1c6fe2ad895591f561d1835 started: 1779758647505; exited: -; ]
~> TaskHandler[jobId: 13225852; id: 118; name: gvcf_to_signalintensity (gvcf_batch_abbf276d); status: RUNNING; exit: -; error: -; workDir: /lustre09/project/6008022/mame20/WGS_pipeline/work/fc/20431d5864724cb4cd079c247b8aa9 started: 1779758647505; exited: -; ]
~> TaskHandler[jobId: 13225874; id: 119; name: gvcf_to_signalintensity (gvcf_batch_b17bacd8); status: RUNNING; exit: -; error: -; workDir: /lustre09/project/6008022/mame20/WGS_pipeline/work/fc/99eb0e07dee50ad8a5c3723e1af581 started: 1779758837502; exited: -; ]
~> TaskHandler[jobId: 13225898; id: 120; name: gvcf_to_signalintensity (gvcf_batch_982eaa9a); status: RUNNING; exit: -; error: -; workDir: /lustre09/project/6008022/mame20/WGS_pipeline/work/b4/d532bf6aaae37ef9d5b53576c57233 started: 1779758837506; exited: -; ]
~> TaskHandler[jobId: 13225910; id: 121; name: gvcf_to_signalintensity (gvcf_batch_2e30314b); status: RUNNING; exit: -; error: -; workDir: /lustre09/project/6008022/mame20/WGS_pipeline/work/d9/34e6734a66f9797e1fd7ec18bb6d65 started: 1779758837507; exited: -; ]
.. remaining tasks omitted.
May-25 23:20:38.798 [Task submitter] DEBUG nextflow.executor.GridTaskHandler - [SLURM] submitted process gvcf_to_signalintensity (gvcf_batch_5008e31f) > jobId: 13231753; workDir: /lustre09/project/6008022/mame20/WGS_pipeline/work/b0/529a7d5890ba894507017db136fa9c
May-25 23:20:38.798 [Task submitter] INFO  nextflow.Session - [b0/529a7d] Re-submitted process > gvcf_to_signalintensity (gvcf_batch_5008e31f)
May-25 23:21:02.738 [Task monitor] DEBUG n.processor.TaskPollingMonitor - Task completed > TaskHandler[jobId: 13225801; id: 110; name: gvcf_to_signalintensity (gvcf_batch_5bfc6541); status: COMPLETED; exit: 0; error: -; workDir: /lustre09/project/6008022/mame20/WGS_pipeline/work/7e/cb966514297531b3efce4dfe773544 started: 1779758647499; exited: 2026-05-26T03:20:58Z; ]
May-25 23:21:42.739 [Task monitor] DEBUG n.processor.TaskPollingMonitor - Task completed > TaskHandler[jobId: 13225810; id: 113; name: gvcf_to_signalintensity (gvcf_batch_4ce568dd); status: COMPLETED; exit: 0; error: -; workDir: /lustre09/project/6008022/mame20/WGS_pipeline/work/b0/2ee6f74b89f59ae113e9bda1af5b65 started: 1779758647501; exited: 2026-05-26T03:21:40Z; ]
May-25 23:22:07.738 [Task monitor] DEBUG n.processor.TaskPollingMonitor - Task completed > TaskHandler[jobId: 13225936; id: 124; name: gvcf_to_signalintensity (gvcf_batch_33c83cdb); status: COMPLETED; exit: 0; error: -; workDir: /lustre09/project/6008022/mame20/WGS_pipeline/work/3d/6fda114e0062cb643a754e9f2cab96 started: 1779758837509; exited: 2026-05-26T03:22:06Z; ]
May-25 23:22:27.738 [Task monitor] DEBUG n.processor.TaskPollingMonitor - Task completed > TaskHandler[jobId: 13225802; id: 111; name: gvcf_to_signalintensity (gvcf_batch_7eef47e1); status: COMPLETED; exit: 0; error: -; workDir: /lustre09/project/6008022/mame20/WGS_pipeline/work/3d/f3f346e7d696f49a4d3b82ed486db3 started: 1779758647500; exited: 2026-05-26T03:22:25Z; ]
May-25 23:22:32.739 [Task monitor] DEBUG n.processor.TaskPollingMonitor - Task completed > TaskHandler[jobId: 13225898; id: 120; name: gvcf_to_signalintensity (gvcf_batch_982eaa9a); status: COMPLETED; exit: 0; error: -; workDir: /lustre09/project/6008022/mame20/WGS_pipeline/work/b4/d532bf6aaae37ef9d5b53576c57233 started: 1779758837506; exited: 2026-05-26T03:22:28Z; ]
May-25 23:23:27.740 [Task monitor] DEBUG n.processor.TaskPollingMonitor - Task completed > TaskHandler[jobId: 13225819; id: 114; name: gvcf_to_signalintensity (gvcf_batch_d1271e3d); status: COMPLETED; exit: 140; error: -; workDir: /lustre09/project/6008022/mame20/WGS_pipeline/work/82/4f95bd589f6a6d2a7408d1158f10cf started: 1779758647502; exited: 2026-05-26T03:23:24Z; ]
May-25 23:23:27.743 [TaskFinalizer-5] DEBUG nextflow.processor.TaskProcessor - Handling unexpected condition for
  task: name=gvcf_to_signalintensity (gvcf_batch_d1271e3d); work-dir=/lustre09/project/6008022/mame20/WGS_pipeline/work/82/4f95bd589f6a6d2a7408d1158f10cf
  error [nextflow.exception.ProcessFailedException]: Process `gvcf_to_signalintensity (gvcf_batch_d1271e3d)` terminated with an error exit status (140)
May-25 23:23:27.745 [TaskFinalizer-5] INFO  nextflow.processor.TaskProcessor - [82/4f95bd] NOTE: Process `gvcf_to_signalintensity (gvcf_batch_d1271e3d)` terminated with an error exit status (140) -- Execution is retried (1)
May-25 23:23:27.747 [Task monitor] DEBUG n.processor.TaskPollingMonitor - Task completed > TaskHandler[jobId: 13225830; id: 115; name: gvcf_to_signalintensity (gvcf_batch_8bd43792); status: COMPLETED; exit: 140; error: -; workDir: /lustre09/project/6008022/mame20/WGS_pipeline/work/e4/24975649796d00454ac5a83164f8f1 started: 1779758647503; exited: 2026-05-26T03:23:24Z; ]
May-25 23:23:27.752 [TaskFinalizer-6] DEBUG nextflow.processor.TaskProcessor - Handling unexpected condition for
  task: name=gvcf_to_signalintensity (gvcf_batch_8bd43792); work-dir=/lustre09/project/6008022/mame20/WGS_pipeline/work/e4/24975649796d00454ac5a83164f8f1
  error [nextflow.exception.ProcessFailedException]: Process `gvcf_to_signalintensity (gvcf_batch_8bd43792)` terminated with an error exit status (140)
May-25 23:23:27.754 [TaskFinalizer-6] INFO  nextflow.processor.TaskProcessor - [e4/249756] NOTE: Process `gvcf_to_signalintensity (gvcf_batch_8bd43792)` terminated with an error exit status (140) -- Execution is retried (1)
May-25 23:23:27.759 [Task monitor] DEBUG n.processor.TaskPollingMonitor - Task completed > TaskHandler[jobId: 13225845; id: 117; name: gvcf_to_signalintensity (gvcf_batch_0f31b33a); status: COMPLETED; exit: 140; error: -; workDir: /lustre09/project/6008022/mame20/WGS_pipeline/work/3e/0ca123e1c6fe2ad895591f561d1835 started: 1779758647505; exited: 2026-05-26T03:23:24Z; ]
May-25 23:23:27.762 [Task monitor] DEBUG n.processor.TaskPollingMonitor - Task completed > TaskHandler[jobId: 13225852; id: 118; name: gvcf_to_signalintensity (gvcf_batch_abbf276d); status: COMPLETED; exit: 140; error: -; workDir: /lustre09/project/6008022/mame20/WGS_pipeline/work/fc/20431d5864724cb4cd079c247b8aa9 started: 1779758647505; exited: 2026-05-26T03:23:24Z; ]
May-25 23:23:27.765 [TaskFinalizer-7] DEBUG nextflow.processor.TaskProcessor - Handling unexpected condition for
  task: name=gvcf_to_signalintensity (gvcf_batch_0f31b33a); work-dir=/lustre09/project/6008022/mame20/WGS_pipeline/work/3e/0ca123e1c6fe2ad895591f561d1835
  error [nextflow.exception.ProcessFailedException]: Process `gvcf_to_signalintensity (gvcf_batch_0f31b33a)` terminated with an error exit status (140)
May-25 23:23:27.767 [TaskFinalizer-7] INFO  nextflow.processor.TaskProcessor - [3e/0ca123] NOTE: Process `gvcf_to_signalintensity (gvcf_batch_0f31b33a)` terminated with an error exit status (140) -- Execution is retried (1)
May-25 23:23:27.768 [TaskFinalizer-1] DEBUG nextflow.processor.TaskProcessor - Handling unexpected condition for
  task: name=gvcf_to_signalintensity (gvcf_batch_abbf276d); work-dir=/lustre09/project/6008022/mame20/WGS_pipeline/work/fc/20431d5864724cb4cd079c247b8aa9
  error [nextflow.exception.ProcessFailedException]: Process `gvcf_to_signalintensity (gvcf_batch_abbf276d)` terminated with an error exit status (140)
May-25 23:23:27.770 [TaskFinalizer-1] INFO  nextflow.processor.TaskProcessor - [fc/20431d] NOTE: Process `gvcf_to_signalintensity (gvcf_batch_abbf276d)` terminated with an error exit status (140) -- Execution is retried (1)
May-25 23:23:27.806 [Task submitter] DEBUG nextflow.executor.GridTaskHandler - [SLURM] submitted process gvcf_to_signalintensity (gvcf_batch_d1271e3d) > jobId: 13231789; workDir: /lustre09/project/6008022/mame20/WGS_pipeline/work/50/d9eb7af16ab7f2d7fedbc8a5b69db1
May-25 23:23:27.806 [Task submitter] INFO  nextflow.Session - [50/d9eb7a] Re-submitted process > gvcf_to_signalintensity (gvcf_batch_d1271e3d)
May-25 23:23:32.802 [Task submitter] DEBUG nextflow.executor.GridTaskHandler - [SLURM] submitted process gvcf_to_signalintensity (gvcf_batch_8bd43792) > jobId: 13231797; workDir: /lustre09/project/6008022/mame20/WGS_pipeline/work/cb/ffdaa7d0a9974021ba585eb9c211af
May-25 23:23:32.802 [Task submitter] INFO  nextflow.Session - [cb/ffdaa7] Re-submitted process > gvcf_to_signalintensity (gvcf_batch_8bd43792)
May-25 23:23:38.788 [Task submitter] DEBUG nextflow.executor.GridTaskHandler - [SLURM] submitted process gvcf_to_signalintensity (gvcf_batch_abbf276d) > jobId: 13231798; workDir: /lustre09/project/6008022/mame20/WGS_pipeline/work/27/5b6f5730ec4e12309a834911e8c35f
May-25 23:23:38.788 [Task submitter] INFO  nextflow.Session - [27/5b6f57] Re-submitted process > gvcf_to_signalintensity (gvcf_batch_abbf276d)
May-25 23:23:44.797 [Task submitter] DEBUG nextflow.executor.GridTaskHandler - [SLURM] submitted process gvcf_to_signalintensity (gvcf_batch_0f31b33a) > jobId: 13231800; workDir: /lustre09/project/6008022/mame20/WGS_pipeline/work/98/3282d9ab2afee7432ec1c893e2c1ec
May-25 23:23:44.797 [Task submitter] INFO  nextflow.Session - [98/3282d9] Re-submitted process > gvcf_to_signalintensity (gvcf_batch_0f31b33a)
May-25 23:25:37.746 [Task monitor] DEBUG n.processor.TaskPollingMonitor - !! executor slurm > tasks to be completed: 43 -- submitted tasks are shown below
~> TaskHandler[jobId: 13225874; id: 119; name: gvcf_to_signalintensity (gvcf_batch_b17bacd8); status: RUNNING; exit: -; error: -; workDir: /lustre09/project/6008022/mame20/WGS_pipeline/work/fc/99eb0e07dee50ad8a5c3723e1af581 started: 1779758837502; exited: -; ]
~> TaskHandler[jobId: 13225910; id: 121; name: gvcf_to_signalintensity (gvcf_batch_2e30314b); status: RUNNING; exit: -; error: -; workDir: /lustre09/project/6008022/mame20/WGS_pipeline/work/d9/34e6734a66f9797e1fd7ec18bb6d65 started: 1779758837507; exited: -; ]
~> TaskHandler[jobId: 13225929; id: 122; name: gvcf_to_signalintensity (gvcf_batch_da2ad971); status: RUNNING; exit: -; error: -; workDir: /lustre09/project/6008022/mame20/WGS_pipeline/work/ad/3108f9a94dbe4a98f91c6acae031af started: 1779758837508; exited: 2026-05-26T03:25:34Z; ]
~> TaskHandler[jobId: 13230999; id: 127; name: gvcf_to_signalintensity (gvcf_batch_8f5548f7); status: RUNNING; exit: -; error: -; workDir: /lustre09/project/6008022/mame20/WGS_pipeline/work/27/c7d5534202ce33340c90d2bba86900 started: 1779764122683; exited: -; ]
~> TaskHandler[jobId: 13231000; id: 126; name: gvcf_to_signalintensity (gvcf_batch_2391cac3); status: RUNNING; exit: -; error: -; workDir: /lustre09/project/6008022/mame20/WGS_pipeline/work/b0/2323e0eeccb12849d11ea4e1a90583 started: 1779764122684; exited: -; ]
~> TaskHandler[jobId: 13231001; id: 129; name: gvcf_to_signalintensity (gvcf_batch_1eaa0d88); status: RUNNING; exit: -; error: -; workDir: /lustre09/project/6008022/mame20/WGS_pipeline/work/7a/f7588567fed32fe322a6023eb078d9 started: 1779764122686; exited: -; ]
~> TaskHandler[jobId: 13231004; id: 128; name: gvcf_to_signalintensity (gvcf_batch_6322c706); status: RUNNING; exit: -; error: -; workDir: /lustre09/project/6008022/mame20/WGS_pipeline/work/50/81d4f3d1596ebedfebaef39e71ca72 started: 1779764122688; exited: -; ]
~> TaskHandler[jobId: 13231005; id: 130; name: gvcf_to_signalintensity (gvcf_batch_7145000a); status: RUNNING; exit: -; error: -; workDir: /lustre09/project/6008022/mame20/WGS_pipeline/work/bd/cccceedf3df72e2aef6761e5f363cd started: 1779764122689; exited: -; ]
~> TaskHandler[jobId: 13231020; id: 132; name: gvcf_to_signalintensity (gvcf_batch_287a9b1e); status: RUNNING; exit: -; error: -; workDir: /lustre09/project/6008022/mame20/WGS_pipeline/work/12/3bb45aa6da9a5f976d181e123fd7eb started: 1779764312694; exited: -; ]
~> TaskHandler[jobId: 13231029; id: 131; name: gvcf_to_signalintensity (gvcf_batch_ceba15f1); status: RUNNING; exit: -; error: -; workDir: /lustre09/project/6008022/mame20/WGS_pipeline/work/d2/ac2149b2780ce0dccd547fdb32d20e started: 1779764312696; exited: -; ]
.. remaining tasks omitted.
May-25 23:25:37.748 [Task monitor] DEBUG n.processor.TaskPollingMonitor - Task completed > TaskHandler[jobId: 13225929; id: 122; name: gvcf_to_signalintensity (gvcf_batch_da2ad971); status: COMPLETED; exit: 0; error: -; workDir: /lustre09/project/6008022/mame20/WGS_pipeline/work/ad/3108f9a94dbe4a98f91c6acae031af started: 1779758837508; exited: 2026-05-26T03:25:34Z; ]
May-25 23:26:27.752 [Task monitor] DEBUG n.processor.TaskPollingMonitor - Task completed > TaskHandler[jobId: 13225874; id: 119; name: gvcf_to_signalintensity (gvcf_batch_b17bacd8); status: COMPLETED; exit: 140; error: -; workDir: /lustre09/project/6008022/mame20/WGS_pipeline/work/fc/99eb0e07dee50ad8a5c3723e1af581 started: 1779758837502; exited: 2026-05-26T03:26:23Z; ]
May-25 23:26:27.756 [TaskFinalizer-2] DEBUG nextflow.processor.TaskProcessor - Handling unexpected condition for
  task: name=gvcf_to_signalintensity (gvcf_batch_b17bacd8); work-dir=/lustre09/project/6008022/mame20/WGS_pipeline/work/fc/99eb0e07dee50ad8a5c3723e1af581
  error [nextflow.exception.ProcessFailedException]: Process `gvcf_to_signalintensity (gvcf_batch_b17bacd8)` terminated with an error exit status (140)
May-25 23:26:27.757 [TaskFinalizer-2] INFO  nextflow.processor.TaskProcessor - [fc/99eb0e] NOTE: Process `gvcf_to_signalintensity (gvcf_batch_b17bacd8)` terminated with an error exit status (140) -- Execution is retried (1)
May-25 23:26:27.758 [Task monitor] DEBUG n.processor.TaskPollingMonitor - Task completed > TaskHandler[jobId: 13225910; id: 121; name: gvcf_to_signalintensity (gvcf_batch_2e30314b); status: COMPLETED; exit: 140; error: -; workDir: /lustre09/project/6008022/mame20/WGS_pipeline/work/d9/34e6734a66f9797e1fd7ec18bb6d65 started: 1779758837507; exited: 2026-05-26T03:26:23Z; ]
May-25 23:26:27.760 [TaskFinalizer-3] DEBUG nextflow.processor.TaskProcessor - Handling unexpected condition for
  task: name=gvcf_to_signalintensity (gvcf_batch_2e30314b); work-dir=/lustre09/project/6008022/mame20/WGS_pipeline/work/d9/34e6734a66f9797e1fd7ec18bb6d65
  error [nextflow.exception.ProcessFailedException]: Process `gvcf_to_signalintensity (gvcf_batch_2e30314b)` terminated with an error exit status (140)
May-25 23:26:27.767 [TaskFinalizer-3] INFO  nextflow.processor.TaskProcessor - [d9/34e673] NOTE: Process `gvcf_to_signalintensity (gvcf_batch_2e30314b)` terminated with an error exit status (140) -- Execution is retried (1)
May-25 23:26:27.814 [Task submitter] DEBUG nextflow.executor.GridTaskHandler - [SLURM] submitted process gvcf_to_signalintensity (gvcf_batch_b17bacd8) > jobId: 13231840; workDir: /lustre09/project/6008022/mame20/WGS_pipeline/work/6a/2841b382d9a678591dd85dfa784dc6
May-25 23:26:27.814 [Task submitter] INFO  nextflow.Session - [6a/2841b3] Re-submitted process > gvcf_to_signalintensity (gvcf_batch_b17bacd8)
May-25 23:26:32.828 [Task submitter] DEBUG nextflow.executor.GridTaskHandler - [SLURM] submitted process gvcf_to_signalintensity (gvcf_batch_2e30314b) > jobId: 13231841; workDir: /lustre09/project/6008022/mame20/WGS_pipeline/work/7e/0c0851327ecf04e2f9e9eebb1f19b3
May-25 23:26:32.829 [Task submitter] INFO  nextflow.Session - [7e/0c0851] Re-submitted process > gvcf_to_signalintensity (gvcf_batch_2e30314b)
May-25 23:30:37.756 [Task monitor] DEBUG n.processor.TaskPollingMonitor - !! executor slurm > tasks to be completed: 42 -- submitted tasks are shown below
~> TaskHandler[jobId: 13230999; id: 127; name: gvcf_to_signalintensity (gvcf_batch_8f5548f7); status: RUNNING; exit: -; error: -; workDir: /lustre09/project/6008022/mame20/WGS_pipeline/work/27/c7d5534202ce33340c90d2bba86900 started: 1779764122683; exited: -; ]
~> TaskHandler[jobId: 13231000; id: 126; name: gvcf_to_signalintensity (gvcf_batch_2391cac3); status: RUNNING; exit: -; error: -; workDir: /lustre09/project/6008022/mame20/WGS_pipeline/work/b0/2323e0eeccb12849d11ea4e1a90583 started: 1779764122684; exited: -; ]
~> TaskHandler[jobId: 13231001; id: 129; name: gvcf_to_signalintensity (gvcf_batch_1eaa0d88); status: RUNNING; exit: -; error: -; workDir: /lustre09/project/6008022/mame20/WGS_pipeline/work/7a/f7588567fed32fe322a6023eb078d9 started: 1779764122686; exited: -; ]
~> TaskHandler[jobId: 13231004; id: 128; name: gvcf_to_signalintensity (gvcf_batch_6322c706); status: RUNNING; exit: -; error: -; workDir: /lustre09/project/6008022/mame20/WGS_pipeline/work/50/81d4f3d1596ebedfebaef39e71ca72 started: 1779764122688; exited: -; ]
~> TaskHandler[jobId: 13231005; id: 130; name: gvcf_to_signalintensity (gvcf_batch_7145000a); status: RUNNING; exit: -; error: -; workDir: /lustre09/project/6008022/mame20/WGS_pipeline/work/bd/cccceedf3df72e2aef6761e5f363cd started: 1779764122689; exited: -; ]
~> TaskHandler[jobId: 13231020; id: 132; name: gvcf_to_signalintensity (gvcf_batch_287a9b1e); status: RUNNING; exit: -; error: -; workDir: /lustre09/project/6008022/mame20/WGS_pipeline/work/12/3bb45aa6da9a5f976d181e123fd7eb started: 1779764312694; exited: -; ]
~> TaskHandler[jobId: 13231029; id: 131; name: gvcf_to_signalintensity (gvcf_batch_ceba15f1); status: RUNNING; exit: -; error: -; workDir: /lustre09/project/6008022/mame20/WGS_pipeline/work/d2/ac2149b2780ce0dccd547fdb32d20e started: 1779764312696; exited: -; ]
~> TaskHandler[jobId: 13231055; id: 133; name: gvcf_to_signalintensity (gvcf_batch_176fc2f7); status: RUNNING; exit: -; error: -; workDir: /lustre09/project/6008022/mame20/WGS_pipeline/work/8e/97d90602da2a3a69794a69d52ac62f started: 1779764312696; exited: -; ]
~> TaskHandler[jobId: 13231060; id: 134; name: gvcf_to_signalintensity (gvcf_batch_709963d1); status: RUNNING; exit: -; error: -; workDir: /lustre09/project/6008022/mame20/WGS_pipeline/work/08/16fb4da8b8554c6e6f891a6c429945 started: 1779764312700; exited: -; ]
~> TaskHandler[jobId: 13231063; id: 135; name: gvcf_to_signalintensity (gvcf_batch_9a43d572); status: RUNNING; exit: -; error: -; workDir: /lustre09/project/6008022/mame20/WGS_pipeline/work/a4/971dd78aee4e8cec86d5c85c3c6ef4 started: 1779764312701; exited: -; ]
.. remaining tasks omitted.
May-25 23:35:37.770 [Task monitor] DEBUG n.processor.TaskPollingMonitor - !! executor slurm > tasks to be completed: 42 -- submitted tasks are shown below
~> TaskHandler[jobId: 13230999; id: 127; name: gvcf_to_signalintensity (gvcf_batch_8f5548f7); status: RUNNING; exit: -; error: -; workDir: /lustre09/project/6008022/mame20/WGS_pipeline/work/27/c7d5534202ce33340c90d2bba86900 started: 1779764122683; exited: -; ]
~> TaskHandler[jobId: 13231000; id: 126; name: gvcf_to_signalintensity (gvcf_batch_2391cac3); status: RUNNING; exit: -; error: -; workDir: /lustre09/project/6008022/mame20/WGS_pipeline/work/b0/2323e0eeccb12849d11ea4e1a90583 started: 1779764122684; exited: -; ]
~> TaskHandler[jobId: 13231001; id: 129; name: gvcf_to_signalintensity (gvcf_batch_1eaa0d88); status: RUNNING; exit: -; error: -; workDir: /lustre09/project/6008022/mame20/WGS_pipeline/work/7a/f7588567fed32fe322a6023eb078d9 started: 1779764122686; exited: -; ]
~> TaskHandler[jobId: 13231004; id: 128; name: gvcf_to_signalintensity (gvcf_batch_6322c706); status: RUNNING; exit: -; error: -; workDir: /lustre09/project/6008022/mame20/WGS_pipeline/work/50/81d4f3d1596ebedfebaef39e71ca72 started: 1779764122688; exited: -; ]
~> TaskHandler[jobId: 13231005; id: 130; name: gvcf_to_signalintensity (gvcf_batch_7145000a); status: RUNNING; exit: -; error: -; workDir: /lustre09/project/6008022/mame20/WGS_pipeline/work/bd/cccceedf3df72e2aef6761e5f363cd started: 1779764122689; exited: -; ]
~> TaskHandler[jobId: 13231020; id: 132; name: gvcf_to_signalintensity (gvcf_batch_287a9b1e); status: RUNNING; exit: -; error: -; workDir: /lustre09/project/6008022/mame20/WGS_pipeline/work/12/3bb45aa6da9a5f976d181e123fd7eb started: 1779764312694; exited: -; ]
~> TaskHandler[jobId: 13231029; id: 131; name: gvcf_to_signalintensity (gvcf_batch_ceba15f1); status: RUNNING; exit: -; error: -; workDir: /lustre09/project/6008022/mame20/WGS_pipeline/work/d2/ac2149b2780ce0dccd547fdb32d20e started: 1779764312696; exited: -; ]
~> TaskHandler[jobId: 13231055; id: 133; name: gvcf_to_signalintensity (gvcf_batch_176fc2f7); status: RUNNING; exit: -; error: -; workDir: /lustre09/project/6008022/mame20/WGS_pipeline/work/8e/97d90602da2a3a69794a69d52ac62f started: 1779764312696; exited: -; ]
~> TaskHandler[jobId: 13231060; id: 134; name: gvcf_to_signalintensity (gvcf_batch_709963d1); status: RUNNING; exit: -; error: -; workDir: /lustre09/project/6008022/mame20/WGS_pipeline/work/08/16fb4da8b8554c6e6f891a6c429945 started: 1779764312700; exited: -; ]
~> TaskHandler[jobId: 13231063; id: 135; name: gvcf_to_signalintensity (gvcf_batch_9a43d572); status: RUNNING; exit: -; error: -; workDir: /lustre09/project/6008022/mame20/WGS_pipeline/work/a4/971dd78aee4e8cec86d5c85c3c6ef4 started: 1779764312701; exited: -; ]
.. remaining tasks omitted.
May-25 23:40:37.780 [Task monitor] DEBUG n.processor.TaskPollingMonitor - !! executor slurm > tasks to be completed: 42 -- submitted tasks are shown below
~> TaskHandler[jobId: 13230999; id: 127; name: gvcf_to_signalintensity (gvcf_batch_8f5548f7); status: RUNNING; exit: -; error: -; workDir: /lustre09/project/6008022/mame20/WGS_pipeline/work/27/c7d5534202ce33340c90d2bba86900 started: 1779764122683; exited: -; ]
~> TaskHandler[jobId: 13231000; id: 126; name: gvcf_to_signalintensity (gvcf_batch_2391cac3); status: RUNNING; exit: -; error: -; workDir: /lustre09/project/6008022/mame20/WGS_pipeline/work/b0/2323e0eeccb12849d11ea4e1a90583 started: 1779764122684; exited: -; ]
~> TaskHandler[jobId: 13231001; id: 129; name: gvcf_to_signalintensity (gvcf_batch_1eaa0d88); status: RUNNING; exit: -; error: -; workDir: /lustre09/project/6008022/mame20/WGS_pipeline/work/7a/f7588567fed32fe322a6023eb078d9 started: 1779764122686; exited: -; ]
~> TaskHandler[jobId: 13231004; id: 128; name: gvcf_to_signalintensity (gvcf_batch_6322c706); status: RUNNING; exit: -; error: -; workDir: /lustre09/project/6008022/mame20/WGS_pipeline/work/50/81d4f3d1596ebedfebaef39e71ca72 started: 1779764122688; exited: -; ]
~> TaskHandler[jobId: 13231005; id: 130; name: gvcf_to_signalintensity (gvcf_batch_7145000a); status: RUNNING; exit: -; error: -; workDir: /lustre09/project/6008022/mame20/WGS_pipeline/work/bd/cccceedf3df72e2aef6761e5f363cd started: 1779764122689; exited: -; ]
~> TaskHandler[jobId: 13231020; id: 132; name: gvcf_to_signalintensity (gvcf_batch_287a9b1e); status: RUNNING; exit: -; error: -; workDir: /lustre09/project/6008022/mame20/WGS_pipeline/work/12/3bb45aa6da9a5f976d181e123fd7eb started: 1779764312694; exited: -; ]
~> TaskHandler[jobId: 13231029; id: 131; name: gvcf_to_signalintensity (gvcf_batch_ceba15f1); status: RUNNING; exit: -; error: -; workDir: /lustre09/project/6008022/mame20/WGS_pipeline/work/d2/ac2149b2780ce0dccd547fdb32d20e started: 1779764312696; exited: -; ]
~> TaskHandler[jobId: 13231055; id: 133; name: gvcf_to_signalintensity (gvcf_batch_176fc2f7); status: RUNNING; exit: -; error: -; workDir: /lustre09/project/6008022/mame20/WGS_pipeline/work/8e/97d90602da2a3a69794a69d52ac62f started: 1779764312696; exited: -; ]
~> TaskHandler[jobId: 13231060; id: 134; name: gvcf_to_signalintensity (gvcf_batch_709963d1); status: RUNNING; exit: -; error: -; workDir: /lustre09/project/6008022/mame20/WGS_pipeline/work/08/16fb4da8b8554c6e6f891a6c429945 started: 1779764312700; exited: -; ]
~> TaskHandler[jobId: 13231063; id: 135; name: gvcf_to_signalintensity (gvcf_batch_9a43d572); status: RUNNING; exit: -; error: -; workDir: /lustre09/project/6008022/mame20/WGS_pipeline/work/a4/971dd78aee4e8cec86d5c85c3c6ef4 started: 1779764312701; exited: -; ]
.. remaining tasks omitted.
May-25 23:45:37.792 [Task monitor] DEBUG n.processor.TaskPollingMonitor - !! executor slurm > tasks to be completed: 42 -- submitted tasks are shown below
~> TaskHandler[jobId: 13230999; id: 127; name: gvcf_to_signalintensity (gvcf_batch_8f5548f7); status: RUNNING; exit: -; error: -; workDir: /lustre09/project/6008022/mame20/WGS_pipeline/work/27/c7d5534202ce33340c90d2bba86900 started: 1779764122683; exited: -; ]
~> TaskHandler[jobId: 13231000; id: 126; name: gvcf_to_signalintensity (gvcf_batch_2391cac3); status: RUNNING; exit: -; error: -; workDir: /lustre09/project/6008022/mame20/WGS_pipeline/work/b0/2323e0eeccb12849d11ea4e1a90583 started: 1779764122684; exited: -; ]
~> TaskHandler[jobId: 13231001; id: 129; name: gvcf_to_signalintensity (gvcf_batch_1eaa0d88); status: RUNNING; exit: -; error: -; workDir: /lustre09/project/6008022/mame20/WGS_pipeline/work/7a/f7588567fed32fe322a6023eb078d9 started: 1779764122686; exited: -; ]
~> TaskHandler[jobId: 13231004; id: 128; name: gvcf_to_signalintensity (gvcf_batch_6322c706); status: RUNNING; exit: -; error: -; workDir: /lustre09/project/6008022/mame20/WGS_pipeline/work/50/81d4f3d1596ebedfebaef39e71ca72 started: 1779764122688; exited: -; ]
~> TaskHandler[jobId: 13231005; id: 130; name: gvcf_to_signalintensity (gvcf_batch_7145000a); status: RUNNING; exit: -; error: -; workDir: /lustre09/project/6008022/mame20/WGS_pipeline/work/bd/cccceedf3df72e2aef6761e5f363cd started: 1779764122689; exited: -; ]
~> TaskHandler[jobId: 13231020; id: 132; name: gvcf_to_signalintensity (gvcf_batch_287a9b1e); status: RUNNING; exit: -; error: -; workDir: /lustre09/project/6008022/mame20/WGS_pipeline/work/12/3bb45aa6da9a5f976d181e123fd7eb started: 1779764312694; exited: -; ]
~> TaskHandler[jobId: 13231029; id: 131; name: gvcf_to_signalintensity (gvcf_batch_ceba15f1); status: RUNNING; exit: -; error: -; workDir: /lustre09/project/6008022/mame20/WGS_pipeline/work/d2/ac2149b2780ce0dccd547fdb32d20e started: 1779764312696; exited: -; ]
~> TaskHandler[jobId: 13231055; id: 133; name: gvcf_to_signalintensity (gvcf_batch_176fc2f7); status: RUNNING; exit: -; error: -; workDir: /lustre09/project/6008022/mame20/WGS_pipeline/work/8e/97d90602da2a3a69794a69d52ac62f started: 1779764312696; exited: -; ]
~> TaskHandler[jobId: 13231060; id: 134; name: gvcf_to_signalintensity (gvcf_batch_709963d1); status: RUNNING; exit: -; error: -; workDir: /lustre09/project/6008022/mame20/WGS_pipeline/work/08/16fb4da8b8554c6e6f891a6c429945 started: 1779764312700; exited: -; ]
~> TaskHandler[jobId: 13231063; id: 135; name: gvcf_to_signalintensity (gvcf_batch_9a43d572); status: RUNNING; exit: -; error: -; workDir: /lustre09/project/6008022/mame20/WGS_pipeline/work/a4/971dd78aee4e8cec86d5c85c3c6ef4 started: 1779764312701; exited: -; ]
.. remaining tasks omitted.
May-25 23:50:37.808 [Task monitor] DEBUG n.processor.TaskPollingMonitor - !! executor slurm > tasks to be completed: 42 -- submitted tasks are shown below
~> TaskHandler[jobId: 13230999; id: 127; name: gvcf_to_signalintensity (gvcf_batch_8f5548f7); status: RUNNING; exit: -; error: -; workDir: /lustre09/project/6008022/mame20/WGS_pipeline/work/27/c7d5534202ce33340c90d2bba86900 started: 1779764122683; exited: -; ]
~> TaskHandler[jobId: 13231000; id: 126; name: gvcf_to_signalintensity (gvcf_batch_2391cac3); status: RUNNING; exit: -; error: -; workDir: /lustre09/project/6008022/mame20/WGS_pipeline/work/b0/2323e0eeccb12849d11ea4e1a90583 started: 1779764122684; exited: -; ]
~> TaskHandler[jobId: 13231001; id: 129; name: gvcf_to_signalintensity (gvcf_batch_1eaa0d88); status: RUNNING; exit: -; error: -; workDir: /lustre09/project/6008022/mame20/WGS_pipeline/work/7a/f7588567fed32fe322a6023eb078d9 started: 1779764122686; exited: -; ]
~> TaskHandler[jobId: 13231004; id: 128; name: gvcf_to_signalintensity (gvcf_batch_6322c706); status: RUNNING; exit: -; error: -; workDir: /lustre09/project/6008022/mame20/WGS_pipeline/work/50/81d4f3d1596ebedfebaef39e71ca72 started: 1779764122688; exited: -; ]
~> TaskHandler[jobId: 13231005; id: 130; name: gvcf_to_signalintensity (gvcf_batch_7145000a); status: RUNNING; exit: -; error: -; workDir: /lustre09/project/6008022/mame20/WGS_pipeline/work/bd/cccceedf3df72e2aef6761e5f363cd started: 1779764122689; exited: -; ]
~> TaskHandler[jobId: 13231020; id: 132; name: gvcf_to_signalintensity (gvcf_batch_287a9b1e); status: RUNNING; exit: -; error: -; workDir: /lustre09/project/6008022/mame20/WGS_pipeline/work/12/3bb45aa6da9a5f976d181e123fd7eb started: 1779764312694; exited: -; ]
~> TaskHandler[jobId: 13231029; id: 131; name: gvcf_to_signalintensity (gvcf_batch_ceba15f1); status: RUNNING; exit: -; error: -; workDir: /lustre09/project/6008022/mame20/WGS_pipeline/work/d2/ac2149b2780ce0dccd547fdb32d20e started: 1779764312696; exited: -; ]
~> TaskHandler[jobId: 13231055; id: 133; name: gvcf_to_signalintensity (gvcf_batch_176fc2f7); status: RUNNING; exit: -; error: -; workDir: /lustre09/project/6008022/mame20/WGS_pipeline/work/8e/97d90602da2a3a69794a69d52ac62f started: 1779764312696; exited: -; ]
~> TaskHandler[jobId: 13231060; id: 134; name: gvcf_to_signalintensity (gvcf_batch_709963d1); status: RUNNING; exit: -; error: -; workDir: /lustre09/project/6008022/mame20/WGS_pipeline/work/08/16fb4da8b8554c6e6f891a6c429945 started: 1779764312700; exited: -; ]
~> TaskHandler[jobId: 13231063; id: 135; name: gvcf_to_signalintensity (gvcf_batch_9a43d572); status: RUNNING; exit: -; error: -; workDir: /lustre09/project/6008022/mame20/WGS_pipeline/work/a4/971dd78aee4e8cec86d5c85c3c6ef4 started: 1779764312701; exited: -; ]
.. remaining tasks omitted.
May-25 23:55:37.829 [Task monitor] DEBUG n.processor.TaskPollingMonitor - !! executor slurm > tasks to be completed: 42 -- submitted tasks are shown below
~> TaskHandler[jobId: 13230999; id: 127; name: gvcf_to_signalintensity (gvcf_batch_8f5548f7); status: RUNNING; exit: -; error: -; workDir: /lustre09/project/6008022/mame20/WGS_pipeline/work/27/c7d5534202ce33340c90d2bba86900 started: 1779764122683; exited: -; ]
~> TaskHandler[jobId: 13231000; id: 126; name: gvcf_to_signalintensity (gvcf_batch_2391cac3); status: RUNNING; exit: -; error: -; workDir: /lustre09/project/6008022/mame20/WGS_pipeline/work/b0/2323e0eeccb12849d11ea4e1a90583 started: 1779764122684; exited: -; ]
~> TaskHandler[jobId: 13231001; id: 129; name: gvcf_to_signalintensity (gvcf_batch_1eaa0d88); status: RUNNING; exit: -; error: -; workDir: /lustre09/project/6008022/mame20/WGS_pipeline/work/7a/f7588567fed32fe322a6023eb078d9 started: 1779764122686; exited: -; ]
~> TaskHandler[jobId: 13231004; id: 128; name: gvcf_to_signalintensity (gvcf_batch_6322c706); status: RUNNING; exit: -; error: -; workDir: /lustre09/project/6008022/mame20/WGS_pipeline/work/50/81d4f3d1596ebedfebaef39e71ca72 started: 1779764122688; exited: -; ]
~> TaskHandler[jobId: 13231005; id: 130; name: gvcf_to_signalintensity (gvcf_batch_7145000a); status: RUNNING; exit: -; error: -; workDir: /lustre09/project/6008022/mame20/WGS_pipeline/work/bd/cccceedf3df72e2aef6761e5f363cd started: 1779764122689; exited: -; ]
~> TaskHandler[jobId: 13231020; id: 132; name: gvcf_to_signalintensity (gvcf_batch_287a9b1e); status: RUNNING; exit: -; error: -; workDir: /lustre09/project/6008022/mame20/WGS_pipeline/work/12/3bb45aa6da9a5f976d181e123fd7eb started: 1779764312694; exited: -; ]
~> TaskHandler[jobId: 13231029; id: 131; name: gvcf_to_signalintensity (gvcf_batch_ceba15f1); status: RUNNING; exit: -; error: -; workDir: /lustre09/project/6008022/mame20/WGS_pipeline/work/d2/ac2149b2780ce0dccd547fdb32d20e started: 1779764312696; exited: -; ]
~> TaskHandler[jobId: 13231055; id: 133; name: gvcf_to_signalintensity (gvcf_batch_176fc2f7); status: RUNNING; exit: -; error: -; workDir: /lustre09/project/6008022/mame20/WGS_pipeline/work/8e/97d90602da2a3a69794a69d52ac62f started: 1779764312696; exited: -; ]
~> TaskHandler[jobId: 13231060; id: 134; name: gvcf_to_signalintensity (gvcf_batch_709963d1); status: RUNNING; exit: -; error: -; workDir: /lustre09/project/6008022/mame20/WGS_pipeline/work/08/16fb4da8b8554c6e6f891a6c429945 started: 1779764312700; exited: -; ]
~> TaskHandler[jobId: 13231063; id: 135; name: gvcf_to_signalintensity (gvcf_batch_9a43d572); status: RUNNING; exit: -; error: -; workDir: /lustre09/project/6008022/mame20/WGS_pipeline/work/a4/971dd78aee4e8cec86d5c85c3c6ef4 started: 1779764312701; exited: -; ]
.. remaining tasks omitted.
May-26 00:00:37.838 [Task monitor] DEBUG n.processor.TaskPollingMonitor - !! executor slurm > tasks to be completed: 42 -- submitted tasks are shown below
~> TaskHandler[jobId: 13230999; id: 127; name: gvcf_to_signalintensity (gvcf_batch_8f5548f7); status: RUNNING; exit: -; error: -; workDir: /lustre09/project/6008022/mame20/WGS_pipeline/work/27/c7d5534202ce33340c90d2bba86900 started: 1779764122683; exited: -; ]
~> TaskHandler[jobId: 13231000; id: 126; name: gvcf_to_signalintensity (gvcf_batch_2391cac3); status: RUNNING; exit: -; error: -; workDir: /lustre09/project/6008022/mame20/WGS_pipeline/work/b0/2323e0eeccb12849d11ea4e1a90583 started: 1779764122684; exited: -; ]
~> TaskHandler[jobId: 13231001; id: 129; name: gvcf_to_signalintensity (gvcf_batch_1eaa0d88); status: RUNNING; exit: -; error: -; workDir: /lustre09/project/6008022/mame20/WGS_pipeline/work/7a/f7588567fed32fe322a6023eb078d9 started: 1779764122686; exited: -; ]
~> TaskHandler[jobId: 13231004; id: 128; name: gvcf_to_signalintensity (gvcf_batch_6322c706); status: RUNNING; exit: -; error: -; workDir: /lustre09/project/6008022/mame20/WGS_pipeline/work/50/81d4f3d1596ebedfebaef39e71ca72 started: 1779764122688; exited: -; ]
~> TaskHandler[jobId: 13231005; id: 130; name: gvcf_to_signalintensity (gvcf_batch_7145000a); status: RUNNING; exit: -; error: -; workDir: /lustre09/project/6008022/mame20/WGS_pipeline/work/bd/cccceedf3df72e2aef6761e5f363cd started: 1779764122689; exited: -; ]
~> TaskHandler[jobId: 13231020; id: 132; name: gvcf_to_signalintensity (gvcf_batch_287a9b1e); status: RUNNING; exit: -; error: -; workDir: /lustre09/project/6008022/mame20/WGS_pipeline/work/12/3bb45aa6da9a5f976d181e123fd7eb started: 1779764312694; exited: -; ]
~> TaskHandler[jobId: 13231029; id: 131; name: gvcf_to_signalintensity (gvcf_batch_ceba15f1); status: RUNNING; exit: -; error: -; workDir: /lustre09/project/6008022/mame20/WGS_pipeline/work/d2/ac2149b2780ce0dccd547fdb32d20e started: 1779764312696; exited: -; ]
~> TaskHandler[jobId: 13231055; id: 133; name: gvcf_to_signalintensity (gvcf_batch_176fc2f7); status: RUNNING; exit: -; error: -; workDir: /lustre09/project/6008022/mame20/WGS_pipeline/work/8e/97d90602da2a3a69794a69d52ac62f started: 1779764312696; exited: -; ]
~> TaskHandler[jobId: 13231060; id: 134; name: gvcf_to_signalintensity (gvcf_batch_709963d1); status: RUNNING; exit: -; error: -; workDir: /lustre09/project/6008022/mame20/WGS_pipeline/work/08/16fb4da8b8554c6e6f891a6c429945 started: 1779764312700; exited: -; ]
~> TaskHandler[jobId: 13231063; id: 135; name: gvcf_to_signalintensity (gvcf_batch_9a43d572); status: RUNNING; exit: -; error: -; workDir: /lustre09/project/6008022/mame20/WGS_pipeline/work/a4/971dd78aee4e8cec86d5c85c3c6ef4 started: 1779764312701; exited: -; ]
.. remaining tasks omitted.
May-26 00:05:37.843 [Task monitor] DEBUG n.processor.TaskPollingMonitor - !! executor slurm > tasks to be completed: 42 -- submitted tasks are shown below
~> TaskHandler[jobId: 13230999; id: 127; name: gvcf_to_signalintensity (gvcf_batch_8f5548f7); status: RUNNING; exit: -; error: -; workDir: /lustre09/project/6008022/mame20/WGS_pipeline/work/27/c7d5534202ce33340c90d2bba86900 started: 1779764122683; exited: -; ]
~> TaskHandler[jobId: 13231000; id: 126; name: gvcf_to_signalintensity (gvcf_batch_2391cac3); status: RUNNING; exit: -; error: -; workDir: /lustre09/project/6008022/mame20/WGS_pipeline/work/b0/2323e0eeccb12849d11ea4e1a90583 started: 1779764122684; exited: -; ]
~> TaskHandler[jobId: 13231001; id: 129; name: gvcf_to_signalintensity (gvcf_batch_1eaa0d88); status: RUNNING; exit: -; error: -; workDir: /lustre09/project/6008022/mame20/WGS_pipeline/work/7a/f7588567fed32fe322a6023eb078d9 started: 1779764122686; exited: -; ]
~> TaskHandler[jobId: 13231004; id: 128; name: gvcf_to_signalintensity (gvcf_batch_6322c706); status: RUNNING; exit: -; error: -; workDir: /lustre09/project/6008022/mame20/WGS_pipeline/work/50/81d4f3d1596ebedfebaef39e71ca72 started: 1779764122688; exited: -; ]
~> TaskHandler[jobId: 13231005; id: 130; name: gvcf_to_signalintensity (gvcf_batch_7145000a); status: RUNNING; exit: -; error: -; workDir: /lustre09/project/6008022/mame20/WGS_pipeline/work/bd/cccceedf3df72e2aef6761e5f363cd started: 1779764122689; exited: -; ]
~> TaskHandler[jobId: 13231020; id: 132; name: gvcf_to_signalintensity (gvcf_batch_287a9b1e); status: RUNNING; exit: -; error: -; workDir: /lustre09/project/6008022/mame20/WGS_pipeline/work/12/3bb45aa6da9a5f976d181e123fd7eb started: 1779764312694; exited: -; ]
~> TaskHandler[jobId: 13231029; id: 131; name: gvcf_to_signalintensity (gvcf_batch_ceba15f1); status: RUNNING; exit: -; error: -; workDir: /lustre09/project/6008022/mame20/WGS_pipeline/work/d2/ac2149b2780ce0dccd547fdb32d20e started: 1779764312696; exited: -; ]
~> TaskHandler[jobId: 13231055; id: 133; name: gvcf_to_signalintensity (gvcf_batch_176fc2f7); status: RUNNING; exit: -; error: -; workDir: /lustre09/project/6008022/mame20/WGS_pipeline/work/8e/97d90602da2a3a69794a69d52ac62f started: 1779764312696; exited: -; ]
~> TaskHandler[jobId: 13231060; id: 134; name: gvcf_to_signalintensity (gvcf_batch_709963d1); status: RUNNING; exit: -; error: -; workDir: /lustre09/project/6008022/mame20/WGS_pipeline/work/08/16fb4da8b8554c6e6f891a6c429945 started: 1779764312700; exited: -; ]
~> TaskHandler[jobId: 13231063; id: 135; name: gvcf_to_signalintensity (gvcf_batch_9a43d572); status: RUNNING; exit: -; error: -; workDir: /lustre09/project/6008022/mame20/WGS_pipeline/work/a4/971dd78aee4e8cec86d5c85c3c6ef4 started: 1779764312701; exited: -; ]
.. remaining tasks omitted.
May-26 00:10:37.849 [Task monitor] DEBUG n.processor.TaskPollingMonitor - !! executor slurm > tasks to be completed: 42 -- submitted tasks are shown below
~> TaskHandler[jobId: 13230999; id: 127; name: gvcf_to_signalintensity (gvcf_batch_8f5548f7); status: RUNNING; exit: -; error: -; workDir: /lustre09/project/6008022/mame20/WGS_pipeline/work/27/c7d5534202ce33340c90d2bba86900 started: 1779764122683; exited: -; ]
~> TaskHandler[jobId: 13231000; id: 126; name: gvcf_to_signalintensity (gvcf_batch_2391cac3); status: RUNNING; exit: -; error: -; workDir: /lustre09/project/6008022/mame20/WGS_pipeline/work/b0/2323e0eeccb12849d11ea4e1a90583 started: 1779764122684; exited: -; ]
~> TaskHandler[jobId: 13231001; id: 129; name: gvcf_to_signalintensity (gvcf_batch_1eaa0d88); status: RUNNING; exit: -; error: -; workDir: /lustre09/project/6008022/mame20/WGS_pipeline/work/7a/f7588567fed32fe322a6023eb078d9 started: 1779764122686; exited: -; ]
~> TaskHandler[jobId: 13231004; id: 128; name: gvcf_to_signalintensity (gvcf_batch_6322c706); status: RUNNING; exit: -; error: -; workDir: /lustre09/project/6008022/mame20/WGS_pipeline/work/50/81d4f3d1596ebedfebaef39e71ca72 started: 1779764122688; exited: -; ]
~> TaskHandler[jobId: 13231005; id: 130; name: gvcf_to_signalintensity (gvcf_batch_7145000a); status: RUNNING; exit: -; error: -; workDir: /lustre09/project/6008022/mame20/WGS_pipeline/work/bd/cccceedf3df72e2aef6761e5f363cd started: 1779764122689; exited: -; ]
~> TaskHandler[jobId: 13231020; id: 132; name: gvcf_to_signalintensity (gvcf_batch_287a9b1e); status: RUNNING; exit: -; error: -; workDir: /lustre09/project/6008022/mame20/WGS_pipeline/work/12/3bb45aa6da9a5f976d181e123fd7eb started: 1779764312694; exited: -; ]
~> TaskHandler[jobId: 13231029; id: 131; name: gvcf_to_signalintensity (gvcf_batch_ceba15f1); status: RUNNING; exit: -; error: -; workDir: /lustre09/project/6008022/mame20/WGS_pipeline/work/d2/ac2149b2780ce0dccd547fdb32d20e started: 1779764312696; exited: -; ]
~> TaskHandler[jobId: 13231055; id: 133; name: gvcf_to_signalintensity (gvcf_batch_176fc2f7); status: RUNNING; exit: -; error: -; workDir: /lustre09/project/6008022/mame20/WGS_pipeline/work/8e/97d90602da2a3a69794a69d52ac62f started: 1779764312696; exited: -; ]
~> TaskHandler[jobId: 13231060; id: 134; name: gvcf_to_signalintensity (gvcf_batch_709963d1); status: RUNNING; exit: -; error: -; workDir: /lustre09/project/6008022/mame20/WGS_pipeline/work/08/16fb4da8b8554c6e6f891a6c429945 started: 1779764312700; exited: -; ]
~> TaskHandler[jobId: 13231063; id: 135; name: gvcf_to_signalintensity (gvcf_batch_9a43d572); status: RUNNING; exit: -; error: -; workDir: /lustre09/project/6008022/mame20/WGS_pipeline/work/a4/971dd78aee4e8cec86d5c85c3c6ef4 started: 1779764312701; exited: -; ]
.. remaining tasks omitted.
May-26 00:15:37.863 [Task monitor] DEBUG n.processor.TaskPollingMonitor - !! executor slurm > tasks to be completed: 42 -- submitted tasks are shown below
~> TaskHandler[jobId: 13230999; id: 127; name: gvcf_to_signalintensity (gvcf_batch_8f5548f7); status: RUNNING; exit: -; error: -; workDir: /lustre09/project/6008022/mame20/WGS_pipeline/work/27/c7d5534202ce33340c90d2bba86900 started: 1779764122683; exited: -; ]
~> TaskHandler[jobId: 13231000; id: 126; name: gvcf_to_signalintensity (gvcf_batch_2391cac3); status: RUNNING; exit: -; error: -; workDir: /lustre09/project/6008022/mame20/WGS_pipeline/work/b0/2323e0eeccb12849d11ea4e1a90583 started: 1779764122684; exited: -; ]
~> TaskHandler[jobId: 13231001; id: 129; name: gvcf_to_signalintensity (gvcf_batch_1eaa0d88); status: RUNNING; exit: -; error: -; workDir: /lustre09/project/6008022/mame20/WGS_pipeline/work/7a/f7588567fed32fe322a6023eb078d9 started: 1779764122686; exited: -; ]
~> TaskHandler[jobId: 13231004; id: 128; name: gvcf_to_signalintensity (gvcf_batch_6322c706); status: RUNNING; exit: -; error: -; workDir: /lustre09/project/6008022/mame20/WGS_pipeline/work/50/81d4f3d1596ebedfebaef39e71ca72 started: 1779764122688; exited: -; ]
~> TaskHandler[jobId: 13231005; id: 130; name: gvcf_to_signalintensity (gvcf_batch_7145000a); status: RUNNING; exit: -; error: -; workDir: /lustre09/project/6008022/mame20/WGS_pipeline/work/bd/cccceedf3df72e2aef6761e5f363cd started: 1779764122689; exited: -; ]
~> TaskHandler[jobId: 13231020; id: 132; name: gvcf_to_signalintensity (gvcf_batch_287a9b1e); status: RUNNING; exit: -; error: -; workDir: /lustre09/project/6008022/mame20/WGS_pipeline/work/12/3bb45aa6da9a5f976d181e123fd7eb started: 1779764312694; exited: -; ]
~> TaskHandler[jobId: 13231029; id: 131; name: gvcf_to_signalintensity (gvcf_batch_ceba15f1); status: RUNNING; exit: -; error: -; workDir: /lustre09/project/6008022/mame20/WGS_pipeline/work/d2/ac2149b2780ce0dccd547fdb32d20e started: 1779764312696; exited: -; ]
~> TaskHandler[jobId: 13231055; id: 133; name: gvcf_to_signalintensity (gvcf_batch_176fc2f7); status: RUNNING; exit: -; error: -; workDir: /lustre09/project/6008022/mame20/WGS_pipeline/work/8e/97d90602da2a3a69794a69d52ac62f started: 1779764312696; exited: -; ]
~> TaskHandler[jobId: 13231060; id: 134; name: gvcf_to_signalintensity (gvcf_batch_709963d1); status: RUNNING; exit: -; error: -; workDir: /lustre09/project/6008022/mame20/WGS_pipeline/work/08/16fb4da8b8554c6e6f891a6c429945 started: 1779764312700; exited: -; ]
~> TaskHandler[jobId: 13231063; id: 135; name: gvcf_to_signalintensity (gvcf_batch_9a43d572); status: RUNNING; exit: -; error: -; workDir: /lustre09/project/6008022/mame20/WGS_pipeline/work/a4/971dd78aee4e8cec86d5c85c3c6ef4 started: 1779764312701; exited: -; ]
.. remaining tasks omitted.
May-26 00:20:37.873 [Task monitor] DEBUG n.processor.TaskPollingMonitor - !! executor slurm > tasks to be completed: 42 -- submitted tasks are shown below
~> TaskHandler[jobId: 13230999; id: 127; name: gvcf_to_signalintensity (gvcf_batch_8f5548f7); status: RUNNING; exit: -; error: -; workDir: /lustre09/project/6008022/mame20/WGS_pipeline/work/27/c7d5534202ce33340c90d2bba86900 started: 1779764122683; exited: -; ]
~> TaskHandler[jobId: 13231000; id: 126; name: gvcf_to_signalintensity (gvcf_batch_2391cac3); status: RUNNING; exit: -; error: -; workDir: /lustre09/project/6008022/mame20/WGS_pipeline/work/b0/2323e0eeccb12849d11ea4e1a90583 started: 1779764122684; exited: -; ]
~> TaskHandler[jobId: 13231001; id: 129; name: gvcf_to_signalintensity (gvcf_batch_1eaa0d88); status: RUNNING; exit: -; error: -; workDir: /lustre09/project/6008022/mame20/WGS_pipeline/work/7a/f7588567fed32fe322a6023eb078d9 started: 1779764122686; exited: -; ]
~> TaskHandler[jobId: 13231004; id: 128; name: gvcf_to_signalintensity (gvcf_batch_6322c706); status: RUNNING; exit: -; error: -; workDir: /lustre09/project/6008022/mame20/WGS_pipeline/work/50/81d4f3d1596ebedfebaef39e71ca72 started: 1779764122688; exited: -; ]
~> TaskHandler[jobId: 13231005; id: 130; name: gvcf_to_signalintensity (gvcf_batch_7145000a); status: RUNNING; exit: -; error: -; workDir: /lustre09/project/6008022/mame20/WGS_pipeline/work/bd/cccceedf3df72e2aef6761e5f363cd started: 1779764122689; exited: -; ]
~> TaskHandler[jobId: 13231020; id: 132; name: gvcf_to_signalintensity (gvcf_batch_287a9b1e); status: RUNNING; exit: -; error: -; workDir: /lustre09/project/6008022/mame20/WGS_pipeline/work/12/3bb45aa6da9a5f976d181e123fd7eb started: 1779764312694; exited: -; ]
~> TaskHandler[jobId: 13231029; id: 131; name: gvcf_to_signalintensity (gvcf_batch_ceba15f1); status: RUNNING; exit: -; error: -; workDir: /lustre09/project/6008022/mame20/WGS_pipeline/work/d2/ac2149b2780ce0dccd547fdb32d20e started: 1779764312696; exited: -; ]
~> TaskHandler[jobId: 13231055; id: 133; name: gvcf_to_signalintensity (gvcf_batch_176fc2f7); status: RUNNING; exit: -; error: -; workDir: /lustre09/project/6008022/mame20/WGS_pipeline/work/8e/97d90602da2a3a69794a69d52ac62f started: 1779764312696; exited: -; ]
~> TaskHandler[jobId: 13231060; id: 134; name: gvcf_to_signalintensity (gvcf_batch_709963d1); status: RUNNING; exit: -; error: -; workDir: /lustre09/project/6008022/mame20/WGS_pipeline/work/08/16fb4da8b8554c6e6f891a6c429945 started: 1779764312700; exited: -; ]
~> TaskHandler[jobId: 13231063; id: 135; name: gvcf_to_signalintensity (gvcf_batch_9a43d572); status: RUNNING; exit: -; error: -; workDir: /lustre09/project/6008022/mame20/WGS_pipeline/work/a4/971dd78aee4e8cec86d5c85c3c6ef4 started: 1779764312701; exited: -; ]
.. remaining tasks omitted.
May-26 00:25:37.886 [Task monitor] DEBUG n.processor.TaskPollingMonitor - !! executor slurm > tasks to be completed: 42 -- submitted tasks are shown below
~> TaskHandler[jobId: 13230999; id: 127; name: gvcf_to_signalintensity (gvcf_batch_8f5548f7); status: RUNNING; exit: -; error: -; workDir: /lustre09/project/6008022/mame20/WGS_pipeline/work/27/c7d5534202ce33340c90d2bba86900 started: 1779764122683; exited: -; ]
~> TaskHandler[jobId: 13231000; id: 126; name: gvcf_to_signalintensity (gvcf_batch_2391cac3); status: RUNNING; exit: -; error: -; workDir: /lustre09/project/6008022/mame20/WGS_pipeline/work/b0/2323e0eeccb12849d11ea4e1a90583 started: 1779764122684; exited: -; ]
~> TaskHandler[jobId: 13231001; id: 129; name: gvcf_to_signalintensity (gvcf_batch_1eaa0d88); status: RUNNING; exit: -; error: -; workDir: /lustre09/project/6008022/mame20/WGS_pipeline/work/7a/f7588567fed32fe322a6023eb078d9 started: 1779764122686; exited: -; ]
~> TaskHandler[jobId: 13231004; id: 128; name: gvcf_to_signalintensity (gvcf_batch_6322c706); status: RUNNING; exit: -; error: -; workDir: /lustre09/project/6008022/mame20/WGS_pipeline/work/50/81d4f3d1596ebedfebaef39e71ca72 started: 1779764122688; exited: -; ]
~> TaskHandler[jobId: 13231005; id: 130; name: gvcf_to_signalintensity (gvcf_batch_7145000a); status: RUNNING; exit: -; error: -; workDir: /lustre09/project/6008022/mame20/WGS_pipeline/work/bd/cccceedf3df72e2aef6761e5f363cd started: 1779764122689; exited: -; ]
~> TaskHandler[jobId: 13231020; id: 132; name: gvcf_to_signalintensity (gvcf_batch_287a9b1e); status: RUNNING; exit: -; error: -; workDir: /lustre09/project/6008022/mame20/WGS_pipeline/work/12/3bb45aa6da9a5f976d181e123fd7eb started: 1779764312694; exited: -; ]
~> TaskHandler[jobId: 13231029; id: 131; name: gvcf_to_signalintensity (gvcf_batch_ceba15f1); status: RUNNING; exit: -; error: -; workDir: /lustre09/project/6008022/mame20/WGS_pipeline/work/d2/ac2149b2780ce0dccd547fdb32d20e started: 1779764312696; exited: -; ]
~> TaskHandler[jobId: 13231055; id: 133; name: gvcf_to_signalintensity (gvcf_batch_176fc2f7); status: RUNNING; exit: -; error: -; workDir: /lustre09/project/6008022/mame20/WGS_pipeline/work/8e/97d90602da2a3a69794a69d52ac62f started: 1779764312696; exited: -; ]
~> TaskHandler[jobId: 13231060; id: 134; name: gvcf_to_signalintensity (gvcf_batch_709963d1); status: RUNNING; exit: -; error: -; workDir: /lustre09/project/6008022/mame20/WGS_pipeline/work/08/16fb4da8b8554c6e6f891a6c429945 started: 1779764312700; exited: -; ]
~> TaskHandler[jobId: 13231063; id: 135; name: gvcf_to_signalintensity (gvcf_batch_9a43d572); status: RUNNING; exit: -; error: -; workDir: /lustre09/project/6008022/mame20/WGS_pipeline/work/a4/971dd78aee4e8cec86d5c85c3c6ef4 started: 1779764312701; exited: -; ]
.. remaining tasks omitted.
May-26 00:30:37.894 [Task monitor] DEBUG n.processor.TaskPollingMonitor - !! executor slurm > tasks to be completed: 42 -- submitted tasks are shown below
~> TaskHandler[jobId: 13230999; id: 127; name: gvcf_to_signalintensity (gvcf_batch_8f5548f7); status: RUNNING; exit: -; error: -; workDir: /lustre09/project/6008022/mame20/WGS_pipeline/work/27/c7d5534202ce33340c90d2bba86900 started: 1779764122683; exited: -; ]
~> TaskHandler[jobId: 13231000; id: 126; name: gvcf_to_signalintensity (gvcf_batch_2391cac3); status: RUNNING; exit: -; error: -; workDir: /lustre09/project/6008022/mame20/WGS_pipeline/work/b0/2323e0eeccb12849d11ea4e1a90583 started: 1779764122684; exited: -; ]
~> TaskHandler[jobId: 13231001; id: 129; name: gvcf_to_signalintensity (gvcf_batch_1eaa0d88); status: RUNNING; exit: -; error: -; workDir: /lustre09/project/6008022/mame20/WGS_pipeline/work/7a/f7588567fed32fe322a6023eb078d9 started: 1779764122686; exited: -; ]
~> TaskHandler[jobId: 13231004; id: 128; name: gvcf_to_signalintensity (gvcf_batch_6322c706); status: RUNNING; exit: -; error: -; workDir: /lustre09/project/6008022/mame20/WGS_pipeline/work/50/81d4f3d1596ebedfebaef39e71ca72 started: 1779764122688; exited: -; ]
~> TaskHandler[jobId: 13231005; id: 130; name: gvcf_to_signalintensity (gvcf_batch_7145000a); status: RUNNING; exit: -; error: -; workDir: /lustre09/project/6008022/mame20/WGS_pipeline/work/bd/cccceedf3df72e2aef6761e5f363cd started: 1779764122689; exited: -; ]
~> TaskHandler[jobId: 13231020; id: 132; name: gvcf_to_signalintensity (gvcf_batch_287a9b1e); status: RUNNING; exit: -; error: -; workDir: /lustre09/project/6008022/mame20/WGS_pipeline/work/12/3bb45aa6da9a5f976d181e123fd7eb started: 1779764312694; exited: -; ]
~> TaskHandler[jobId: 13231029; id: 131; name: gvcf_to_signalintensity (gvcf_batch_ceba15f1); status: RUNNING; exit: -; error: -; workDir: /lustre09/project/6008022/mame20/WGS_pipeline/work/d2/ac2149b2780ce0dccd547fdb32d20e started: 1779764312696; exited: -; ]
~> TaskHandler[jobId: 13231055; id: 133; name: gvcf_to_signalintensity (gvcf_batch_176fc2f7); status: RUNNING; exit: -; error: -; workDir: /lustre09/project/6008022/mame20/WGS_pipeline/work/8e/97d90602da2a3a69794a69d52ac62f started: 1779764312696; exited: -; ]
~> TaskHandler[jobId: 13231060; id: 134; name: gvcf_to_signalintensity (gvcf_batch_709963d1); status: RUNNING; exit: -; error: -; workDir: /lustre09/project/6008022/mame20/WGS_pipeline/work/08/16fb4da8b8554c6e6f891a6c429945 started: 1779764312700; exited: -; ]
~> TaskHandler[jobId: 13231063; id: 135; name: gvcf_to_signalintensity (gvcf_batch_9a43d572); status: RUNNING; exit: -; error: -; workDir: /lustre09/project/6008022/mame20/WGS_pipeline/work/a4/971dd78aee4e8cec86d5c85c3c6ef4 started: 1779764312701; exited: -; ]
.. remaining tasks omitted.
May-26 00:35:37.904 [Task monitor] DEBUG n.processor.TaskPollingMonitor - !! executor slurm > tasks to be completed: 42 -- submitted tasks are shown below
~> TaskHandler[jobId: 13230999; id: 127; name: gvcf_to_signalintensity (gvcf_batch_8f5548f7); status: RUNNING; exit: -; error: -; workDir: /lustre09/project/6008022/mame20/WGS_pipeline/work/27/c7d5534202ce33340c90d2bba86900 started: 1779764122683; exited: -; ]
~> TaskHandler[jobId: 13231000; id: 126; name: gvcf_to_signalintensity (gvcf_batch_2391cac3); status: RUNNING; exit: -; error: -; workDir: /lustre09/project/6008022/mame20/WGS_pipeline/work/b0/2323e0eeccb12849d11ea4e1a90583 started: 1779764122684; exited: -; ]
~> TaskHandler[jobId: 13231001; id: 129; name: gvcf_to_signalintensity (gvcf_batch_1eaa0d88); status: RUNNING; exit: -; error: -; workDir: /lustre09/project/6008022/mame20/WGS_pipeline/work/7a/f7588567fed32fe322a6023eb078d9 started: 1779764122686; exited: -; ]
~> TaskHandler[jobId: 13231004; id: 128; name: gvcf_to_signalintensity (gvcf_batch_6322c706); status: RUNNING; exit: -; error: -; workDir: /lustre09/project/6008022/mame20/WGS_pipeline/work/50/81d4f3d1596ebedfebaef39e71ca72 started: 1779764122688; exited: -; ]
~> TaskHandler[jobId: 13231005; id: 130; name: gvcf_to_signalintensity (gvcf_batch_7145000a); status: RUNNING; exit: -; error: -; workDir: /lustre09/project/6008022/mame20/WGS_pipeline/work/bd/cccceedf3df72e2aef6761e5f363cd started: 1779764122689; exited: -; ]
~> TaskHandler[jobId: 13231020; id: 132; name: gvcf_to_signalintensity (gvcf_batch_287a9b1e); status: RUNNING; exit: -; error: -; workDir: /lustre09/project/6008022/mame20/WGS_pipeline/work/12/3bb45aa6da9a5f976d181e123fd7eb started: 1779764312694; exited: -; ]
~> TaskHandler[jobId: 13231029; id: 131; name: gvcf_to_signalintensity (gvcf_batch_ceba15f1); status: RUNNING; exit: -; error: -; workDir: /lustre09/project/6008022/mame20/WGS_pipeline/work/d2/ac2149b2780ce0dccd547fdb32d20e started: 1779764312696; exited: -; ]
~> TaskHandler[jobId: 13231055; id: 133; name: gvcf_to_signalintensity (gvcf_batch_176fc2f7); status: RUNNING; exit: -; error: -; workDir: /lustre09/project/6008022/mame20/WGS_pipeline/work/8e/97d90602da2a3a69794a69d52ac62f started: 1779764312696; exited: -; ]
~> TaskHandler[jobId: 13231060; id: 134; name: gvcf_to_signalintensity (gvcf_batch_709963d1); status: RUNNING; exit: -; error: -; workDir: /lustre09/project/6008022/mame20/WGS_pipeline/work/08/16fb4da8b8554c6e6f891a6c429945 started: 1779764312700; exited: -; ]
~> TaskHandler[jobId: 13231063; id: 135; name: gvcf_to_signalintensity (gvcf_batch_9a43d572); status: RUNNING; exit: -; error: -; workDir: /lustre09/project/6008022/mame20/WGS_pipeline/work/a4/971dd78aee4e8cec86d5c85c3c6ef4 started: 1779764312701; exited: -; ]
.. remaining tasks omitted.
May-26 00:40:37.912 [Task monitor] DEBUG n.processor.TaskPollingMonitor - !! executor slurm > tasks to be completed: 42 -- submitted tasks are shown below
~> TaskHandler[jobId: 13230999; id: 127; name: gvcf_to_signalintensity (gvcf_batch_8f5548f7); status: RUNNING; exit: -; error: -; workDir: /lustre09/project/6008022/mame20/WGS_pipeline/work/27/c7d5534202ce33340c90d2bba86900 started: 1779764122683; exited: -; ]
~> TaskHandler[jobId: 13231000; id: 126; name: gvcf_to_signalintensity (gvcf_batch_2391cac3); status: RUNNING; exit: -; error: -; workDir: /lustre09/project/6008022/mame20/WGS_pipeline/work/b0/2323e0eeccb12849d11ea4e1a90583 started: 1779764122684; exited: -; ]
~> TaskHandler[jobId: 13231001; id: 129; name: gvcf_to_signalintensity (gvcf_batch_1eaa0d88); status: RUNNING; exit: -; error: -; workDir: /lustre09/project/6008022/mame20/WGS_pipeline/work/7a/f7588567fed32fe322a6023eb078d9 started: 1779764122686; exited: -; ]
~> TaskHandler[jobId: 13231004; id: 128; name: gvcf_to_signalintensity (gvcf_batch_6322c706); status: RUNNING; exit: -; error: -; workDir: /lustre09/project/6008022/mame20/WGS_pipeline/work/50/81d4f3d1596ebedfebaef39e71ca72 started: 1779764122688; exited: -; ]
~> TaskHandler[jobId: 13231005; id: 130; name: gvcf_to_signalintensity (gvcf_batch_7145000a); status: RUNNING; exit: -; error: -; workDir: /lustre09/project/6008022/mame20/WGS_pipeline/work/bd/cccceedf3df72e2aef6761e5f363cd started: 1779764122689; exited: -; ]
~> TaskHandler[jobId: 13231020; id: 132; name: gvcf_to_signalintensity (gvcf_batch_287a9b1e); status: RUNNING; exit: -; error: -; workDir: /lustre09/project/6008022/mame20/WGS_pipeline/work/12/3bb45aa6da9a5f976d181e123fd7eb started: 1779764312694; exited: -; ]
~> TaskHandler[jobId: 13231029; id: 131; name: gvcf_to_signalintensity (gvcf_batch_ceba15f1); status: RUNNING; exit: -; error: -; workDir: /lustre09/project/6008022/mame20/WGS_pipeline/work/d2/ac2149b2780ce0dccd547fdb32d20e started: 1779764312696; exited: -; ]
~> TaskHandler[jobId: 13231055; id: 133; name: gvcf_to_signalintensity (gvcf_batch_176fc2f7); status: RUNNING; exit: -; error: -; workDir: /lustre09/project/6008022/mame20/WGS_pipeline/work/8e/97d90602da2a3a69794a69d52ac62f started: 1779764312696; exited: -; ]
~> TaskHandler[jobId: 13231060; id: 134; name: gvcf_to_signalintensity (gvcf_batch_709963d1); status: RUNNING; exit: -; error: -; workDir: /lustre09/project/6008022/mame20/WGS_pipeline/work/08/16fb4da8b8554c6e6f891a6c429945 started: 1779764312700; exited: -; ]
~> TaskHandler[jobId: 13231063; id: 135; name: gvcf_to_signalintensity (gvcf_batch_9a43d572); status: RUNNING; exit: -; error: -; workDir: /lustre09/project/6008022/mame20/WGS_pipeline/work/a4/971dd78aee4e8cec86d5c85c3c6ef4 started: 1779764312701; exited: -; ]
.. remaining tasks omitted.
May-26 00:45:37.921 [Task monitor] DEBUG n.processor.TaskPollingMonitor - !! executor slurm > tasks to be completed: 42 -- submitted tasks are shown below
~> TaskHandler[jobId: 13230999; id: 127; name: gvcf_to_signalintensity (gvcf_batch_8f5548f7); status: RUNNING; exit: -; error: -; workDir: /lustre09/project/6008022/mame20/WGS_pipeline/work/27/c7d5534202ce33340c90d2bba86900 started: 1779764122683; exited: -; ]
~> TaskHandler[jobId: 13231000; id: 126; name: gvcf_to_signalintensity (gvcf_batch_2391cac3); status: RUNNING; exit: -; error: -; workDir: /lustre09/project/6008022/mame20/WGS_pipeline/work/b0/2323e0eeccb12849d11ea4e1a90583 started: 1779764122684; exited: -; ]
~> TaskHandler[jobId: 13231001; id: 129; name: gvcf_to_signalintensity (gvcf_batch_1eaa0d88); status: RUNNING; exit: -; error: -; workDir: /lustre09/project/6008022/mame20/WGS_pipeline/work/7a/f7588567fed32fe322a6023eb078d9 started: 1779764122686; exited: -; ]
~> TaskHandler[jobId: 13231004; id: 128; name: gvcf_to_signalintensity (gvcf_batch_6322c706); status: RUNNING; exit: -; error: -; workDir: /lustre09/project/6008022/mame20/WGS_pipeline/work/50/81d4f3d1596ebedfebaef39e71ca72 started: 1779764122688; exited: -; ]
~> TaskHandler[jobId: 13231005; id: 130; name: gvcf_to_signalintensity (gvcf_batch_7145000a); status: RUNNING; exit: -; error: -; workDir: /lustre09/project/6008022/mame20/WGS_pipeline/work/bd/cccceedf3df72e2aef6761e5f363cd started: 1779764122689; exited: -; ]
~> TaskHandler[jobId: 13231020; id: 132; name: gvcf_to_signalintensity (gvcf_batch_287a9b1e); status: RUNNING; exit: -; error: -; workDir: /lustre09/project/6008022/mame20/WGS_pipeline/work/12/3bb45aa6da9a5f976d181e123fd7eb started: 1779764312694; exited: -; ]
~> TaskHandler[jobId: 13231029; id: 131; name: gvcf_to_signalintensity (gvcf_batch_ceba15f1); status: RUNNING; exit: -; error: -; workDir: /lustre09/project/6008022/mame20/WGS_pipeline/work/d2/ac2149b2780ce0dccd547fdb32d20e started: 1779764312696; exited: -; ]
~> TaskHandler[jobId: 13231055; id: 133; name: gvcf_to_signalintensity (gvcf_batch_176fc2f7); status: RUNNING; exit: -; error: -; workDir: /lustre09/project/6008022/mame20/WGS_pipeline/work/8e/97d90602da2a3a69794a69d52ac62f started: 1779764312696; exited: -; ]
~> TaskHandler[jobId: 13231060; id: 134; name: gvcf_to_signalintensity (gvcf_batch_709963d1); status: RUNNING; exit: -; error: -; workDir: /lustre09/project/6008022/mame20/WGS_pipeline/work/08/16fb4da8b8554c6e6f891a6c429945 started: 1779764312700; exited: -; ]
~> TaskHandler[jobId: 13231063; id: 135; name: gvcf_to_signalintensity (gvcf_batch_9a43d572); status: RUNNING; exit: -; error: -; workDir: /lustre09/project/6008022/mame20/WGS_pipeline/work/a4/971dd78aee4e8cec86d5c85c3c6ef4 started: 1779764312701; exited: -; ]
.. remaining tasks omitted.
May-26 00:46:52.927 [Task monitor] DEBUG n.processor.TaskPollingMonitor - Task completed > TaskHandler[jobId: 13231005; id: 130; name: gvcf_to_signalintensity (gvcf_batch_7145000a); status: COMPLETED; exit: 0; error: -; workDir: /lustre09/project/6008022/mame20/WGS_pipeline/work/bd/cccceedf3df72e2aef6761e5f363cd started: 1779764122689; exited: 2026-05-26T04:46:47Z; ]
May-26 00:50:37.925 [Task monitor] DEBUG n.processor.TaskPollingMonitor - !! executor slurm > tasks to be completed: 41 -- submitted tasks are shown below
~> TaskHandler[jobId: 13230999; id: 127; name: gvcf_to_signalintensity (gvcf_batch_8f5548f7); status: RUNNING; exit: -; error: -; workDir: /lustre09/project/6008022/mame20/WGS_pipeline/work/27/c7d5534202ce33340c90d2bba86900 started: 1779764122683; exited: -; ]
~> TaskHandler[jobId: 13231000; id: 126; name: gvcf_to_signalintensity (gvcf_batch_2391cac3); status: RUNNING; exit: -; error: -; workDir: /lustre09/project/6008022/mame20/WGS_pipeline/work/b0/2323e0eeccb12849d11ea4e1a90583 started: 1779764122684; exited: -; ]
~> TaskHandler[jobId: 13231001; id: 129; name: gvcf_to_signalintensity (gvcf_batch_1eaa0d88); status: RUNNING; exit: -; error: -; workDir: /lustre09/project/6008022/mame20/WGS_pipeline/work/7a/f7588567fed32fe322a6023eb078d9 started: 1779764122686; exited: -; ]
~> TaskHandler[jobId: 13231004; id: 128; name: gvcf_to_signalintensity (gvcf_batch_6322c706); status: RUNNING; exit: -; error: -; workDir: /lustre09/project/6008022/mame20/WGS_pipeline/work/50/81d4f3d1596ebedfebaef39e71ca72 started: 1779764122688; exited: -; ]
~> TaskHandler[jobId: 13231020; id: 132; name: gvcf_to_signalintensity (gvcf_batch_287a9b1e); status: RUNNING; exit: -; error: -; workDir: /lustre09/project/6008022/mame20/WGS_pipeline/work/12/3bb45aa6da9a5f976d181e123fd7eb started: 1779764312694; exited: -; ]
~> TaskHandler[jobId: 13231029; id: 131; name: gvcf_to_signalintensity (gvcf_batch_ceba15f1); status: RUNNING; exit: -; error: -; workDir: /lustre09/project/6008022/mame20/WGS_pipeline/work/d2/ac2149b2780ce0dccd547fdb32d20e started: 1779764312696; exited: -; ]
~> TaskHandler[jobId: 13231055; id: 133; name: gvcf_to_signalintensity (gvcf_batch_176fc2f7); status: RUNNING; exit: -; error: -; workDir: /lustre09/project/6008022/mame20/WGS_pipeline/work/8e/97d90602da2a3a69794a69d52ac62f started: 1779764312696; exited: -; ]
~> TaskHandler[jobId: 13231060; id: 134; name: gvcf_to_signalintensity (gvcf_batch_709963d1); status: RUNNING; exit: -; error: -; workDir: /lustre09/project/6008022/mame20/WGS_pipeline/work/08/16fb4da8b8554c6e6f891a6c429945 started: 1779764312700; exited: -; ]
~> TaskHandler[jobId: 13231063; id: 135; name: gvcf_to_signalintensity (gvcf_batch_9a43d572); status: RUNNING; exit: -; error: -; workDir: /lustre09/project/6008022/mame20/WGS_pipeline/work/a4/971dd78aee4e8cec86d5c85c3c6ef4 started: 1779764312701; exited: -; ]
~> TaskHandler[jobId: 13231108; id: 136; name: gvcf_to_signalintensity (gvcf_batch_45c315b4); status: RUNNING; exit: -; error: -; workDir: /lustre09/project/6008022/mame20/WGS_pipeline/work/3f/65333646cf95ddefc985776ff530fb started: 1779764502699; exited: -; ]
.. remaining tasks omitted.
May-26 00:53:02.932 [Task monitor] DEBUG n.processor.TaskPollingMonitor - Task completed > TaskHandler[jobId: 13231000; id: 126; name: gvcf_to_signalintensity (gvcf_batch_2391cac3); status: COMPLETED; exit: 0; error: -; workDir: /lustre09/project/6008022/mame20/WGS_pipeline/work/b0/2323e0eeccb12849d11ea4e1a90583 started: 1779764122684; exited: 2026-05-26T04:53:02Z; ]
May-26 00:53:07.933 [Task monitor] DEBUG n.processor.TaskPollingMonitor - Task completed > TaskHandler[jobId: 13231001; id: 129; name: gvcf_to_signalintensity (gvcf_batch_1eaa0d88); status: COMPLETED; exit: 0; error: -; workDir: /lustre09/project/6008022/mame20/WGS_pipeline/work/7a/f7588567fed32fe322a6023eb078d9 started: 1779764122686; exited: 2026-05-26T04:53:06Z; ]
May-26 00:55:37.931 [Task monitor] DEBUG n.processor.TaskPollingMonitor - !! executor slurm > tasks to be completed: 39 -- submitted tasks are shown below
~> TaskHandler[jobId: 13230999; id: 127; name: gvcf_to_signalintensity (gvcf_batch_8f5548f7); status: RUNNING; exit: -; error: -; workDir: /lustre09/project/6008022/mame20/WGS_pipeline/work/27/c7d5534202ce33340c90d2bba86900 started: 1779764122683; exited: -; ]
~> TaskHandler[jobId: 13231004; id: 128; name: gvcf_to_signalintensity (gvcf_batch_6322c706); status: RUNNING; exit: -; error: -; workDir: /lustre09/project/6008022/mame20/WGS_pipeline/work/50/81d4f3d1596ebedfebaef39e71ca72 started: 1779764122688; exited: -; ]
~> TaskHandler[jobId: 13231020; id: 132; name: gvcf_to_signalintensity (gvcf_batch_287a9b1e); status: RUNNING; exit: -; error: -; workDir: /lustre09/project/6008022/mame20/WGS_pipeline/work/12/3bb45aa6da9a5f976d181e123fd7eb started: 1779764312694; exited: -; ]
~> TaskHandler[jobId: 13231029; id: 131; name: gvcf_to_signalintensity (gvcf_batch_ceba15f1); status: RUNNING; exit: -; error: -; workDir: /lustre09/project/6008022/mame20/WGS_pipeline/work/d2/ac2149b2780ce0dccd547fdb32d20e started: 1779764312696; exited: -; ]
~> TaskHandler[jobId: 13231055; id: 133; name: gvcf_to_signalintensity (gvcf_batch_176fc2f7); status: RUNNING; exit: -; error: -; workDir: /lustre09/project/6008022/mame20/WGS_pipeline/work/8e/97d90602da2a3a69794a69d52ac62f started: 1779764312696; exited: -; ]
~> TaskHandler[jobId: 13231060; id: 134; name: gvcf_to_signalintensity (gvcf_batch_709963d1); status: RUNNING; exit: -; error: -; workDir: /lustre09/project/6008022/mame20/WGS_pipeline/work/08/16fb4da8b8554c6e6f891a6c429945 started: 1779764312700; exited: -; ]
~> TaskHandler[jobId: 13231063; id: 135; name: gvcf_to_signalintensity (gvcf_batch_9a43d572); status: RUNNING; exit: -; error: -; workDir: /lustre09/project/6008022/mame20/WGS_pipeline/work/a4/971dd78aee4e8cec86d5c85c3c6ef4 started: 1779764312701; exited: -; ]
~> TaskHandler[jobId: 13231108; id: 136; name: gvcf_to_signalintensity (gvcf_batch_45c315b4); status: RUNNING; exit: -; error: -; workDir: /lustre09/project/6008022/mame20/WGS_pipeline/work/3f/65333646cf95ddefc985776ff530fb started: 1779764502699; exited: -; ]
~> TaskHandler[jobId: 13231110; id: 137; name: gvcf_to_signalintensity (gvcf_batch_1a24470a); status: RUNNING; exit: -; error: -; workDir: /lustre09/project/6008022/mame20/WGS_pipeline/work/3f/690418f2bf13212e7aa2e32ae20c38 started: 1779764502700; exited: -; ]
~> TaskHandler[jobId: 13231111; id: 138; name: gvcf_to_signalintensity (gvcf_batch_8f404b4a); status: RUNNING; exit: -; error: -; workDir: /lustre09/project/6008022/mame20/WGS_pipeline/work/cd/0485dc8654205d8dd3ef1af2868ee7 started: 1779764502701; exited: -; ]
.. remaining tasks omitted.
May-26 00:56:07.935 [Task monitor] DEBUG n.processor.TaskPollingMonitor - Task completed > TaskHandler[jobId: 13231020; id: 132; name: gvcf_to_signalintensity (gvcf_batch_287a9b1e); status: COMPLETED; exit: 0; error: -; workDir: /lustre09/project/6008022/mame20/WGS_pipeline/work/12/3bb45aa6da9a5f976d181e123fd7eb started: 1779764312694; exited: 2026-05-26T04:56:04Z; ]
May-26 00:56:37.937 [Task monitor] DEBUG n.processor.TaskPollingMonitor - Task completed > TaskHandler[jobId: 13230999; id: 127; name: gvcf_to_signalintensity (gvcf_batch_8f5548f7); status: COMPLETED; exit: 0; error: -; workDir: /lustre09/project/6008022/mame20/WGS_pipeline/work/27/c7d5534202ce33340c90d2bba86900 started: 1779764122683; exited: 2026-05-26T04:56:35Z; ]
May-26 00:58:02.940 [Task monitor] DEBUG n.processor.TaskPollingMonitor - Task completed > TaskHandler[jobId: 13231108; id: 136; name: gvcf_to_signalintensity (gvcf_batch_45c315b4); status: COMPLETED; exit: 0; error: -; workDir: /lustre09/project/6008022/mame20/WGS_pipeline/work/3f/65333646cf95ddefc985776ff530fb started: 1779764502699; exited: 2026-05-26T04:58:01Z; ]
May-26 00:59:07.943 [Task monitor] DEBUG n.processor.TaskPollingMonitor - Task completed > TaskHandler[jobId: 13231111; id: 138; name: gvcf_to_signalintensity (gvcf_batch_8f404b4a); status: COMPLETED; exit: 0; error: -; workDir: /lustre09/project/6008022/mame20/WGS_pipeline/work/cd/0485dc8654205d8dd3ef1af2868ee7 started: 1779764502701; exited: 2026-05-26T04:59:07Z; ]
May-26 00:59:37.943 [Task monitor] DEBUG n.processor.TaskPollingMonitor - Task completed > TaskHandler[jobId: 13231004; id: 128; name: gvcf_to_signalintensity (gvcf_batch_6322c706); status: COMPLETED; exit: 0; error: -; workDir: /lustre09/project/6008022/mame20/WGS_pipeline/work/50/81d4f3d1596ebedfebaef39e71ca72 started: 1779764122688; exited: 2026-05-26T04:59:33Z; ]
May-26 01:00:37.940 [Task monitor] DEBUG n.processor.TaskPollingMonitor - !! executor slurm > tasks to be completed: 34 -- submitted tasks are shown below
~> TaskHandler[jobId: 13231029; id: 131; name: gvcf_to_signalintensity (gvcf_batch_ceba15f1); status: RUNNING; exit: -; error: -; workDir: /lustre09/project/6008022/mame20/WGS_pipeline/work/d2/ac2149b2780ce0dccd547fdb32d20e started: 1779764312696; exited: -; ]
~> TaskHandler[jobId: 13231055; id: 133; name: gvcf_to_signalintensity (gvcf_batch_176fc2f7); status: RUNNING; exit: -; error: -; workDir: /lustre09/project/6008022/mame20/WGS_pipeline/work/8e/97d90602da2a3a69794a69d52ac62f started: 1779764312696; exited: -; ]
~> TaskHandler[jobId: 13231060; id: 134; name: gvcf_to_signalintensity (gvcf_batch_709963d1); status: RUNNING; exit: -; error: -; workDir: /lustre09/project/6008022/mame20/WGS_pipeline/work/08/16fb4da8b8554c6e6f891a6c429945 started: 1779764312700; exited: -; ]
~> TaskHandler[jobId: 13231063; id: 135; name: gvcf_to_signalintensity (gvcf_batch_9a43d572); status: RUNNING; exit: -; error: -; workDir: /lustre09/project/6008022/mame20/WGS_pipeline/work/a4/971dd78aee4e8cec86d5c85c3c6ef4 started: 1779764312701; exited: -; ]
~> TaskHandler[jobId: 13231110; id: 137; name: gvcf_to_signalintensity (gvcf_batch_1a24470a); status: RUNNING; exit: -; error: -; workDir: /lustre09/project/6008022/mame20/WGS_pipeline/work/3f/690418f2bf13212e7aa2e32ae20c38 started: 1779764502700; exited: -; ]
~> TaskHandler[jobId: 13231337; id: 139; name: gvcf_to_signalintensity (gvcf_batch_47092cd2); status: RUNNING; exit: -; error: -; workDir: /lustre09/project/6008022/mame20/WGS_pipeline/work/c5/61c96f30dbca26f6a1dd99059c0924 started: 1779764692708; exited: -; ]
~> TaskHandler[jobId: 13231340; id: 140; name: gvcf_to_signalintensity (gvcf_batch_9cad9d72); status: RUNNING; exit: -; error: -; workDir: /lustre09/project/6008022/mame20/WGS_pipeline/work/bf/f52754478b919c0c6400701e55e70a started: 1779764692710; exited: -; ]
~> TaskHandler[jobId: 13231343; id: 141; name: gvcf_to_signalintensity (gvcf_batch_dae2c395); status: RUNNING; exit: -; error: -; workDir: /lustre09/project/6008022/mame20/WGS_pipeline/work/be/c4e9743d787c30e22a483ce5d0686a started: 1779764692711; exited: -; ]
~> TaskHandler[jobId: 13231507; id: 142; name: gvcf_to_signalintensity (gvcf_batch_fc785766); status: RUNNING; exit: -; error: -; workDir: /lustre09/project/6008022/mame20/WGS_pipeline/work/54/16d9bb7015c876bea1eb7807a39b75 started: 1779764877713; exited: -; ]
~> TaskHandler[jobId: 13231513; id: 143; name: gvcf_to_signalintensity (gvcf_batch_582c4d30); status: RUNNING; exit: -; error: -; workDir: /lustre09/project/6008022/mame20/WGS_pipeline/work/7f/81e27a4fea14d8c4bca9765e12ddde started: 1779764877716; exited: -; ]
.. remaining tasks omitted.
May-26 01:00:57.942 [Task monitor] DEBUG n.processor.TaskPollingMonitor - Task completed > TaskHandler[jobId: 13231582; id: 148; name: gvcf_to_signalintensity (gvcf_batch_e4c5a898); status: COMPLETED; exit: 0; error: -; workDir: /lustre09/project/6008022/mame20/WGS_pipeline/work/c5/319e60324e9a43fd187369de00bed5 started: 1779765067753; exited: 2026-05-26T05:00:57Z; ]
May-26 01:01:22.944 [Task monitor] DEBUG n.processor.TaskPollingMonitor - Task completed > TaskHandler[jobId: 13231063; id: 135; name: gvcf_to_signalintensity (gvcf_batch_9a43d572); status: COMPLETED; exit: 0; error: -; workDir: /lustre09/project/6008022/mame20/WGS_pipeline/work/a4/971dd78aee4e8cec86d5c85c3c6ef4 started: 1779764312701; exited: 2026-05-26T05:01:21Z; ]
May-26 01:03:52.947 [Task monitor] DEBUG n.processor.TaskPollingMonitor - Task completed > TaskHandler[jobId: 13231340; id: 140; name: gvcf_to_signalintensity (gvcf_batch_9cad9d72); status: COMPLETED; exit: 0; error: -; workDir: /lustre09/project/6008022/mame20/WGS_pipeline/work/bf/f52754478b919c0c6400701e55e70a started: 1779764692710; exited: 2026-05-26T05:03:51Z; ]
May-26 01:04:12.949 [Task monitor] DEBUG n.processor.TaskPollingMonitor - Task completed > TaskHandler[jobId: 13231029; id: 131; name: gvcf_to_signalintensity (gvcf_batch_ceba15f1); status: COMPLETED; exit: 0; error: -; workDir: /lustre09/project/6008022/mame20/WGS_pipeline/work/d2/ac2149b2780ce0dccd547fdb32d20e started: 1779764312696; exited: 2026-05-26T05:04:09Z; ]
May-26 01:05:22.952 [Task monitor] DEBUG n.processor.TaskPollingMonitor - Task completed > TaskHandler[jobId: 13231605; id: 149; name: gvcf_to_signalintensity (gvcf_batch_a6e1b9dc); status: COMPLETED; exit: 0; error: -; workDir: /lustre09/project/6008022/mame20/WGS_pipeline/work/af/68e4dc84592020ddebcba9660c3c2b started: 1779765257729; exited: 2026-05-26T05:05:22Z; ]
May-26 01:05:37.950 [Task monitor] DEBUG n.processor.TaskPollingMonitor - !! executor slurm > tasks to be completed: 29 -- submitted tasks are shown below
~> TaskHandler[jobId: 13231055; id: 133; name: gvcf_to_signalintensity (gvcf_batch_176fc2f7); status: RUNNING; exit: -; error: -; workDir: /lustre09/project/6008022/mame20/WGS_pipeline/work/8e/97d90602da2a3a69794a69d52ac62f started: 1779764312696; exited: -; ]
~> TaskHandler[jobId: 13231060; id: 134; name: gvcf_to_signalintensity (gvcf_batch_709963d1); status: RUNNING; exit: -; error: -; workDir: /lustre09/project/6008022/mame20/WGS_pipeline/work/08/16fb4da8b8554c6e6f891a6c429945 started: 1779764312700; exited: -; ]
~> TaskHandler[jobId: 13231110; id: 137; name: gvcf_to_signalintensity (gvcf_batch_1a24470a); status: RUNNING; exit: -; error: -; workDir: /lustre09/project/6008022/mame20/WGS_pipeline/work/3f/690418f2bf13212e7aa2e32ae20c38 started: 1779764502700; exited: -; ]
~> TaskHandler[jobId: 13231337; id: 139; name: gvcf_to_signalintensity (gvcf_batch_47092cd2); status: RUNNING; exit: -; error: -; workDir: /lustre09/project/6008022/mame20/WGS_pipeline/work/c5/61c96f30dbca26f6a1dd99059c0924 started: 1779764692708; exited: -; ]
~> TaskHandler[jobId: 13231343; id: 141; name: gvcf_to_signalintensity (gvcf_batch_dae2c395); status: RUNNING; exit: -; error: -; workDir: /lustre09/project/6008022/mame20/WGS_pipeline/work/be/c4e9743d787c30e22a483ce5d0686a started: 1779764692711; exited: -; ]
~> TaskHandler[jobId: 13231507; id: 142; name: gvcf_to_signalintensity (gvcf_batch_fc785766); status: RUNNING; exit: -; error: -; workDir: /lustre09/project/6008022/mame20/WGS_pipeline/work/54/16d9bb7015c876bea1eb7807a39b75 started: 1779764877713; exited: -; ]
~> TaskHandler[jobId: 13231513; id: 143; name: gvcf_to_signalintensity (gvcf_batch_582c4d30); status: RUNNING; exit: -; error: -; workDir: /lustre09/project/6008022/mame20/WGS_pipeline/work/7f/81e27a4fea14d8c4bca9765e12ddde started: 1779764877716; exited: -; ]
~> TaskHandler[jobId: 13231515; id: 144; name: gvcf_to_signalintensity (gvcf_batch_501ab1f9); status: RUNNING; exit: -; error: -; workDir: /lustre09/project/6008022/mame20/WGS_pipeline/work/a5/9fb72b1f91a8eddab9e2ca902a65c4 started: 1779764877718; exited: -; ]
~> TaskHandler[jobId: 13231520; id: 145; name: gvcf_to_signalintensity (gvcf_batch_307e8102); status: RUNNING; exit: -; error: -; workDir: /lustre09/project/6008022/mame20/WGS_pipeline/work/35/b591a66cf24bee1c181e05d02e80c5 started: 1779764877718; exited: -; ]
~> TaskHandler[jobId: 13231521; id: 146; name: gvcf_to_signalintensity (gvcf_batch_a7663931); status: RUNNING; exit: -; error: -; workDir: /lustre09/project/6008022/mame20/WGS_pipeline/work/f7/0ec332d66146ab9655e37e05ea2247 started: 1779764877739; exited: -; ]
.. remaining tasks omitted.
May-26 01:06:37.954 [Task monitor] DEBUG n.processor.TaskPollingMonitor - Task completed > TaskHandler[jobId: 13231060; id: 134; name: gvcf_to_signalintensity (gvcf_batch_709963d1); status: COMPLETED; exit: 0; error: -; workDir: /lustre09/project/6008022/mame20/WGS_pipeline/work/08/16fb4da8b8554c6e6f891a6c429945 started: 1779764312700; exited: 2026-05-26T05:06:37Z; ]
May-26 01:07:22.957 [Task monitor] DEBUG n.processor.TaskPollingMonitor - Task completed > TaskHandler[jobId: 13231343; id: 141; name: gvcf_to_signalintensity (gvcf_batch_dae2c395); status: COMPLETED; exit: 0; error: -; workDir: /lustre09/project/6008022/mame20/WGS_pipeline/work/be/c4e9743d787c30e22a483ce5d0686a started: 1779764692711; exited: 2026-05-26T05:07:20Z; ]
May-26 01:09:33.180 [Task monitor] DEBUG n.processor.TaskPollingMonitor - Task completed > TaskHandler[jobId: 13231573; id: 147; name: gvcf_to_signalintensity (gvcf_batch_2cefca49); status: COMPLETED; exit: 0; error: -; workDir: /lustre09/project/6008022/mame20/WGS_pipeline/work/95/d2d98d64c7e64bf178a7c98933b464 started: 1779765067745; exited: 2026-05-26T05:09:31Z; ]
May-26 01:09:42.959 [Task monitor] DEBUG n.processor.TaskPollingMonitor - Task completed > TaskHandler[jobId: 13231521; id: 146; name: gvcf_to_signalintensity (gvcf_batch_a7663931); status: COMPLETED; exit: 0; error: -; workDir: /lustre09/project/6008022/mame20/WGS_pipeline/work/f7/0ec332d66146ab9655e37e05ea2247 started: 1779764877739; exited: 2026-05-26T05:09:39Z; ]
May-26 01:09:47.958 [Task monitor] DEBUG n.processor.TaskPollingMonitor - Task completed > TaskHandler[jobId: 13231337; id: 139; name: gvcf_to_signalintensity (gvcf_batch_47092cd2); status: COMPLETED; exit: 0; error: -; workDir: /lustre09/project/6008022/mame20/WGS_pipeline/work/c5/61c96f30dbca26f6a1dd99059c0924 started: 1779764692708; exited: 2026-05-26T05:09:43Z; ]
May-26 01:09:57.959 [Task monitor] DEBUG n.processor.TaskPollingMonitor - Task completed > TaskHandler[jobId: 13231594; id: 151; name: gvcf_to_signalintensity (gvcf_batch_2dad1926); status: COMPLETED; exit: 0; error: -; workDir: /lustre09/project/6008022/mame20/WGS_pipeline/work/6a/1a84c8d8d07736ec4ff57105695f75 started: 1779765257726; exited: 2026-05-26T05:09:56Z; ]
May-26 01:10:22.958 [Task monitor] DEBUG n.processor.TaskPollingMonitor - Task completed > TaskHandler[jobId: 13231513; id: 143; name: gvcf_to_signalintensity (gvcf_batch_582c4d30); status: COMPLETED; exit: 0; error: -; workDir: /lustre09/project/6008022/mame20/WGS_pipeline/work/7f/81e27a4fea14d8c4bca9765e12ddde started: 1779764877716; exited: 2026-05-26T05:10:20Z; ]
May-26 01:10:37.956 [Task monitor] DEBUG n.processor.TaskPollingMonitor - !! executor slurm > tasks to be completed: 22 -- submitted tasks are shown below
~> TaskHandler[jobId: 13231055; id: 133; name: gvcf_to_signalintensity (gvcf_batch_176fc2f7); status: RUNNING; exit: -; error: -; workDir: /lustre09/project/6008022/mame20/WGS_pipeline/work/8e/97d90602da2a3a69794a69d52ac62f started: 1779764312696; exited: -; ]
~> TaskHandler[jobId: 13231110; id: 137; name: gvcf_to_signalintensity (gvcf_batch_1a24470a); status: RUNNING; exit: -; error: -; workDir: /lustre09/project/6008022/mame20/WGS_pipeline/work/3f/690418f2bf13212e7aa2e32ae20c38 started: 1779764502700; exited: -; ]
~> TaskHandler[jobId: 13231507; id: 142; name: gvcf_to_signalintensity (gvcf_batch_fc785766); status: RUNNING; exit: -; error: -; workDir: /lustre09/project/6008022/mame20/WGS_pipeline/work/54/16d9bb7015c876bea1eb7807a39b75 started: 1779764877713; exited: -; ]
~> TaskHandler[jobId: 13231515; id: 144; name: gvcf_to_signalintensity (gvcf_batch_501ab1f9); status: RUNNING; exit: -; error: -; workDir: /lustre09/project/6008022/mame20/WGS_pipeline/work/a5/9fb72b1f91a8eddab9e2ca902a65c4 started: 1779764877718; exited: -; ]
~> TaskHandler[jobId: 13231520; id: 145; name: gvcf_to_signalintensity (gvcf_batch_307e8102); status: RUNNING; exit: -; error: -; workDir: /lustre09/project/6008022/mame20/WGS_pipeline/work/35/b591a66cf24bee1c181e05d02e80c5 started: 1779764877718; exited: -; ]
~> TaskHandler[jobId: 13231589; id: 150; name: gvcf_to_signalintensity (gvcf_batch_d459080c); status: RUNNING; exit: -; error: -; workDir: /lustre09/project/6008022/mame20/WGS_pipeline/work/9a/68b52b73bb07361c6f2b0f00615464 started: 1779765257723; exited: -; ]
~> TaskHandler[jobId: 13231608; id: 152; name: gvcf_to_signalintensity (gvcf_batch_0e9abefb); status: RUNNING; exit: -; error: -; workDir: /lustre09/project/6008022/mame20/WGS_pipeline/work/f1/6555794cb91bd1a238f083b768c7bf started: 1779765257731; exited: -; ]
~> TaskHandler[jobId: 13231619; id: 154; name: gvcf_to_signalintensity (gvcf_batch_7c9321e8); status: RUNNING; exit: -; error: -; workDir: /lustre09/project/6008022/mame20/WGS_pipeline/work/ad/3d895c5a797232898dbebfc2d9df9d started: 1779765257735; exited: -; ]
~> TaskHandler[jobId: 13231640; id: 153; name: gvcf_to_signalintensity (gvcf_batch_237f27b7); status: RUNNING; exit: -; error: -; workDir: /lustre09/project/6008022/mame20/WGS_pipeline/work/49/e186e10de6ced561aece3cbef41d92 started: 1779765257736; exited: -; ]
~> TaskHandler[jobId: 13231664; id: 155; name: gvcf_to_signalintensity (gvcf_batch_102506bb); status: RUNNING; exit: -; error: -; workDir: /lustre09/project/6008022/mame20/WGS_pipeline/work/e0/d68afea42bea394f5a255498ad8d20 started: 1779765257736; exited: -; ]
.. remaining tasks omitted.
May-26 01:11:22.962 [Task monitor] DEBUG n.processor.TaskPollingMonitor - Task completed > TaskHandler[jobId: 13231515; id: 144; name: gvcf_to_signalintensity (gvcf_batch_501ab1f9); status: COMPLETED; exit: 0; error: -; workDir: /lustre09/project/6008022/mame20/WGS_pipeline/work/a5/9fb72b1f91a8eddab9e2ca902a65c4 started: 1779764877718; exited: 2026-05-26T05:11:20Z; ]
May-26 01:13:07.965 [Task monitor] DEBUG n.processor.TaskPollingMonitor - Task completed > TaskHandler[jobId: 13231110; id: 137; name: gvcf_to_signalintensity (gvcf_batch_1a24470a); status: COMPLETED; exit: 0; error: -; workDir: /lustre09/project/6008022/mame20/WGS_pipeline/work/3f/690418f2bf13212e7aa2e32ae20c38 started: 1779764502700; exited: 2026-05-26T05:13:05Z; ]
May-26 01:13:12.966 [Task monitor] DEBUG n.processor.TaskPollingMonitor - Task completed > TaskHandler[jobId: 13231666; id: 156; name: gvcf_to_signalintensity (gvcf_batch_46eb633f); status: COMPLETED; exit: 0; error: -; workDir: /lustre09/project/6008022/mame20/WGS_pipeline/work/72/14be9c47843cd21bbac000e624ec33 started: 1779765257776; exited: 2026-05-26T05:13:12Z; ]
May-26 01:13:57.967 [Task monitor] DEBUG n.processor.TaskPollingMonitor - Task completed > TaskHandler[jobId: 13231520; id: 145; name: gvcf_to_signalintensity (gvcf_batch_307e8102); status: COMPLETED; exit: 0; error: -; workDir: /lustre09/project/6008022/mame20/WGS_pipeline/work/35/b591a66cf24bee1c181e05d02e80c5 started: 1779764877718; exited: 2026-05-26T05:13:56Z; ]
May-26 01:14:02.965 [Task monitor] DEBUG n.processor.TaskPollingMonitor - Task completed > TaskHandler[jobId: 13231507; id: 142; name: gvcf_to_signalintensity (gvcf_batch_fc785766); status: COMPLETED; exit: 0; error: -; workDir: /lustre09/project/6008022/mame20/WGS_pipeline/work/54/16d9bb7015c876bea1eb7807a39b75 started: 1779764877713; exited: 2026-05-26T05:13:58Z; ]
May-26 01:15:37.965 [Task monitor] DEBUG n.processor.TaskPollingMonitor - !! executor slurm > tasks to be completed: 17 -- submitted tasks are shown below
~> TaskHandler[jobId: 13231055; id: 133; name: gvcf_to_signalintensity (gvcf_batch_176fc2f7); status: RUNNING; exit: -; error: -; workDir: /lustre09/project/6008022/mame20/WGS_pipeline/work/8e/97d90602da2a3a69794a69d52ac62f started: 1779764312696; exited: -; ]
~> TaskHandler[jobId: 13231589; id: 150; name: gvcf_to_signalintensity (gvcf_batch_d459080c); status: RUNNING; exit: -; error: -; workDir: /lustre09/project/6008022/mame20/WGS_pipeline/work/9a/68b52b73bb07361c6f2b0f00615464 started: 1779765257723; exited: -; ]
~> TaskHandler[jobId: 13231608; id: 152; name: gvcf_to_signalintensity (gvcf_batch_0e9abefb); status: RUNNING; exit: -; error: -; workDir: /lustre09/project/6008022/mame20/WGS_pipeline/work/f1/6555794cb91bd1a238f083b768c7bf started: 1779765257731; exited: -; ]
~> TaskHandler[jobId: 13231619; id: 154; name: gvcf_to_signalintensity (gvcf_batch_7c9321e8); status: RUNNING; exit: -; error: -; workDir: /lustre09/project/6008022/mame20/WGS_pipeline/work/ad/3d895c5a797232898dbebfc2d9df9d started: 1779765257735; exited: -; ]
~> TaskHandler[jobId: 13231640; id: 153; name: gvcf_to_signalintensity (gvcf_batch_237f27b7); status: RUNNING; exit: -; error: -; workDir: /lustre09/project/6008022/mame20/WGS_pipeline/work/49/e186e10de6ced561aece3cbef41d92 started: 1779765257736; exited: -; ]
~> TaskHandler[jobId: 13231664; id: 155; name: gvcf_to_signalintensity (gvcf_batch_102506bb); status: RUNNING; exit: -; error: -; workDir: /lustre09/project/6008022/mame20/WGS_pipeline/work/e0/d68afea42bea394f5a255498ad8d20 started: 1779765257736; exited: -; ]
~> TaskHandler[jobId: 13231698; id: 157; name: gvcf_to_signalintensity (gvcf_batch_da77c1c3); status: RUNNING; exit: -; error: -; workDir: /lustre09/project/6008022/mame20/WGS_pipeline/work/cc/241a75747f579860e774dc07ee44b4 started: 1779765442734; exited: -; ]
~> TaskHandler[jobId: 13231701; id: 158; name: gvcf_to_signalintensity (gvcf_batch_3adc720e); status: RUNNING; exit: -; error: -; workDir: /lustre09/project/6008022/mame20/WGS_pipeline/work/b3/6c200e503cc57c23086be2a21c4541 started: 1779765442736; exited: -; ]
~> TaskHandler[jobId: 13231749; id: 159; name: gvcf_to_signalintensity (gvcf_batch_4aa2a115); status: RUNNING; exit: -; error: -; workDir: /lustre09/project/6008022/mame20/WGS_pipeline/work/1a/fef4bf591a37f333f0fb34ef105afb started: 1779765817744; exited: -; ]
~> TaskHandler[jobId: 13231750; id: 160; name: gvcf_to_signalintensity (gvcf_batch_a4a1668c); status: RUNNING; exit: -; error: -; workDir: /lustre09/project/6008022/mame20/WGS_pipeline/work/34/2d4a464e443fe7c3f10041e0330953 started: 1779765817746; exited: -; ]
.. remaining tasks omitted.
May-26 01:17:07.971 [Task monitor] DEBUG n.processor.TaskPollingMonitor - Task completed > TaskHandler[jobId: 13231608; id: 152; name: gvcf_to_signalintensity (gvcf_batch_0e9abefb); status: COMPLETED; exit: 0; error: -; workDir: /lustre09/project/6008022/mame20/WGS_pipeline/work/f1/6555794cb91bd1a238f083b768c7bf started: 1779765257731; exited: 2026-05-26T05:17:04Z; ]
May-26 01:17:57.971 [Task monitor] DEBUG n.processor.TaskPollingMonitor - Task completed > TaskHandler[jobId: 13231589; id: 150; name: gvcf_to_signalintensity (gvcf_batch_d459080c); status: COMPLETED; exit: 0; error: -; workDir: /lustre09/project/6008022/mame20/WGS_pipeline/work/9a/68b52b73bb07361c6f2b0f00615464 started: 1779765257723; exited: 2026-05-26T05:17:57Z; ]
May-26 01:19:27.973 [Task monitor] DEBUG n.processor.TaskPollingMonitor - Task completed > TaskHandler[jobId: 13231055; id: 133; name: gvcf_to_signalintensity (gvcf_batch_176fc2f7); status: COMPLETED; exit: 0; error: -; workDir: /lustre09/project/6008022/mame20/WGS_pipeline/work/8e/97d90602da2a3a69794a69d52ac62f started: 1779764312696; exited: 2026-05-26T05:19:25Z; ]
May-26 01:20:37.972 [Task monitor] DEBUG n.processor.TaskPollingMonitor - !! executor slurm > tasks to be completed: 14 -- submitted tasks are shown below
~> TaskHandler[jobId: 13231619; id: 154; name: gvcf_to_signalintensity (gvcf_batch_7c9321e8); status: RUNNING; exit: -; error: -; workDir: /lustre09/project/6008022/mame20/WGS_pipeline/work/ad/3d895c5a797232898dbebfc2d9df9d started: 1779765257735; exited: -; ]
~> TaskHandler[jobId: 13231640; id: 153; name: gvcf_to_signalintensity (gvcf_batch_237f27b7); status: RUNNING; exit: -; error: -; workDir: /lustre09/project/6008022/mame20/WGS_pipeline/work/49/e186e10de6ced561aece3cbef41d92 started: 1779765257736; exited: -; ]
~> TaskHandler[jobId: 13231664; id: 155; name: gvcf_to_signalintensity (gvcf_batch_102506bb); status: RUNNING; exit: -; error: -; workDir: /lustre09/project/6008022/mame20/WGS_pipeline/work/e0/d68afea42bea394f5a255498ad8d20 started: 1779765257736; exited: -; ]
~> TaskHandler[jobId: 13231698; id: 157; name: gvcf_to_signalintensity (gvcf_batch_da77c1c3); status: RUNNING; exit: -; error: -; workDir: /lustre09/project/6008022/mame20/WGS_pipeline/work/cc/241a75747f579860e774dc07ee44b4 started: 1779765442734; exited: -; ]
~> TaskHandler[jobId: 13231701; id: 158; name: gvcf_to_signalintensity (gvcf_batch_3adc720e); status: RUNNING; exit: -; error: -; workDir: /lustre09/project/6008022/mame20/WGS_pipeline/work/b3/6c200e503cc57c23086be2a21c4541 started: 1779765442736; exited: -; ]
~> TaskHandler[jobId: 13231749; id: 159; name: gvcf_to_signalintensity (gvcf_batch_4aa2a115); status: RUNNING; exit: -; error: -; workDir: /lustre09/project/6008022/mame20/WGS_pipeline/work/1a/fef4bf591a37f333f0fb34ef105afb started: 1779765817744; exited: -; ]
~> TaskHandler[jobId: 13231750; id: 160; name: gvcf_to_signalintensity (gvcf_batch_a4a1668c); status: RUNNING; exit: -; error: -; workDir: /lustre09/project/6008022/mame20/WGS_pipeline/work/34/2d4a464e443fe7c3f10041e0330953 started: 1779765817746; exited: -; ]
~> TaskHandler[jobId: 13231753; id: 161; name: gvcf_to_signalintensity (gvcf_batch_5008e31f); status: RUNNING; exit: -; error: -; workDir: /lustre09/project/6008022/mame20/WGS_pipeline/work/b0/529a7d5890ba894507017db136fa9c started: 1779765817748; exited: -; ]
~> TaskHandler[jobId: 13231789; id: 162; name: gvcf_to_signalintensity (gvcf_batch_d1271e3d); status: RUNNING; exit: -; error: -; workDir: /lustre09/project/6008022/mame20/WGS_pipeline/work/50/d9eb7af16ab7f2d7fedbc8a5b69db1 started: 1779765817749; exited: -; ]
~> TaskHandler[jobId: 13231797; id: 163; name: gvcf_to_signalintensity (gvcf_batch_8bd43792); status: RUNNING; exit: -; error: -; workDir: /lustre09/project/6008022/mame20/WGS_pipeline/work/cb/ffdaa7d0a9974021ba585eb9c211af started: 1779766002754; exited: -; ]
.. remaining tasks omitted.
May-26 01:21:37.978 [Task monitor] DEBUG n.processor.TaskPollingMonitor - Task completed > TaskHandler[jobId: 13231698; id: 157; name: gvcf_to_signalintensity (gvcf_batch_da77c1c3); status: COMPLETED; exit: 0; error: -; workDir: /lustre09/project/6008022/mame20/WGS_pipeline/work/cc/241a75747f579860e774dc07ee44b4 started: 1779765442734; exited: 2026-05-26T05:21:37Z; ]
May-26 01:22:07.977 [Task monitor] DEBUG n.processor.TaskPollingMonitor - Task completed > TaskHandler[jobId: 13231619; id: 154; name: gvcf_to_signalintensity (gvcf_batch_7c9321e8); status: COMPLETED; exit: 0; error: -; workDir: /lustre09/project/6008022/mame20/WGS_pipeline/work/ad/3d895c5a797232898dbebfc2d9df9d started: 1779765257735; exited: 2026-05-26T05:22:05Z; ]
May-26 01:22:12.979 [Task monitor] DEBUG n.processor.TaskPollingMonitor - Task completed > TaskHandler[jobId: 13231797; id: 163; name: gvcf_to_signalintensity (gvcf_batch_8bd43792); status: COMPLETED; exit: 0; error: -; workDir: /lustre09/project/6008022/mame20/WGS_pipeline/work/cb/ffdaa7d0a9974021ba585eb9c211af started: 1779766002754; exited: 2026-05-26T05:22:12Z; ]
May-26 01:23:38.000 [Task monitor] DEBUG n.processor.TaskPollingMonitor - Task completed > TaskHandler[jobId: 13231753; id: 161; name: gvcf_to_signalintensity (gvcf_batch_5008e31f); status: COMPLETED; exit: 0; error: -; workDir: /lustre09/project/6008022/mame20/WGS_pipeline/work/b0/529a7d5890ba894507017db136fa9c started: 1779765817748; exited: 2026-05-26T05:23:35Z; ]
May-26 01:24:52.980 [Task monitor] DEBUG n.processor.TaskPollingMonitor - Task completed > TaskHandler[jobId: 13231749; id: 159; name: gvcf_to_signalintensity (gvcf_batch_4aa2a115); status: COMPLETED; exit: 0; error: -; workDir: /lustre09/project/6008022/mame20/WGS_pipeline/work/1a/fef4bf591a37f333f0fb34ef105afb started: 1779765817744; exited: 2026-05-26T05:24:49Z; ]
May-26 01:25:37.979 [Task monitor] DEBUG n.processor.TaskPollingMonitor - !! executor slurm > tasks to be completed: 9 -- submitted tasks are shown below
~> TaskHandler[jobId: 13231640; id: 153; name: gvcf_to_signalintensity (gvcf_batch_237f27b7); status: RUNNING; exit: -; error: -; workDir: /lustre09/project/6008022/mame20/WGS_pipeline/work/49/e186e10de6ced561aece3cbef41d92 started: 1779765257736; exited: -; ]
~> TaskHandler[jobId: 13231664; id: 155; name: gvcf_to_signalintensity (gvcf_batch_102506bb); status: RUNNING; exit: -; error: -; workDir: /lustre09/project/6008022/mame20/WGS_pipeline/work/e0/d68afea42bea394f5a255498ad8d20 started: 1779765257736; exited: -; ]
~> TaskHandler[jobId: 13231701; id: 158; name: gvcf_to_signalintensity (gvcf_batch_3adc720e); status: RUNNING; exit: -; error: -; workDir: /lustre09/project/6008022/mame20/WGS_pipeline/work/b3/6c200e503cc57c23086be2a21c4541 started: 1779765442736; exited: -; ]
~> TaskHandler[jobId: 13231750; id: 160; name: gvcf_to_signalintensity (gvcf_batch_a4a1668c); status: RUNNING; exit: -; error: -; workDir: /lustre09/project/6008022/mame20/WGS_pipeline/work/34/2d4a464e443fe7c3f10041e0330953 started: 1779765817746; exited: -; ]
~> TaskHandler[jobId: 13231789; id: 162; name: gvcf_to_signalintensity (gvcf_batch_d1271e3d); status: RUNNING; exit: -; error: -; workDir: /lustre09/project/6008022/mame20/WGS_pipeline/work/50/d9eb7af16ab7f2d7fedbc8a5b69db1 started: 1779765817749; exited: -; ]
~> TaskHandler[jobId: 13231798; id: 165; name: gvcf_to_signalintensity (gvcf_batch_abbf276d); status: RUNNING; exit: -; error: -; workDir: /lustre09/project/6008022/mame20/WGS_pipeline/work/27/5b6f5730ec4e12309a834911e8c35f started: 1779766002756; exited: -; ]
~> TaskHandler[jobId: 13231800; id: 164; name: gvcf_to_signalintensity (gvcf_batch_0f31b33a); status: RUNNING; exit: -; error: -; workDir: /lustre09/project/6008022/mame20/WGS_pipeline/work/98/3282d9ab2afee7432ec1c893e2c1ec started: 1779766002757; exited: -; ]
~> TaskHandler[jobId: 13231840; id: 166; name: gvcf_to_signalintensity (gvcf_batch_b17bacd8); status: RUNNING; exit: -; error: -; workDir: /lustre09/project/6008022/mame20/WGS_pipeline/work/6a/2841b382d9a678591dd85dfa784dc6 started: 1779766002758; exited: -; ]
~> TaskHandler[jobId: 13231841; id: 167; name: gvcf_to_signalintensity (gvcf_batch_2e30314b); status: RUNNING; exit: -; error: -; workDir: /lustre09/project/6008022/mame20/WGS_pipeline/work/7e/0c0851327ecf04e2f9e9eebb1f19b3 started: 1779766002760; exited: -; ]
May-26 01:26:47.985 [Task monitor] DEBUG n.processor.TaskPollingMonitor - Task completed > TaskHandler[jobId: 13231800; id: 164; name: gvcf_to_signalintensity (gvcf_batch_0f31b33a); status: COMPLETED; exit: 0; error: -; workDir: /lustre09/project/6008022/mame20/WGS_pipeline/work/98/3282d9ab2afee7432ec1c893e2c1ec started: 1779766002757; exited: 2026-05-26T05:26:44Z; ]
May-26 01:29:07.987 [Task monitor] DEBUG n.processor.TaskPollingMonitor - Task completed > TaskHandler[jobId: 13231664; id: 155; name: gvcf_to_signalintensity (gvcf_batch_102506bb); status: COMPLETED; exit: 0; error: -; workDir: /lustre09/project/6008022/mame20/WGS_pipeline/work/e0/d68afea42bea394f5a255498ad8d20 started: 1779765257736; exited: 2026-05-26T05:29:05Z; ]
May-26 01:29:07.992 [Task monitor] DEBUG n.processor.TaskPollingMonitor - Task completed > TaskHandler[jobId: 13231750; id: 160; name: gvcf_to_signalintensity (gvcf_batch_a4a1668c); status: COMPLETED; exit: 0; error: -; workDir: /lustre09/project/6008022/mame20/WGS_pipeline/work/34/2d4a464e443fe7c3f10041e0330953 started: 1779765817746; exited: 2026-05-26T05:29:07Z; ]
May-26 01:30:37.984 [Task monitor] DEBUG n.processor.TaskPollingMonitor - !! executor slurm > tasks to be completed: 6 -- submitted tasks are shown below
~> TaskHandler[jobId: 13231640; id: 153; name: gvcf_to_signalintensity (gvcf_batch_237f27b7); status: RUNNING; exit: -; error: -; workDir: /lustre09/project/6008022/mame20/WGS_pipeline/work/49/e186e10de6ced561aece3cbef41d92 started: 1779765257736; exited: -; ]
~> TaskHandler[jobId: 13231701; id: 158; name: gvcf_to_signalintensity (gvcf_batch_3adc720e); status: RUNNING; exit: -; error: -; workDir: /lustre09/project/6008022/mame20/WGS_pipeline/work/b3/6c200e503cc57c23086be2a21c4541 started: 1779765442736; exited: -; ]
~> TaskHandler[jobId: 13231789; id: 162; name: gvcf_to_signalintensity (gvcf_batch_d1271e3d); status: RUNNING; exit: -; error: -; workDir: /lustre09/project/6008022/mame20/WGS_pipeline/work/50/d9eb7af16ab7f2d7fedbc8a5b69db1 started: 1779765817749; exited: -; ]
~> TaskHandler[jobId: 13231798; id: 165; name: gvcf_to_signalintensity (gvcf_batch_abbf276d); status: RUNNING; exit: -; error: -; workDir: /lustre09/project/6008022/mame20/WGS_pipeline/work/27/5b6f5730ec4e12309a834911e8c35f started: 1779766002756; exited: -; ]
~> TaskHandler[jobId: 13231840; id: 166; name: gvcf_to_signalintensity (gvcf_batch_b17bacd8); status: RUNNING; exit: -; error: -; workDir: /lustre09/project/6008022/mame20/WGS_pipeline/work/6a/2841b382d9a678591dd85dfa784dc6 started: 1779766002758; exited: -; ]
~> TaskHandler[jobId: 13231841; id: 167; name: gvcf_to_signalintensity (gvcf_batch_2e30314b); status: RUNNING; exit: -; error: -; workDir: /lustre09/project/6008022/mame20/WGS_pipeline/work/7e/0c0851327ecf04e2f9e9eebb1f19b3 started: 1779766002760; exited: -; ]
May-26 01:34:12.991 [Task monitor] DEBUG n.processor.TaskPollingMonitor - Task completed > TaskHandler[jobId: 13231841; id: 167; name: gvcf_to_signalintensity (gvcf_batch_2e30314b); status: COMPLETED; exit: 0; error: -; workDir: /lustre09/project/6008022/mame20/WGS_pipeline/work/7e/0c0851327ecf04e2f9e9eebb1f19b3 started: 1779766002760; exited: 2026-05-26T05:34:11Z; ]
May-26 01:35:37.991 [Task monitor] DEBUG n.processor.TaskPollingMonitor - !! executor slurm > tasks to be completed: 5 -- submitted tasks are shown below
~> TaskHandler[jobId: 13231640; id: 153; name: gvcf_to_signalintensity (gvcf_batch_237f27b7); status: RUNNING; exit: -; error: -; workDir: /lustre09/project/6008022/mame20/WGS_pipeline/work/49/e186e10de6ced561aece3cbef41d92 started: 1779765257736; exited: -; ]
~> TaskHandler[jobId: 13231701; id: 158; name: gvcf_to_signalintensity (gvcf_batch_3adc720e); status: RUNNING; exit: -; error: -; workDir: /lustre09/project/6008022/mame20/WGS_pipeline/work/b3/6c200e503cc57c23086be2a21c4541 started: 1779765442736; exited: -; ]
~> TaskHandler[jobId: 13231789; id: 162; name: gvcf_to_signalintensity (gvcf_batch_d1271e3d); status: RUNNING; exit: -; error: -; workDir: /lustre09/project/6008022/mame20/WGS_pipeline/work/50/d9eb7af16ab7f2d7fedbc8a5b69db1 started: 1779765817749; exited: -; ]
~> TaskHandler[jobId: 13231798; id: 165; name: gvcf_to_signalintensity (gvcf_batch_abbf276d); status: RUNNING; exit: -; error: -; workDir: /lustre09/project/6008022/mame20/WGS_pipeline/work/27/5b6f5730ec4e12309a834911e8c35f started: 1779766002756; exited: -; ]
~> TaskHandler[jobId: 13231840; id: 166; name: gvcf_to_signalintensity (gvcf_batch_b17bacd8); status: RUNNING; exit: -; error: -; workDir: /lustre09/project/6008022/mame20/WGS_pipeline/work/6a/2841b382d9a678591dd85dfa784dc6 started: 1779766002758; exited: -; ]
May-26 01:35:42.994 [Task monitor] DEBUG n.processor.TaskPollingMonitor - Task completed > TaskHandler[jobId: 13231701; id: 158; name: gvcf_to_signalintensity (gvcf_batch_3adc720e); status: COMPLETED; exit: 0; error: -; workDir: /lustre09/project/6008022/mame20/WGS_pipeline/work/b3/6c200e503cc57c23086be2a21c4541 started: 1779765442736; exited: 2026-05-26T05:35:40Z; ]
May-26 01:40:37.995 [Task monitor] DEBUG n.processor.TaskPollingMonitor - !! executor slurm > tasks to be completed: 4 -- submitted tasks are shown below
~> TaskHandler[jobId: 13231640; id: 153; name: gvcf_to_signalintensity (gvcf_batch_237f27b7); status: RUNNING; exit: -; error: -; workDir: /lustre09/project/6008022/mame20/WGS_pipeline/work/49/e186e10de6ced561aece3cbef41d92 started: 1779765257736; exited: -; ]
~> TaskHandler[jobId: 13231789; id: 162; name: gvcf_to_signalintensity (gvcf_batch_d1271e3d); status: RUNNING; exit: -; error: -; workDir: /lustre09/project/6008022/mame20/WGS_pipeline/work/50/d9eb7af16ab7f2d7fedbc8a5b69db1 started: 1779765817749; exited: -; ]
~> TaskHandler[jobId: 13231798; id: 165; name: gvcf_to_signalintensity (gvcf_batch_abbf276d); status: RUNNING; exit: -; error: -; workDir: /lustre09/project/6008022/mame20/WGS_pipeline/work/27/5b6f5730ec4e12309a834911e8c35f started: 1779766002756; exited: -; ]
~> TaskHandler[jobId: 13231840; id: 166; name: gvcf_to_signalintensity (gvcf_batch_b17bacd8); status: RUNNING; exit: -; error: -; workDir: /lustre09/project/6008022/mame20/WGS_pipeline/work/6a/2841b382d9a678591dd85dfa784dc6 started: 1779766002758; exited: -; ]
May-26 01:44:28.003 [Task monitor] DEBUG n.processor.TaskPollingMonitor - Task completed > TaskHandler[jobId: 13231840; id: 166; name: gvcf_to_signalintensity (gvcf_batch_b17bacd8); status: COMPLETED; exit: 0; error: -; workDir: /lustre09/project/6008022/mame20/WGS_pipeline/work/6a/2841b382d9a678591dd85dfa784dc6 started: 1779766002758; exited: 2026-05-26T05:44:26Z; ]
May-26 01:45:08.006 [Task monitor] DEBUG n.processor.TaskPollingMonitor - Task completed > TaskHandler[jobId: 13231789; id: 162; name: gvcf_to_signalintensity (gvcf_batch_d1271e3d); status: COMPLETED; exit: 0; error: -; workDir: /lustre09/project/6008022/mame20/WGS_pipeline/work/50/d9eb7af16ab7f2d7fedbc8a5b69db1 started: 1779765817749; exited: 2026-05-26T05:45:03Z; ]
May-26 01:45:38.000 [Task monitor] DEBUG n.processor.TaskPollingMonitor - !! executor slurm > tasks to be completed: 2 -- submitted tasks are shown below
~> TaskHandler[jobId: 13231640; id: 153; name: gvcf_to_signalintensity (gvcf_batch_237f27b7); status: RUNNING; exit: -; error: -; workDir: /lustre09/project/6008022/mame20/WGS_pipeline/work/49/e186e10de6ced561aece3cbef41d92 started: 1779765257736; exited: -; ]
~> TaskHandler[jobId: 13231798; id: 165; name: gvcf_to_signalintensity (gvcf_batch_abbf276d); status: RUNNING; exit: -; error: -; workDir: /lustre09/project/6008022/mame20/WGS_pipeline/work/27/5b6f5730ec4e12309a834911e8c35f started: 1779766002756; exited: -; ]
May-26 01:50:38.004 [Task monitor] DEBUG n.processor.TaskPollingMonitor - !! executor slurm > tasks to be completed: 2 -- submitted tasks are shown below
~> TaskHandler[jobId: 13231640; id: 153; name: gvcf_to_signalintensity (gvcf_batch_237f27b7); status: RUNNING; exit: -; error: -; workDir: /lustre09/project/6008022/mame20/WGS_pipeline/work/49/e186e10de6ced561aece3cbef41d92 started: 1779765257736; exited: -; ]
~> TaskHandler[jobId: 13231798; id: 165; name: gvcf_to_signalintensity (gvcf_batch_abbf276d); status: RUNNING; exit: -; error: -; workDir: /lustre09/project/6008022/mame20/WGS_pipeline/work/27/5b6f5730ec4e12309a834911e8c35f started: 1779766002756; exited: -; ]
May-26 01:53:53.011 [Task monitor] DEBUG n.processor.TaskPollingMonitor - Task completed > TaskHandler[jobId: 13231640; id: 153; name: gvcf_to_signalintensity (gvcf_batch_237f27b7); status: COMPLETED; exit: 0; error: -; workDir: /lustre09/project/6008022/mame20/WGS_pipeline/work/49/e186e10de6ced561aece3cbef41d92 started: 1779765257736; exited: 2026-05-26T05:53:52Z; ]
May-26 01:55:38.009 [Task monitor] DEBUG n.processor.TaskPollingMonitor - !! executor slurm > tasks to be completed: 1 -- submitted tasks are shown below
~> TaskHandler[jobId: 13231798; id: 165; name: gvcf_to_signalintensity (gvcf_batch_abbf276d); status: RUNNING; exit: -; error: -; workDir: /lustre09/project/6008022/mame20/WGS_pipeline/work/27/5b6f5730ec4e12309a834911e8c35f started: 1779766002756; exited: -; ]
May-26 01:59:58.021 [Task monitor] DEBUG n.processor.TaskPollingMonitor - Task completed > TaskHandler[jobId: 13231798; id: 165; name: gvcf_to_signalintensity (gvcf_batch_abbf276d); status: COMPLETED; exit: 0; error: -; workDir: /lustre09/project/6008022/mame20/WGS_pipeline/work/27/5b6f5730ec4e12309a834911e8c35f started: 1779766002756; exited: 2026-05-26T05:59:53Z; ]
May-26 02:00:38.017 [Task monitor] DEBUG n.processor.TaskPollingMonitor - !! executor slurm > No more task to compute -- The following nodes are still active:
[process] split_iids
  status=ACTIVE
  port 0: (value) bound ; channel: iid_list
  port 1: (value) bound ; channel: lrr_baf_all/*
  port 2: (value) bound ; channel: n_batches
  port 3: (cntrl) -     ; channel: $

[process] pfb_partial
  status=ACTIVE
  port 0: (queue) OPEN  ; channel: -
  port 1: (cntrl) -     ; channel: $

[process] pfb_reduce
  status=ACTIVE
  port 0: (value) OPEN  ; channel: partials
  port 1: (value) bound ; channel: out_name
  port 2: (cntrl) -     ; channel: $

[process] filter_baf_lrr_files
  status=ACTIVE
  port 0: (queue) OPEN  ; channel: baf_files
  port 1: (value) OPEN  ; channel: pfb_file
  port 2: (cntrl) -     ; channel: $

May-26 02:03:04.946 [Task submitter] DEBUG nextflow.executor.GridTaskHandler - [SLURM] submitted process split_iids (split_iids (n_batches=20)) > jobId: 13237068; workDir: /lustre09/project/6008022/mame20/WGS_pipeline/work/2b/d79ef9315c7d2b34871bb87b32a889
May-26 02:03:04.947 [Task submitter] INFO  nextflow.Session - [2b/d79ef9] Submitted process > split_iids (split_iids (n_batches=20))
May-26 02:03:53.025 [Task monitor] DEBUG n.processor.TaskPollingMonitor - Task completed > TaskHandler[jobId: 13237068; id: 168; name: split_iids (split_iids (n_batches=20)); status: COMPLETED; exit: 0; error: -; workDir: /lustre09/project/6008022/mame20/WGS_pipeline/work/2b/d79ef9315c7d2b34871bb87b32a889 started: 1779775388021; exited: 2026-05-26T06:03:48Z; ]
May-26 02:03:56.091 [Task submitter] DEBUG nextflow.executor.GridTaskHandler - [SLURM] submitted process pfb_partial (pfb_partial(iid_batch_001)) > jobId: 13237073; workDir: /lustre09/project/6008022/mame20/WGS_pipeline/work/ce/04ec76e8701cf3d2a499b0d8c41d5c
May-26 02:03:56.092 [Task submitter] INFO  nextflow.Session - [ce/04ec76] Submitted process > pfb_partial (pfb_partial(iid_batch_001))
May-26 02:04:01.039 [Task submitter] DEBUG nextflow.executor.GridTaskHandler - [SLURM] submitted process pfb_partial (pfb_partial(iid_batch_000)) > jobId: 13237074; workDir: /lustre09/project/6008022/mame20/WGS_pipeline/work/5a/6dfb57e4c363811d2946ed04e48a69
May-26 02:04:01.040 [Task submitter] INFO  nextflow.Session - [5a/6dfb57] Submitted process > pfb_partial (pfb_partial(iid_batch_000))
May-26 02:04:07.046 [Task submitter] DEBUG nextflow.executor.GridTaskHandler - [SLURM] submitted process pfb_partial (pfb_partial(iid_batch_002)) > jobId: 13237075; workDir: /lustre09/project/6008022/mame20/WGS_pipeline/work/3c/22f49eceadccafd1153479cd70d7f7
May-26 02:04:07.047 [Task submitter] INFO  nextflow.Session - [3c/22f49e] Submitted process > pfb_partial (pfb_partial(iid_batch_002))
May-26 02:04:13.059 [Task submitter] DEBUG nextflow.executor.GridTaskHandler - [SLURM] submitted process pfb_partial (pfb_partial(iid_batch_004)) > jobId: 13237076; workDir: /lustre09/project/6008022/mame20/WGS_pipeline/work/7b/0ff1b7a76924ede8b9241330c5f60c
May-26 02:04:13.059 [Task submitter] INFO  nextflow.Session - [7b/0ff1b7] Submitted process > pfb_partial (pfb_partial(iid_batch_004))
May-26 02:04:19.040 [Task submitter] DEBUG nextflow.executor.GridTaskHandler - [SLURM] submitted process pfb_partial (pfb_partial(iid_batch_003)) > jobId: 13237077; workDir: /lustre09/project/6008022/mame20/WGS_pipeline/work/31/ff35d81477cc42281fd5e7c59ad07b
May-26 02:04:19.040 [Task submitter] INFO  nextflow.Session - [31/ff35d8] Submitted process > pfb_partial (pfb_partial(iid_batch_003))
May-26 02:04:25.094 [Task submitter] DEBUG nextflow.executor.GridTaskHandler - [SLURM] submitted process pfb_partial (pfb_partial(iid_batch_005)) > jobId: 13237079; workDir: /lustre09/project/6008022/mame20/WGS_pipeline/work/53/63e764b1ac74646922fa31d31f9099
May-26 02:04:25.094 [Task submitter] INFO  nextflow.Session - [53/63e764] Submitted process > pfb_partial (pfb_partial(iid_batch_005))
May-26 02:04:31.014 [Task submitter] DEBUG nextflow.executor.GridTaskHandler - [SLURM] submitted process pfb_partial (pfb_partial(iid_batch_006)) > jobId: 13237085; workDir: /lustre09/project/6008022/mame20/WGS_pipeline/work/1c/a2d50cf4846566c2a6170fcb4cf2f7
May-26 02:04:31.014 [Task submitter] INFO  nextflow.Session - [1c/a2d50c] Submitted process > pfb_partial (pfb_partial(iid_batch_006))
May-26 02:04:37.039 [Task submitter] DEBUG nextflow.executor.GridTaskHandler - [SLURM] submitted process pfb_partial (pfb_partial(iid_batch_007)) > jobId: 13237090; workDir: /lustre09/project/6008022/mame20/WGS_pipeline/work/14/43490282fe99f0a8fb11a049e13016
May-26 02:04:37.039 [Task submitter] INFO  nextflow.Session - [14/434902] Submitted process > pfb_partial (pfb_partial(iid_batch_007))
May-26 02:04:43.055 [Task submitter] DEBUG nextflow.executor.GridTaskHandler - [SLURM] submitted process pfb_partial (pfb_partial(iid_batch_008)) > jobId: 13237091; workDir: /lustre09/project/6008022/mame20/WGS_pipeline/work/59/75500c18fadfaae3b449fe1d48b9aa
May-26 02:04:43.055 [Task submitter] INFO  nextflow.Session - [59/75500c] Submitted process > pfb_partial (pfb_partial(iid_batch_008))
May-26 02:04:49.031 [Task submitter] DEBUG nextflow.executor.GridTaskHandler - [SLURM] submitted process pfb_partial (pfb_partial(iid_batch_009)) > jobId: 13237092; workDir: /lustre09/project/6008022/mame20/WGS_pipeline/work/2b/e028b84afde26687c346a6a52e22b6
May-26 02:04:49.031 [Task submitter] INFO  nextflow.Session - [2b/e028b8] Submitted process > pfb_partial (pfb_partial(iid_batch_009))
May-26 02:04:55.076 [Task submitter] DEBUG nextflow.executor.GridTaskHandler - [SLURM] submitted process pfb_partial (pfb_partial(iid_batch_011)) > jobId: 13237093; workDir: /lustre09/project/6008022/mame20/WGS_pipeline/work/e2/fc0c5bf6be345ac62e2dc78ec40c50
May-26 02:04:55.076 [Task submitter] INFO  nextflow.Session - [e2/fc0c5b] Submitted process > pfb_partial (pfb_partial(iid_batch_011))
May-26 02:05:01.031 [Task submitter] DEBUG nextflow.executor.GridTaskHandler - [SLURM] submitted process pfb_partial (pfb_partial(iid_batch_012)) > jobId: 13237094; workDir: /lustre09/project/6008022/mame20/WGS_pipeline/work/58/bbf4f743ad0322c3c67cb23b47593e
May-26 02:05:01.032 [Task submitter] INFO  nextflow.Session - [58/bbf4f7] Submitted process > pfb_partial (pfb_partial(iid_batch_012))
May-26 02:05:07.034 [Task submitter] DEBUG nextflow.executor.GridTaskHandler - [SLURM] submitted process pfb_partial (pfb_partial(iid_batch_010)) > jobId: 13237095; workDir: /lustre09/project/6008022/mame20/WGS_pipeline/work/20/c31f3822fd0e0471fb9273e1fb1c85
May-26 02:05:07.034 [Task submitter] INFO  nextflow.Session - [20/c31f38] Submitted process > pfb_partial (pfb_partial(iid_batch_010))
May-26 02:05:13.053 [Task submitter] DEBUG nextflow.executor.GridTaskHandler - [SLURM] submitted process pfb_partial (pfb_partial(iid_batch_013)) > jobId: 13237096; workDir: /lustre09/project/6008022/mame20/WGS_pipeline/work/4d/b58e67b08eaa1211834ee0d3bb5cd1
May-26 02:05:13.053 [Task submitter] INFO  nextflow.Session - [4d/b58e67] Submitted process > pfb_partial (pfb_partial(iid_batch_013))
May-26 02:05:20.109 [Task submitter] DEBUG nextflow.executor.GridTaskHandler - [SLURM] submitted process pfb_partial (pfb_partial(iid_batch_015)) > jobId: 13237103; workDir: /lustre09/project/6008022/mame20/WGS_pipeline/work/91/9d1493c289785ec156aa7f4b06bb0d
May-26 02:05:20.109 [Task submitter] INFO  nextflow.Session - [91/9d1493] Submitted process > pfb_partial (pfb_partial(iid_batch_015))
May-26 02:05:25.079 [Task submitter] DEBUG nextflow.executor.GridTaskHandler - [SLURM] submitted process pfb_partial (pfb_partial(iid_batch_016)) > jobId: 13237104; workDir: /lustre09/project/6008022/mame20/WGS_pipeline/work/71/e06855dccd3a3a73197db9db3527d6
May-26 02:05:25.079 [Task submitter] INFO  nextflow.Session - [71/e06855] Submitted process > pfb_partial (pfb_partial(iid_batch_016))
May-26 02:05:31.031 [Task submitter] DEBUG nextflow.executor.GridTaskHandler - [SLURM] submitted process pfb_partial (pfb_partial(iid_batch_017)) > jobId: 13237106; workDir: /lustre09/project/6008022/mame20/WGS_pipeline/work/a3/a2b05ce16479d663be08164fc6e292
May-26 02:05:31.031 [Task submitter] INFO  nextflow.Session - [a3/a2b05c] Submitted process > pfb_partial (pfb_partial(iid_batch_017))
May-26 02:05:37.023 [Task submitter] DEBUG nextflow.executor.GridTaskHandler - [SLURM] submitted process pfb_partial (pfb_partial(iid_batch_018)) > jobId: 13237107; workDir: /lustre09/project/6008022/mame20/WGS_pipeline/work/5d/19c29f2131a13d6cb9ca7b47b66aa4
May-26 02:05:37.023 [Task submitter] INFO  nextflow.Session - [5d/19c29f] Submitted process > pfb_partial (pfb_partial(iid_batch_018))
May-26 02:05:38.025 [Task monitor] DEBUG n.processor.TaskPollingMonitor - !! executor slurm > tasks to be completed: 18 -- submitted tasks are shown below
~> TaskHandler[jobId: 13237073; id: 170; name: pfb_partial (pfb_partial(iid_batch_001)); status: RUNNING; exit: -; error: -; workDir: /lustre09/project/6008022/mame20/WGS_pipeline/work/ce/04ec76e8701cf3d2a499b0d8c41d5c started: 1779775438023; exited: -; ]
~> TaskHandler[jobId: 13237074; id: 169; name: pfb_partial (pfb_partial(iid_batch_000)); status: RUNNING; exit: -; error: -; workDir: /lustre09/project/6008022/mame20/WGS_pipeline/work/5a/6dfb57e4c363811d2946ed04e48a69 started: 1779775448038; exited: -; ]
~> TaskHandler[jobId: 13237075; id: 171; name: pfb_partial (pfb_partial(iid_batch_002)); status: RUNNING; exit: -; error: -; workDir: /lustre09/project/6008022/mame20/WGS_pipeline/work/3c/22f49eceadccafd1153479cd70d7f7 started: 1779775453023; exited: -; ]
~> TaskHandler[jobId: 13237076; id: 173; name: pfb_partial (pfb_partial(iid_batch_004)); status: RUNNING; exit: -; error: -; workDir: /lustre09/project/6008022/mame20/WGS_pipeline/work/7b/0ff1b7a76924ede8b9241330c5f60c started: 1779775458023; exited: -; ]
~> TaskHandler[jobId: 13237077; id: 172; name: pfb_partial (pfb_partial(iid_batch_003)); status: RUNNING; exit: -; error: -; workDir: /lustre09/project/6008022/mame20/WGS_pipeline/work/31/ff35d81477cc42281fd5e7c59ad07b started: 1779775463024; exited: -; ]
~> TaskHandler[jobId: 13237079; id: 174; name: pfb_partial (pfb_partial(iid_batch_005)); status: RUNNING; exit: -; error: -; workDir: /lustre09/project/6008022/mame20/WGS_pipeline/work/53/63e764b1ac74646922fa31d31f9099 started: 1779775468024; exited: -; ]
~> TaskHandler[jobId: 13237085; id: 175; name: pfb_partial (pfb_partial(iid_batch_006)); status: RUNNING; exit: -; error: -; workDir: /lustre09/project/6008022/mame20/WGS_pipeline/work/1c/a2d50cf4846566c2a6170fcb4cf2f7 started: 1779775478025; exited: -; ]
~> TaskHandler[jobId: 13237090; id: 176; name: pfb_partial (pfb_partial(iid_batch_007)); status: RUNNING; exit: -; error: -; workDir: /lustre09/project/6008022/mame20/WGS_pipeline/work/14/43490282fe99f0a8fb11a049e13016 started: 1779775483025; exited: -; ]
~> TaskHandler[jobId: 13237091; id: 177; name: pfb_partial (pfb_partial(iid_batch_008)); status: RUNNING; exit: -; error: -; workDir: /lustre09/project/6008022/mame20/WGS_pipeline/work/59/75500c18fadfaae3b449fe1d48b9aa started: 1779775488025; exited: -; ]
~> TaskHandler[jobId: 13237092; id: 178; name: pfb_partial (pfb_partial(iid_batch_009)); status: RUNNING; exit: -; error: -; workDir: /lustre09/project/6008022/mame20/WGS_pipeline/work/2b/e028b84afde26687c346a6a52e22b6 started: 1779775493025; exited: -; ]
.. remaining tasks omitted.
May-26 02:05:43.018 [Task submitter] DEBUG nextflow.executor.GridTaskHandler - [SLURM] submitted process pfb_partial (pfb_partial(iid_batch_014)) > jobId: 13237108; workDir: /lustre09/project/6008022/mame20/WGS_pipeline/work/d2/ad2e9e93fed0e0b96970db1eac74fc
May-26 02:05:43.018 [Task submitter] INFO  nextflow.Session - [d2/ad2e9e] Submitted process > pfb_partial (pfb_partial(iid_batch_014))
May-26 02:05:48.028 [Task monitor] DEBUG n.processor.TaskPollingMonitor - Task completed > TaskHandler[jobId: 13237073; id: 170; name: pfb_partial (pfb_partial(iid_batch_001)); status: COMPLETED; exit: 0; error: -; workDir: /lustre09/project/6008022/mame20/WGS_pipeline/work/ce/04ec76e8701cf3d2a499b0d8c41d5c started: 1779775438023; exited: 2026-05-26T06:05:47Z; ]
May-26 02:05:49.023 [Task submitter] DEBUG nextflow.executor.GridTaskHandler - [SLURM] submitted process pfb_partial (pfb_partial(iid_batch_019)) > jobId: 13237110; workDir: /lustre09/project/6008022/mame20/WGS_pipeline/work/5c/12902a36caa1e7626315ef836628fe
May-26 02:05:49.024 [Task submitter] INFO  nextflow.Session - [5c/12902a] Submitted process > pfb_partial (pfb_partial(iid_batch_019))
May-26 02:05:58.027 [Task monitor] DEBUG n.processor.TaskPollingMonitor - Task completed > TaskHandler[jobId: 13237074; id: 169; name: pfb_partial (pfb_partial(iid_batch_000)); status: COMPLETED; exit: 0; error: -; workDir: /lustre09/project/6008022/mame20/WGS_pipeline/work/5a/6dfb57e4c363811d2946ed04e48a69 started: 1779775448038; exited: 2026-05-26T06:05:54Z; ]
May-26 02:06:08.027 [Task monitor] DEBUG n.processor.TaskPollingMonitor - Task completed > TaskHandler[jobId: 13237075; id: 171; name: pfb_partial (pfb_partial(iid_batch_002)); status: COMPLETED; exit: 0; error: -; workDir: /lustre09/project/6008022/mame20/WGS_pipeline/work/3c/22f49eceadccafd1153479cd70d7f7 started: 1779775453023; exited: 2026-05-26T06:06:05Z; ]
May-26 02:06:28.028 [Task monitor] DEBUG n.processor.TaskPollingMonitor - Task completed > TaskHandler[jobId: 13237076; id: 173; name: pfb_partial (pfb_partial(iid_batch_004)); status: COMPLETED; exit: 0; error: -; workDir: /lustre09/project/6008022/mame20/WGS_pipeline/work/7b/0ff1b7a76924ede8b9241330c5f60c started: 1779775458023; exited: 2026-05-26T06:06:27Z; ]
May-26 02:06:28.031 [Task monitor] DEBUG n.processor.TaskPollingMonitor - Task completed > TaskHandler[jobId: 13237077; id: 172; name: pfb_partial (pfb_partial(iid_batch_003)); status: COMPLETED; exit: 0; error: -; workDir: /lustre09/project/6008022/mame20/WGS_pipeline/work/31/ff35d81477cc42281fd5e7c59ad07b started: 1779775463024; exited: 2026-05-26T06:06:24Z; ]
May-26 02:06:33.028 [Task monitor] DEBUG n.processor.TaskPollingMonitor - Task completed > TaskHandler[jobId: 13237079; id: 174; name: pfb_partial (pfb_partial(iid_batch_005)); status: COMPLETED; exit: 0; error: -; workDir: /lustre09/project/6008022/mame20/WGS_pipeline/work/53/63e764b1ac74646922fa31d31f9099 started: 1779775468024; exited: 2026-05-26T06:06:30Z; ]
May-26 02:06:43.028 [Task monitor] DEBUG n.processor.TaskPollingMonitor - Task completed > TaskHandler[jobId: 13237085; id: 175; name: pfb_partial (pfb_partial(iid_batch_006)); status: COMPLETED; exit: 0; error: -; workDir: /lustre09/project/6008022/mame20/WGS_pipeline/work/1c/a2d50cf4846566c2a6170fcb4cf2f7 started: 1779775478025; exited: 2026-05-26T06:06:38Z; ]
May-26 02:06:48.028 [Task monitor] DEBUG n.processor.TaskPollingMonitor - Task completed > TaskHandler[jobId: 13237090; id: 176; name: pfb_partial (pfb_partial(iid_batch_007)); status: COMPLETED; exit: 0; error: -; workDir: /lustre09/project/6008022/mame20/WGS_pipeline/work/14/43490282fe99f0a8fb11a049e13016 started: 1779775483025; exited: 2026-05-26T06:06:45Z; ]
May-26 02:06:53.028 [Task monitor] DEBUG n.processor.TaskPollingMonitor - Task completed > TaskHandler[jobId: 13237091; id: 177; name: pfb_partial (pfb_partial(iid_batch_008)); status: COMPLETED; exit: 0; error: -; workDir: /lustre09/project/6008022/mame20/WGS_pipeline/work/59/75500c18fadfaae3b449fe1d48b9aa started: 1779775488025; exited: 2026-05-26T06:06:52Z; ]
May-26 02:06:53.030 [Task monitor] DEBUG n.processor.TaskPollingMonitor - Task completed > TaskHandler[jobId: 13237092; id: 178; name: pfb_partial (pfb_partial(iid_batch_009)); status: COMPLETED; exit: 0; error: -; workDir: /lustre09/project/6008022/mame20/WGS_pipeline/work/2b/e028b84afde26687c346a6a52e22b6 started: 1779775493025; exited: 2026-05-26T06:06:51Z; ]
May-26 02:07:03.030 [Task monitor] DEBUG n.processor.TaskPollingMonitor - Task completed > TaskHandler[jobId: 13237093; id: 180; name: pfb_partial (pfb_partial(iid_batch_011)); status: COMPLETED; exit: 0; error: -; workDir: /lustre09/project/6008022/mame20/WGS_pipeline/work/e2/fc0c5bf6be345ac62e2dc78ec40c50 started: 1779775498025; exited: 2026-05-26T06:06:58Z; ]
May-26 02:07:03.033 [Task monitor] DEBUG n.processor.TaskPollingMonitor - Task completed > TaskHandler[jobId: 13237094; id: 181; name: pfb_partial (pfb_partial(iid_batch_012)); status: COMPLETED; exit: 0; error: -; workDir: /lustre09/project/6008022/mame20/WGS_pipeline/work/58/bbf4f743ad0322c3c67cb23b47593e started: 1779775503026; exited: 2026-05-26T06:07:01Z; ]
May-26 02:07:13.029 [Task monitor] DEBUG n.processor.TaskPollingMonitor - Task completed > TaskHandler[jobId: 13237095; id: 179; name: pfb_partial (pfb_partial(iid_batch_010)); status: COMPLETED; exit: 0; error: -; workDir: /lustre09/project/6008022/mame20/WGS_pipeline/work/20/c31f3822fd0e0471fb9273e1fb1c85 started: 1779775513025; exited: 2026-05-26T06:07:12Z; ]
May-26 02:07:18.030 [Task monitor] DEBUG n.processor.TaskPollingMonitor - Task completed > TaskHandler[jobId: 13237096; id: 182; name: pfb_partial (pfb_partial(iid_batch_013)); status: COMPLETED; exit: 0; error: -; workDir: /lustre09/project/6008022/mame20/WGS_pipeline/work/4d/b58e67b08eaa1211834ee0d3bb5cd1 started: 1779775518026; exited: 2026-05-26T06:07:14Z; ]
May-26 02:07:18.032 [Task monitor] DEBUG n.processor.TaskPollingMonitor - Task completed > TaskHandler[jobId: 13237103; id: 184; name: pfb_partial (pfb_partial(iid_batch_015)); status: COMPLETED; exit: 0; error: -; workDir: /lustre09/project/6008022/mame20/WGS_pipeline/work/91/9d1493c289785ec156aa7f4b06bb0d started: 1779775523025; exited: 2026-05-26T06:07:16Z; ]
May-26 02:07:18.035 [Task monitor] DEBUG n.processor.TaskPollingMonitor - Task completed > TaskHandler[jobId: 13237106; id: 186; name: pfb_partial (pfb_partial(iid_batch_017)); status: COMPLETED; exit: 0; error: -; workDir: /lustre09/project/6008022/mame20/WGS_pipeline/work/a3/a2b05ce16479d663be08164fc6e292 started: 1779775533026; exited: 2026-05-26T06:07:16Z; ]
May-26 02:07:28.029 [Task monitor] DEBUG n.processor.TaskPollingMonitor - Task completed > TaskHandler[jobId: 13237108; id: 183; name: pfb_partial (pfb_partial(iid_batch_014)); status: COMPLETED; exit: 0; error: -; workDir: /lustre09/project/6008022/mame20/WGS_pipeline/work/d2/ad2e9e93fed0e0b96970db1eac74fc started: 1779775548032; exited: 2026-05-26T06:07:27Z; ]
May-26 02:07:33.028 [Task monitor] DEBUG n.processor.TaskPollingMonitor - Task completed > TaskHandler[jobId: 13237104; id: 185; name: pfb_partial (pfb_partial(iid_batch_016)); status: COMPLETED; exit: 0; error: -; workDir: /lustre09/project/6008022/mame20/WGS_pipeline/work/71/e06855dccd3a3a73197db9db3527d6 started: 1779775528026; exited: 2026-05-26T06:07:32Z; ]
May-26 02:07:33.030 [Task monitor] DEBUG n.processor.TaskPollingMonitor - Task completed > TaskHandler[jobId: 13237107; id: 187; name: pfb_partial (pfb_partial(iid_batch_018)); status: COMPLETED; exit: 0; error: -; workDir: /lustre09/project/6008022/mame20/WGS_pipeline/work/5d/19c29f2131a13d6cb9ca7b47b66aa4 started: 1779775543028; exited: 2026-05-26T06:07:28Z; ]
May-26 02:07:33.035 [Task monitor] DEBUG n.processor.TaskPollingMonitor - Task completed > TaskHandler[jobId: 13237110; id: 188; name: pfb_partial (pfb_partial(iid_batch_019)); status: COMPLETED; exit: 0; error: -; workDir: /lustre09/project/6008022/mame20/WGS_pipeline/work/5c/12902a36caa1e7626315ef836628fe started: 1779775553028; exited: 2026-05-26T06:07:30Z; ]
May-26 02:07:33.174 [Task submitter] DEBUG nextflow.executor.GridTaskHandler - [SLURM] submitted process pfb_reduce (pfb_reduce) > jobId: 13237123; workDir: /lustre09/project/6008022/mame20/WGS_pipeline/work/82/2e36053a92014e15edb2c34f3c248d
May-26 02:07:33.175 [Task submitter] INFO  nextflow.Session - [82/2e3605] Submitted process > pfb_reduce (pfb_reduce)
May-26 02:08:23.030 [Task monitor] DEBUG n.processor.TaskPollingMonitor - Task completed > TaskHandler[jobId: 13237123; id: 189; name: pfb_reduce (pfb_reduce); status: COMPLETED; exit: 0; error: -; workDir: /lustre09/project/6008022/mame20/WGS_pipeline/work/82/2e36053a92014e15edb2c34f3c248d started: 1779775658027; exited: 2026-05-26T06:08:20Z; ]
May-26 02:08:25.203 [Task submitter] DEBUG nextflow.executor.GridTaskHandler - [SLURM] submitted process filter_baf_lrr_files (filter_baf_lrr_batch) > jobId: 13237126; workDir: /lustre09/project/6008022/mame20/WGS_pipeline/work/80/b228893b701af33c4bd282e0093a02
May-26 02:08:25.203 [Task submitter] INFO  nextflow.Session - [80/b22889] Submitted process > filter_baf_lrr_files (filter_baf_lrr_batch)
May-26 02:08:30.187 [Task submitter] DEBUG nextflow.executor.GridTaskHandler - [SLURM] submitted process filter_baf_lrr_files (filter_baf_lrr_batch) > jobId: 13237128; workDir: /lustre09/project/6008022/mame20/WGS_pipeline/work/05/87bcd6706521e28fe5fdbe8ed4c8ec
May-26 02:08:30.187 [Task submitter] INFO  nextflow.Session - [05/87bcd6] Submitted process > filter_baf_lrr_files (filter_baf_lrr_batch)
May-26 02:08:34.116 [Task submitter] DEBUG nextflow.executor.GridTaskHandler - [SLURM] submitted process filter_baf_lrr_files (filter_baf_lrr_batch) > jobId: 13237129; workDir: /lustre09/project/6008022/mame20/WGS_pipeline/work/ca/45aec8596ceac4b00630a68ee16620
May-26 02:08:34.116 [Task submitter] INFO  nextflow.Session - [ca/45aec8] Submitted process > filter_baf_lrr_files (filter_baf_lrr_batch)
May-26 02:08:40.104 [Task submitter] DEBUG nextflow.executor.GridTaskHandler - [SLURM] submitted process filter_baf_lrr_files (filter_baf_lrr_batch) > jobId: 13237130; workDir: /lustre09/project/6008022/mame20/WGS_pipeline/work/c2/ed0d2d85a77f58fdb4160a25835a8f
May-26 02:08:40.104 [Task submitter] INFO  nextflow.Session - [c2/ed0d2d] Submitted process > filter_baf_lrr_files (filter_baf_lrr_batch)
May-26 02:08:46.107 [Task submitter] DEBUG nextflow.executor.GridTaskHandler - [SLURM] submitted process filter_baf_lrr_files (filter_baf_lrr_batch) > jobId: 13237132; workDir: /lustre09/project/6008022/mame20/WGS_pipeline/work/cd/1316a255ded675c431622cff155c1d
May-26 02:08:46.107 [Task submitter] INFO  nextflow.Session - [cd/1316a2] Submitted process > filter_baf_lrr_files (filter_baf_lrr_batch)
May-26 02:08:52.106 [Task submitter] DEBUG nextflow.executor.GridTaskHandler - [SLURM] submitted process filter_baf_lrr_files (filter_baf_lrr_batch) > jobId: 13237134; workDir: /lustre09/project/6008022/mame20/WGS_pipeline/work/56/d11f62e96b0bb35bb7fbb8551dddbc
May-26 02:08:52.107 [Task submitter] INFO  nextflow.Session - [56/d11f62] Submitted process > filter_baf_lrr_files (filter_baf_lrr_batch)
May-26 02:08:58.167 [Task submitter] DEBUG nextflow.executor.GridTaskHandler - [SLURM] submitted process filter_baf_lrr_files (filter_baf_lrr_batch) > jobId: 13237135; workDir: /lustre09/project/6008022/mame20/WGS_pipeline/work/22/499d503b2ff2dc96e1ed07758e23e7
May-26 02:08:58.167 [Task submitter] INFO  nextflow.Session - [22/499d50] Submitted process > filter_baf_lrr_files (filter_baf_lrr_batch)
May-26 02:09:04.102 [Task submitter] DEBUG nextflow.executor.GridTaskHandler - [SLURM] submitted process filter_baf_lrr_files (filter_baf_lrr_batch) > jobId: 13237136; workDir: /lustre09/project/6008022/mame20/WGS_pipeline/work/e7/2b7e59b840a24a7083a71f6d1501c1
May-26 02:09:04.103 [Task submitter] INFO  nextflow.Session - [e7/2b7e59] Submitted process > filter_baf_lrr_files (filter_baf_lrr_batch)
May-26 02:09:10.124 [Task submitter] DEBUG nextflow.executor.GridTaskHandler - [SLURM] submitted process filter_baf_lrr_files (filter_baf_lrr_batch) > jobId: 13237138; workDir: /lustre09/project/6008022/mame20/WGS_pipeline/work/6f/52954cea64c32f0c8a0e54e340b6ac
May-26 02:09:10.124 [Task submitter] INFO  nextflow.Session - [6f/52954c] Submitted process > filter_baf_lrr_files (filter_baf_lrr_batch)
May-26 02:09:16.138 [Task submitter] DEBUG nextflow.executor.GridTaskHandler - [SLURM] submitted process filter_baf_lrr_files (filter_baf_lrr_batch) > jobId: 13237139; workDir: /lustre09/project/6008022/mame20/WGS_pipeline/work/c3/27b468737f8f05d766d350a677cd42
May-26 02:09:16.138 [Task submitter] INFO  nextflow.Session - [c3/27b468] Submitted process > filter_baf_lrr_files (filter_baf_lrr_batch)
May-26 02:09:22.125 [Task submitter] DEBUG nextflow.executor.GridTaskHandler - [SLURM] submitted process filter_baf_lrr_files (filter_baf_lrr_batch) > jobId: 13237140; workDir: /lustre09/project/6008022/mame20/WGS_pipeline/work/f0/ac9107262e89bf76734e90a464e6a7
May-26 02:09:22.125 [Task submitter] INFO  nextflow.Session - [f0/ac9107] Submitted process > filter_baf_lrr_files (filter_baf_lrr_batch)
May-26 02:09:28.109 [Task submitter] DEBUG nextflow.executor.GridTaskHandler - [SLURM] submitted process filter_baf_lrr_files (filter_baf_lrr_batch) > jobId: 13237142; workDir: /lustre09/project/6008022/mame20/WGS_pipeline/work/ff/37c79ca66be00ad59ce62f7385597d
May-26 02:09:28.109 [Task submitter] INFO  nextflow.Session - [ff/37c79c] Submitted process > filter_baf_lrr_files (filter_baf_lrr_batch)
May-26 02:09:34.135 [Task submitter] DEBUG nextflow.executor.GridTaskHandler - [SLURM] submitted process filter_baf_lrr_files (filter_baf_lrr_batch) > jobId: 13237143; workDir: /lustre09/project/6008022/mame20/WGS_pipeline/work/e7/634738ad78cf97cad24f3dd906cc53
May-26 02:09:34.135 [Task submitter] INFO  nextflow.Session - [e7/634738] Submitted process > filter_baf_lrr_files (filter_baf_lrr_batch)
May-26 02:09:40.106 [Task submitter] DEBUG nextflow.executor.GridTaskHandler - [SLURM] submitted process filter_baf_lrr_files (filter_baf_lrr_batch) > jobId: 13237144; workDir: /lustre09/project/6008022/mame20/WGS_pipeline/work/f3/020983869480954f7d8e723feed29f
May-26 02:09:40.106 [Task submitter] INFO  nextflow.Session - [f3/020983] Submitted process > filter_baf_lrr_files (filter_baf_lrr_batch)
May-26 02:09:46.132 [Task submitter] DEBUG nextflow.executor.GridTaskHandler - [SLURM] submitted process filter_baf_lrr_files (filter_baf_lrr_batch) > jobId: 13237146; workDir: /lustre09/project/6008022/mame20/WGS_pipeline/work/ea/70aacadd15293a53f108d9affefa67
May-26 02:09:46.132 [Task submitter] INFO  nextflow.Session - [ea/70aaca] Submitted process > filter_baf_lrr_files (filter_baf_lrr_batch)
May-26 02:09:52.107 [Task submitter] DEBUG nextflow.executor.GridTaskHandler - [SLURM] submitted process filter_baf_lrr_files (filter_baf_lrr_batch) > jobId: 13237147; workDir: /lustre09/project/6008022/mame20/WGS_pipeline/work/86/6fd17b397dfc4439969603c9c9f606
May-26 02:09:52.107 [Task submitter] INFO  nextflow.Session - [86/6fd17b] Submitted process > filter_baf_lrr_files (filter_baf_lrr_batch)
May-26 02:09:58.109 [Task submitter] DEBUG nextflow.executor.GridTaskHandler - [SLURM] submitted process filter_baf_lrr_files (filter_baf_lrr_batch) > jobId: 13237148; workDir: /lustre09/project/6008022/mame20/WGS_pipeline/work/21/8aeb79966c04cd4c46221648deb081
May-26 02:09:58.110 [Task submitter] INFO  nextflow.Session - [21/8aeb79] Submitted process > filter_baf_lrr_files (filter_baf_lrr_batch)
May-26 02:10:04.108 [Task submitter] DEBUG nextflow.executor.GridTaskHandler - [SLURM] submitted process filter_baf_lrr_files (filter_baf_lrr_batch) > jobId: 13237150; workDir: /lustre09/project/6008022/mame20/WGS_pipeline/work/9c/92fde183881591c23e5ce8430cb985
May-26 02:10:04.108 [Task submitter] INFO  nextflow.Session - [9c/92fde1] Submitted process > filter_baf_lrr_files (filter_baf_lrr_batch)
May-26 02:10:10.121 [Task submitter] DEBUG nextflow.executor.GridTaskHandler - [SLURM] submitted process filter_baf_lrr_files (filter_baf_lrr_batch) > jobId: 13237152; workDir: /lustre09/project/6008022/mame20/WGS_pipeline/work/1f/d562245816367c2dc76a9f5a5dcf81
May-26 02:10:10.121 [Task submitter] INFO  nextflow.Session - [1f/d56224] Submitted process > filter_baf_lrr_files (filter_baf_lrr_batch)
May-26 02:10:16.105 [Task submitter] DEBUG nextflow.executor.GridTaskHandler - [SLURM] submitted process filter_baf_lrr_files (filter_baf_lrr_batch) > jobId: 13237153; workDir: /lustre09/project/6008022/mame20/WGS_pipeline/work/57/c5064b1d782462b13d63af7cd5c200
May-26 02:10:16.106 [Task submitter] INFO  nextflow.Session - [57/c5064b] Submitted process > filter_baf_lrr_files (filter_baf_lrr_batch)
May-26 02:10:22.124 [Task submitter] DEBUG nextflow.executor.GridTaskHandler - [SLURM] submitted process filter_baf_lrr_files (filter_baf_lrr_batch) > jobId: 13237269; workDir: /lustre09/project/6008022/mame20/WGS_pipeline/work/cf/ff4cd65623d5e03d9fd16ddd01cb01
May-26 02:10:22.124 [Task submitter] INFO  nextflow.Session - [cf/ff4cd6] Submitted process > filter_baf_lrr_files (filter_baf_lrr_batch)
May-26 02:10:28.106 [Task submitter] DEBUG nextflow.executor.GridTaskHandler - [SLURM] submitted process filter_baf_lrr_files (filter_baf_lrr_batch) > jobId: 13237270; workDir: /lustre09/project/6008022/mame20/WGS_pipeline/work/23/ad53710e45c9883f77a15fb36d62bf
May-26 02:10:28.106 [Task submitter] INFO  nextflow.Session - [23/ad5371] Submitted process > filter_baf_lrr_files (filter_baf_lrr_batch)
May-26 02:10:34.132 [Task submitter] DEBUG nextflow.executor.GridTaskHandler - [SLURM] submitted process filter_baf_lrr_files (filter_baf_lrr_batch) > jobId: 13237273; workDir: /lustre09/project/6008022/mame20/WGS_pipeline/work/78/4da5a970044532fb3f075ea9f6ccaf
May-26 02:10:34.132 [Task submitter] INFO  nextflow.Session - [78/4da5a9] Submitted process > filter_baf_lrr_files (filter_baf_lrr_batch)
May-26 02:10:38.029 [Task monitor] DEBUG n.processor.TaskPollingMonitor - !! executor slurm > tasks to be completed: 23 -- submitted tasks are shown below
~> TaskHandler[jobId: 13237126; id: 190; name: filter_baf_lrr_files (filter_baf_lrr_batch); status: RUNNING; exit: -; error: -; workDir: /lustre09/project/6008022/mame20/WGS_pipeline/work/80/b228893b701af33c4bd282e0093a02 started: 1779775708029; exited: -; ]
~> TaskHandler[jobId: 13237128; id: 192; name: filter_baf_lrr_files (filter_baf_lrr_batch); status: RUNNING; exit: -; error: -; workDir: /lustre09/project/6008022/mame20/WGS_pipeline/work/05/87bcd6706521e28fe5fdbe8ed4c8ec started: 1779775713029; exited: -; ]
~> TaskHandler[jobId: 13237129; id: 191; name: filter_baf_lrr_files (filter_baf_lrr_batch); status: RUNNING; exit: -; error: -; workDir: /lustre09/project/6008022/mame20/WGS_pipeline/work/ca/45aec8596ceac4b00630a68ee16620 started: 1779775718029; exited: -; ]
~> TaskHandler[jobId: 13237130; id: 193; name: filter_baf_lrr_files (filter_baf_lrr_batch); status: RUNNING; exit: -; error: -; workDir: /lustre09/project/6008022/mame20/WGS_pipeline/work/c2/ed0d2d85a77f58fdb4160a25835a8f started: 1779775728029; exited: -; ]
~> TaskHandler[jobId: 13237132; id: 194; name: filter_baf_lrr_files (filter_baf_lrr_batch); status: RUNNING; exit: -; error: -; workDir: /lustre09/project/6008022/mame20/WGS_pipeline/work/cd/1316a255ded675c431622cff155c1d started: 1779775728030; exited: -; ]
~> TaskHandler[jobId: 13237134; id: 196; name: filter_baf_lrr_files (filter_baf_lrr_batch); status: RUNNING; exit: -; error: -; workDir: /lustre09/project/6008022/mame20/WGS_pipeline/work/56/d11f62e96b0bb35bb7fbb8551dddbc started: 1779775738029; exited: -; ]
~> TaskHandler[jobId: 13237135; id: 195; name: filter_baf_lrr_files (filter_baf_lrr_batch); status: RUNNING; exit: -; error: -; workDir: /lustre09/project/6008022/mame20/WGS_pipeline/work/22/499d503b2ff2dc96e1ed07758e23e7 started: 1779775743030; exited: -; ]
~> TaskHandler[jobId: 13237136; id: 197; name: filter_baf_lrr_files (filter_baf_lrr_batch); status: RUNNING; exit: -; error: -; workDir: /lustre09/project/6008022/mame20/WGS_pipeline/work/e7/2b7e59b840a24a7083a71f6d1501c1 started: 1779775748030; exited: -; ]
~> TaskHandler[jobId: 13237138; id: 198; name: filter_baf_lrr_files (filter_baf_lrr_batch); status: RUNNING; exit: -; error: -; workDir: /lustre09/project/6008022/mame20/WGS_pipeline/work/6f/52954cea64c32f0c8a0e54e340b6ac started: 1779775758055; exited: -; ]
~> TaskHandler[jobId: 13237139; id: 200; name: filter_baf_lrr_files (filter_baf_lrr_batch); status: RUNNING; exit: -; error: -; workDir: /lustre09/project/6008022/mame20/WGS_pipeline/work/c3/27b468737f8f05d766d350a677cd42 started: 1779775758056; exited: -; ]
.. remaining tasks omitted.
May-26 02:10:40.151 [Task submitter] DEBUG nextflow.executor.GridTaskHandler - [SLURM] submitted process filter_baf_lrr_files (filter_baf_lrr_batch) > jobId: 13237275; workDir: /lustre09/project/6008022/mame20/WGS_pipeline/work/34/26b95ca7a6bc53710fb080a76c725a
May-26 02:10:40.151 [Task submitter] INFO  nextflow.Session - [34/26b95c] Submitted process > filter_baf_lrr_files (filter_baf_lrr_batch)
May-26 02:10:46.104 [Task submitter] DEBUG nextflow.executor.GridTaskHandler - [SLURM] submitted process filter_baf_lrr_files (filter_baf_lrr_batch) > jobId: 13237276; workDir: /lustre09/project/6008022/mame20/WGS_pipeline/work/13/4c90f5efe350baf6162d71e875f335
May-26 02:10:46.104 [Task submitter] INFO  nextflow.Session - [13/4c90f5] Submitted process > filter_baf_lrr_files (filter_baf_lrr_batch)
May-26 02:10:52.106 [Task submitter] DEBUG nextflow.executor.GridTaskHandler - [SLURM] submitted process filter_baf_lrr_files (filter_baf_lrr_batch) > jobId: 13237277; workDir: /lustre09/project/6008022/mame20/WGS_pipeline/work/07/953bb7318b2acd04aee61fe1cf888f
May-26 02:10:52.106 [Task submitter] INFO  nextflow.Session - [07/953bb7] Submitted process > filter_baf_lrr_files (filter_baf_lrr_batch)
May-26 02:10:58.119 [Task submitter] DEBUG nextflow.executor.GridTaskHandler - [SLURM] submitted process filter_baf_lrr_files (filter_baf_lrr_batch) > jobId: 13237278; workDir: /lustre09/project/6008022/mame20/WGS_pipeline/work/89/fc3b03068395d2b9516f897e11d7bb
May-26 02:10:58.119 [Task submitter] INFO  nextflow.Session - [89/fc3b03] Submitted process > filter_baf_lrr_files (filter_baf_lrr_batch)
May-26 02:11:04.124 [Task submitter] DEBUG nextflow.executor.GridTaskHandler - [SLURM] submitted process filter_baf_lrr_files (filter_baf_lrr_batch) > jobId: 13237279; workDir: /lustre09/project/6008022/mame20/WGS_pipeline/work/44/1fa4ac988345cb539b034520375141
May-26 02:11:04.124 [Task submitter] INFO  nextflow.Session - [44/1fa4ac] Submitted process > filter_baf_lrr_files (filter_baf_lrr_batch)
May-26 02:11:10.106 [Task submitter] DEBUG nextflow.executor.GridTaskHandler - [SLURM] submitted process filter_baf_lrr_files (filter_baf_lrr_batch) > jobId: 13237280; workDir: /lustre09/project/6008022/mame20/WGS_pipeline/work/6f/c624ee77e1895e00016fdcf8662e1c
May-26 02:11:10.107 [Task submitter] INFO  nextflow.Session - [6f/c624ee] Submitted process > filter_baf_lrr_files (filter_baf_lrr_batch)
May-26 02:11:16.104 [Task submitter] DEBUG nextflow.executor.GridTaskHandler - [SLURM] submitted process filter_baf_lrr_files (filter_baf_lrr_batch) > jobId: 13237282; workDir: /lustre09/project/6008022/mame20/WGS_pipeline/work/ec/7cde2d477d715529853e76c2cf25aa
May-26 02:11:16.104 [Task submitter] INFO  nextflow.Session - [ec/7cde2d] Submitted process > filter_baf_lrr_files (filter_baf_lrr_batch)
May-26 02:11:22.124 [Task submitter] DEBUG nextflow.executor.GridTaskHandler - [SLURM] submitted process filter_baf_lrr_files (filter_baf_lrr_batch) > jobId: 13237283; workDir: /lustre09/project/6008022/mame20/WGS_pipeline/work/cd/769ea7475611abad41643753f989a4
May-26 02:11:22.124 [Task submitter] INFO  nextflow.Session - [cd/769ea7] Submitted process > filter_baf_lrr_files (filter_baf_lrr_batch)
May-26 02:11:28.141 [Task submitter] DEBUG nextflow.executor.GridTaskHandler - [SLURM] submitted process filter_baf_lrr_files (filter_baf_lrr_batch) > jobId: 13237285; workDir: /lustre09/project/6008022/mame20/WGS_pipeline/work/fb/cd098a2f5e29ecbc534999f2c918ba
May-26 02:11:28.142 [Task submitter] INFO  nextflow.Session - [fb/cd098a] Submitted process > filter_baf_lrr_files (filter_baf_lrr_batch)
May-26 02:11:35.369 [Task submitter] DEBUG nextflow.executor.GridTaskHandler - [SLURM] submitted process filter_baf_lrr_files (filter_baf_lrr_batch) > jobId: 13237290; workDir: /lustre09/project/6008022/mame20/WGS_pipeline/work/42/b5179bcb343336b4cf4b88aea320aa
May-26 02:11:35.369 [Task submitter] INFO  nextflow.Session - [42/b5179b] Submitted process > filter_baf_lrr_files (filter_baf_lrr_batch)
May-26 02:11:40.107 [Task submitter] DEBUG nextflow.executor.GridTaskHandler - [SLURM] submitted process filter_baf_lrr_files (filter_baf_lrr_batch) > jobId: 13237404; workDir: /lustre09/project/6008022/mame20/WGS_pipeline/work/35/cb64e48711b2f302eed655d5c6ba1a
May-26 02:11:40.108 [Task submitter] INFO  nextflow.Session - [35/cb64e4] Submitted process > filter_baf_lrr_files (filter_baf_lrr_batch)
May-26 02:11:46.133 [Task submitter] DEBUG nextflow.executor.GridTaskHandler - [SLURM] submitted process filter_baf_lrr_files (filter_baf_lrr_batch) > jobId: 13237407; workDir: /lustre09/project/6008022/mame20/WGS_pipeline/work/37/38a125e7782e1bf61386a622f269b3
May-26 02:11:46.134 [Task submitter] INFO  nextflow.Session - [37/38a125] Submitted process > filter_baf_lrr_files (filter_baf_lrr_batch)
May-26 02:11:52.114 [Task submitter] DEBUG nextflow.executor.GridTaskHandler - [SLURM] submitted process filter_baf_lrr_files (filter_baf_lrr_batch) > jobId: 13237408; workDir: /lustre09/project/6008022/mame20/WGS_pipeline/work/e9/e8901e9d9305e1b83500e27db8a3f1
May-26 02:11:52.114 [Task submitter] INFO  nextflow.Session - [e9/e8901e] Submitted process > filter_baf_lrr_files (filter_baf_lrr_batch)
May-26 02:11:58.121 [Task submitter] DEBUG nextflow.executor.GridTaskHandler - [SLURM] submitted process filter_baf_lrr_files (filter_baf_lrr_batch) > jobId: 13237409; workDir: /lustre09/project/6008022/mame20/WGS_pipeline/work/77/9689557034a4a434da0b5b1b6c60ec
May-26 02:11:58.121 [Task submitter] INFO  nextflow.Session - [77/968955] Submitted process > filter_baf_lrr_files (filter_baf_lrr_batch)
May-26 02:12:04.104 [Task submitter] DEBUG nextflow.executor.GridTaskHandler - [SLURM] submitted process filter_baf_lrr_files (filter_baf_lrr_batch) > jobId: 13237411; workDir: /lustre09/project/6008022/mame20/WGS_pipeline/work/3c/830deac0024b289212e9b1886ab87b
May-26 02:12:04.104 [Task submitter] INFO  nextflow.Session - [3c/830dea] Submitted process > filter_baf_lrr_files (filter_baf_lrr_batch)
May-26 02:12:10.107 [Task submitter] DEBUG nextflow.executor.GridTaskHandler - [SLURM] submitted process filter_baf_lrr_files (filter_baf_lrr_batch) > jobId: 13237412; workDir: /lustre09/project/6008022/mame20/WGS_pipeline/work/d6/bcc91e2912024dec9e0a5bff6ca5b7
May-26 02:12:10.107 [Task submitter] INFO  nextflow.Session - [d6/bcc91e] Submitted process > filter_baf_lrr_files (filter_baf_lrr_batch)
May-26 02:12:16.113 [Task submitter] DEBUG nextflow.executor.GridTaskHandler - [SLURM] submitted process filter_baf_lrr_files (filter_baf_lrr_batch) > jobId: 13237415; workDir: /lustre09/project/6008022/mame20/WGS_pipeline/work/c6/8ec9173211fb9591c9fbde3855bb2c
May-26 02:12:16.114 [Task submitter] INFO  nextflow.Session - [c6/8ec917] Submitted process > filter_baf_lrr_files (filter_baf_lrr_batch)
May-26 02:12:22.111 [Task submitter] DEBUG nextflow.executor.GridTaskHandler - [SLURM] submitted process filter_baf_lrr_files (filter_baf_lrr_batch) > jobId: 13237417; workDir: /lustre09/project/6008022/mame20/WGS_pipeline/work/86/fa312f75aa9edad6d1530f49797f9c
May-26 02:12:22.111 [Task submitter] INFO  nextflow.Session - [86/fa312f] Submitted process > filter_baf_lrr_files (filter_baf_lrr_batch)
May-26 02:12:28.127 [Task submitter] DEBUG nextflow.executor.GridTaskHandler - [SLURM] submitted process filter_baf_lrr_files (filter_baf_lrr_batch) > jobId: 13237419; workDir: /lustre09/project/6008022/mame20/WGS_pipeline/work/62/f8516225d859118ac55e55a57b6837
May-26 02:12:28.127 [Task submitter] INFO  nextflow.Session - [62/f85162] Submitted process > filter_baf_lrr_files (filter_baf_lrr_batch)
May-26 02:12:34.108 [Task submitter] DEBUG nextflow.executor.GridTaskHandler - [SLURM] submitted process filter_baf_lrr_files (filter_baf_lrr_batch) > jobId: 13237420; workDir: /lustre09/project/6008022/mame20/WGS_pipeline/work/f2/244a5e0b23f6e2c7b3023434a406da
May-26 02:12:34.108 [Task submitter] INFO  nextflow.Session - [f2/244a5e] Submitted process > filter_baf_lrr_files (filter_baf_lrr_batch)
May-26 02:12:40.106 [Task submitter] DEBUG nextflow.executor.GridTaskHandler - [SLURM] submitted process filter_baf_lrr_files (filter_baf_lrr_batch) > jobId: 13237421; workDir: /lustre09/project/6008022/mame20/WGS_pipeline/work/b0/61a774f462101edab93d193116f900
May-26 02:12:40.107 [Task submitter] INFO  nextflow.Session - [b0/61a774] Submitted process > filter_baf_lrr_files (filter_baf_lrr_batch)
May-26 02:12:46.124 [Task submitter] DEBUG nextflow.executor.GridTaskHandler - [SLURM] submitted process filter_baf_lrr_files (filter_baf_lrr_batch) > jobId: 13237423; workDir: /lustre09/project/6008022/mame20/WGS_pipeline/work/6c/f9e2f3335be94f31ed8192a4fc9db4
May-26 02:12:46.124 [Task submitter] INFO  nextflow.Session - [6c/f9e2f3] Submitted process > filter_baf_lrr_files (filter_baf_lrr_batch)
May-26 02:12:52.120 [Task submitter] DEBUG nextflow.executor.GridTaskHandler - [SLURM] submitted process filter_baf_lrr_files (filter_baf_lrr_batch) > jobId: 13237424; workDir: /lustre09/project/6008022/mame20/WGS_pipeline/work/5a/00279b9a14ea3feb0bf88f938db09e
May-26 02:12:52.120 [Task submitter] INFO  nextflow.Session - [5a/00279b] Submitted process > filter_baf_lrr_files (filter_baf_lrr_batch)
May-26 02:12:58.123 [Task submitter] DEBUG nextflow.executor.GridTaskHandler - [SLURM] submitted process filter_baf_lrr_files (filter_baf_lrr_batch) > jobId: 13237425; workDir: /lustre09/project/6008022/mame20/WGS_pipeline/work/6d/ce1ef1c418a16ebe69947eee4db008
May-26 02:12:58.124 [Task submitter] INFO  nextflow.Session - [6d/ce1ef1] Submitted process > filter_baf_lrr_files (filter_baf_lrr_batch)
May-26 02:13:04.106 [Task submitter] DEBUG nextflow.executor.GridTaskHandler - [SLURM] submitted process filter_baf_lrr_files (filter_baf_lrr_batch) > jobId: 13237426; workDir: /lustre09/project/6008022/mame20/WGS_pipeline/work/5e/f8b50b7e55d436059fa8e4bcf07807
May-26 02:13:04.106 [Task submitter] INFO  nextflow.Session - [5e/f8b50b] Submitted process > filter_baf_lrr_files (filter_baf_lrr_batch)
May-26 02:13:10.122 [Task submitter] DEBUG nextflow.executor.GridTaskHandler - [SLURM] submitted process filter_baf_lrr_files (filter_baf_lrr_batch) > jobId: 13237428; workDir: /lustre09/project/6008022/mame20/WGS_pipeline/work/24/4a46b33f834092a34748357a2d532d
May-26 02:13:10.122 [Task submitter] INFO  nextflow.Session - [24/4a46b3] Submitted process > filter_baf_lrr_files (filter_baf_lrr_batch)
May-26 02:13:16.141 [Task submitter] DEBUG nextflow.executor.GridTaskHandler - [SLURM] submitted process filter_baf_lrr_files (filter_baf_lrr_batch) > jobId: 13237430; workDir: /lustre09/project/6008022/mame20/WGS_pipeline/work/60/c37fc58bd816c742b8af6f29884d34
May-26 02:13:16.141 [Task submitter] INFO  nextflow.Session - [60/c37fc5] Submitted process > filter_baf_lrr_files (filter_baf_lrr_batch)
May-26 02:13:22.103 [Task submitter] DEBUG nextflow.executor.GridTaskHandler - [SLURM] submitted process filter_baf_lrr_files (filter_baf_lrr_batch) > jobId: 13237436; workDir: /lustre09/project/6008022/mame20/WGS_pipeline/work/8c/13f7e0199ac76de3405e537ac85950
May-26 02:13:22.103 [Task submitter] INFO  nextflow.Session - [8c/13f7e0] Submitted process > filter_baf_lrr_files (filter_baf_lrr_batch)
May-26 02:15:38.041 [Task monitor] DEBUG n.processor.TaskPollingMonitor - !! executor slurm > tasks to be completed: 51 -- submitted tasks are shown below
~> TaskHandler[jobId: 13237126; id: 190; name: filter_baf_lrr_files (filter_baf_lrr_batch); status: RUNNING; exit: -; error: -; workDir: /lustre09/project/6008022/mame20/WGS_pipeline/work/80/b228893b701af33c4bd282e0093a02 started: 1779775708029; exited: -; ]
~> TaskHandler[jobId: 13237128; id: 192; name: filter_baf_lrr_files (filter_baf_lrr_batch); status: RUNNING; exit: -; error: -; workDir: /lustre09/project/6008022/mame20/WGS_pipeline/work/05/87bcd6706521e28fe5fdbe8ed4c8ec started: 1779775713029; exited: -; ]
~> TaskHandler[jobId: 13237129; id: 191; name: filter_baf_lrr_files (filter_baf_lrr_batch); status: RUNNING; exit: -; error: -; workDir: /lustre09/project/6008022/mame20/WGS_pipeline/work/ca/45aec8596ceac4b00630a68ee16620 started: 1779775718029; exited: -; ]
~> TaskHandler[jobId: 13237130; id: 193; name: filter_baf_lrr_files (filter_baf_lrr_batch); status: RUNNING; exit: -; error: -; workDir: /lustre09/project/6008022/mame20/WGS_pipeline/work/c2/ed0d2d85a77f58fdb4160a25835a8f started: 1779775728029; exited: -; ]
~> TaskHandler[jobId: 13237132; id: 194; name: filter_baf_lrr_files (filter_baf_lrr_batch); status: RUNNING; exit: -; error: -; workDir: /lustre09/project/6008022/mame20/WGS_pipeline/work/cd/1316a255ded675c431622cff155c1d started: 1779775728030; exited: -; ]
~> TaskHandler[jobId: 13237134; id: 196; name: filter_baf_lrr_files (filter_baf_lrr_batch); status: RUNNING; exit: -; error: -; workDir: /lustre09/project/6008022/mame20/WGS_pipeline/work/56/d11f62e96b0bb35bb7fbb8551dddbc started: 1779775738029; exited: -; ]
~> TaskHandler[jobId: 13237135; id: 195; name: filter_baf_lrr_files (filter_baf_lrr_batch); status: RUNNING; exit: -; error: -; workDir: /lustre09/project/6008022/mame20/WGS_pipeline/work/22/499d503b2ff2dc96e1ed07758e23e7 started: 1779775743030; exited: -; ]
~> TaskHandler[jobId: 13237136; id: 197; name: filter_baf_lrr_files (filter_baf_lrr_batch); status: RUNNING; exit: -; error: -; workDir: /lustre09/project/6008022/mame20/WGS_pipeline/work/e7/2b7e59b840a24a7083a71f6d1501c1 started: 1779775748030; exited: -; ]
~> TaskHandler[jobId: 13237138; id: 198; name: filter_baf_lrr_files (filter_baf_lrr_batch); status: RUNNING; exit: -; error: -; workDir: /lustre09/project/6008022/mame20/WGS_pipeline/work/6f/52954cea64c32f0c8a0e54e340b6ac started: 1779775758055; exited: -; ]
~> TaskHandler[jobId: 13237139; id: 200; name: filter_baf_lrr_files (filter_baf_lrr_batch); status: RUNNING; exit: -; error: -; workDir: /lustre09/project/6008022/mame20/WGS_pipeline/work/c3/27b468737f8f05d766d350a677cd42 started: 1779775758056; exited: -; ]
.. remaining tasks omitted.
May-26 02:20:38.049 [Task monitor] DEBUG n.processor.TaskPollingMonitor - !! executor slurm > tasks to be completed: 51 -- submitted tasks are shown below
~> TaskHandler[jobId: 13237126; id: 190; name: filter_baf_lrr_files (filter_baf_lrr_batch); status: RUNNING; exit: -; error: -; workDir: /lustre09/project/6008022/mame20/WGS_pipeline/work/80/b228893b701af33c4bd282e0093a02 started: 1779775708029; exited: -; ]
~> TaskHandler[jobId: 13237128; id: 192; name: filter_baf_lrr_files (filter_baf_lrr_batch); status: RUNNING; exit: -; error: -; workDir: /lustre09/project/6008022/mame20/WGS_pipeline/work/05/87bcd6706521e28fe5fdbe8ed4c8ec started: 1779775713029; exited: -; ]
~> TaskHandler[jobId: 13237129; id: 191; name: filter_baf_lrr_files (filter_baf_lrr_batch); status: RUNNING; exit: -; error: -; workDir: /lustre09/project/6008022/mame20/WGS_pipeline/work/ca/45aec8596ceac4b00630a68ee16620 started: 1779775718029; exited: -; ]
~> TaskHandler[jobId: 13237130; id: 193; name: filter_baf_lrr_files (filter_baf_lrr_batch); status: RUNNING; exit: -; error: -; workDir: /lustre09/project/6008022/mame20/WGS_pipeline/work/c2/ed0d2d85a77f58fdb4160a25835a8f started: 1779775728029; exited: -; ]
~> TaskHandler[jobId: 13237132; id: 194; name: filter_baf_lrr_files (filter_baf_lrr_batch); status: RUNNING; exit: -; error: -; workDir: /lustre09/project/6008022/mame20/WGS_pipeline/work/cd/1316a255ded675c431622cff155c1d started: 1779775728030; exited: -; ]
~> TaskHandler[jobId: 13237134; id: 196; name: filter_baf_lrr_files (filter_baf_lrr_batch); status: RUNNING; exit: -; error: -; workDir: /lustre09/project/6008022/mame20/WGS_pipeline/work/56/d11f62e96b0bb35bb7fbb8551dddbc started: 1779775738029; exited: -; ]
~> TaskHandler[jobId: 13237135; id: 195; name: filter_baf_lrr_files (filter_baf_lrr_batch); status: RUNNING; exit: -; error: -; workDir: /lustre09/project/6008022/mame20/WGS_pipeline/work/22/499d503b2ff2dc96e1ed07758e23e7 started: 1779775743030; exited: -; ]
~> TaskHandler[jobId: 13237136; id: 197; name: filter_baf_lrr_files (filter_baf_lrr_batch); status: RUNNING; exit: -; error: -; workDir: /lustre09/project/6008022/mame20/WGS_pipeline/work/e7/2b7e59b840a24a7083a71f6d1501c1 started: 1779775748030; exited: -; ]
~> TaskHandler[jobId: 13237138; id: 198; name: filter_baf_lrr_files (filter_baf_lrr_batch); status: RUNNING; exit: -; error: -; workDir: /lustre09/project/6008022/mame20/WGS_pipeline/work/6f/52954cea64c32f0c8a0e54e340b6ac started: 1779775758055; exited: -; ]
~> TaskHandler[jobId: 13237139; id: 200; name: filter_baf_lrr_files (filter_baf_lrr_batch); status: RUNNING; exit: -; error: -; workDir: /lustre09/project/6008022/mame20/WGS_pipeline/work/c3/27b468737f8f05d766d350a677cd42 started: 1779775758056; exited: -; ]
.. remaining tasks omitted.
May-26 02:25:38.053 [Task monitor] DEBUG n.processor.TaskPollingMonitor - !! executor slurm > tasks to be completed: 51 -- submitted tasks are shown below
~> TaskHandler[jobId: 13237126; id: 190; name: filter_baf_lrr_files (filter_baf_lrr_batch); status: RUNNING; exit: -; error: -; workDir: /lustre09/project/6008022/mame20/WGS_pipeline/work/80/b228893b701af33c4bd282e0093a02 started: 1779775708029; exited: -; ]
~> TaskHandler[jobId: 13237128; id: 192; name: filter_baf_lrr_files (filter_baf_lrr_batch); status: RUNNING; exit: -; error: -; workDir: /lustre09/project/6008022/mame20/WGS_pipeline/work/05/87bcd6706521e28fe5fdbe8ed4c8ec started: 1779775713029; exited: -; ]
~> TaskHandler[jobId: 13237129; id: 191; name: filter_baf_lrr_files (filter_baf_lrr_batch); status: RUNNING; exit: -; error: -; workDir: /lustre09/project/6008022/mame20/WGS_pipeline/work/ca/45aec8596ceac4b00630a68ee16620 started: 1779775718029; exited: -; ]
~> TaskHandler[jobId: 13237130; id: 193; name: filter_baf_lrr_files (filter_baf_lrr_batch); status: RUNNING; exit: -; error: -; workDir: /lustre09/project/6008022/mame20/WGS_pipeline/work/c2/ed0d2d85a77f58fdb4160a25835a8f started: 1779775728029; exited: -; ]
~> TaskHandler[jobId: 13237132; id: 194; name: filter_baf_lrr_files (filter_baf_lrr_batch); status: RUNNING; exit: -; error: -; workDir: /lustre09/project/6008022/mame20/WGS_pipeline/work/cd/1316a255ded675c431622cff155c1d started: 1779775728030; exited: -; ]
~> TaskHandler[jobId: 13237134; id: 196; name: filter_baf_lrr_files (filter_baf_lrr_batch); status: RUNNING; exit: -; error: -; workDir: /lustre09/project/6008022/mame20/WGS_pipeline/work/56/d11f62e96b0bb35bb7fbb8551dddbc started: 1779775738029; exited: -; ]
~> TaskHandler[jobId: 13237135; id: 195; name: filter_baf_lrr_files (filter_baf_lrr_batch); status: RUNNING; exit: -; error: -; workDir: /lustre09/project/6008022/mame20/WGS_pipeline/work/22/499d503b2ff2dc96e1ed07758e23e7 started: 1779775743030; exited: -; ]
~> TaskHandler[jobId: 13237136; id: 197; name: filter_baf_lrr_files (filter_baf_lrr_batch); status: RUNNING; exit: -; error: -; workDir: /lustre09/project/6008022/mame20/WGS_pipeline/work/e7/2b7e59b840a24a7083a71f6d1501c1 started: 1779775748030; exited: -; ]
~> TaskHandler[jobId: 13237138; id: 198; name: filter_baf_lrr_files (filter_baf_lrr_batch); status: RUNNING; exit: -; error: -; workDir: /lustre09/project/6008022/mame20/WGS_pipeline/work/6f/52954cea64c32f0c8a0e54e340b6ac started: 1779775758055; exited: -; ]
~> TaskHandler[jobId: 13237139; id: 200; name: filter_baf_lrr_files (filter_baf_lrr_batch); status: RUNNING; exit: -; error: -; workDir: /lustre09/project/6008022/mame20/WGS_pipeline/work/c3/27b468737f8f05d766d350a677cd42 started: 1779775758056; exited: -; ]
.. remaining tasks omitted.
May-26 02:30:38.064 [Task monitor] DEBUG n.processor.TaskPollingMonitor - !! executor slurm > tasks to be completed: 51 -- submitted tasks are shown below
~> TaskHandler[jobId: 13237126; id: 190; name: filter_baf_lrr_files (filter_baf_lrr_batch); status: RUNNING; exit: -; error: -; workDir: /lustre09/project/6008022/mame20/WGS_pipeline/work/80/b228893b701af33c4bd282e0093a02 started: 1779775708029; exited: -; ]
~> TaskHandler[jobId: 13237128; id: 192; name: filter_baf_lrr_files (filter_baf_lrr_batch); status: RUNNING; exit: -; error: -; workDir: /lustre09/project/6008022/mame20/WGS_pipeline/work/05/87bcd6706521e28fe5fdbe8ed4c8ec started: 1779775713029; exited: -; ]
~> TaskHandler[jobId: 13237129; id: 191; name: filter_baf_lrr_files (filter_baf_lrr_batch); status: RUNNING; exit: -; error: -; workDir: /lustre09/project/6008022/mame20/WGS_pipeline/work/ca/45aec8596ceac4b00630a68ee16620 started: 1779775718029; exited: -; ]
~> TaskHandler[jobId: 13237130; id: 193; name: filter_baf_lrr_files (filter_baf_lrr_batch); status: RUNNING; exit: -; error: -; workDir: /lustre09/project/6008022/mame20/WGS_pipeline/work/c2/ed0d2d85a77f58fdb4160a25835a8f started: 1779775728029; exited: -; ]
~> TaskHandler[jobId: 13237132; id: 194; name: filter_baf_lrr_files (filter_baf_lrr_batch); status: RUNNING; exit: -; error: -; workDir: /lustre09/project/6008022/mame20/WGS_pipeline/work/cd/1316a255ded675c431622cff155c1d started: 1779775728030; exited: -; ]
~> TaskHandler[jobId: 13237134; id: 196; name: filter_baf_lrr_files (filter_baf_lrr_batch); status: RUNNING; exit: -; error: -; workDir: /lustre09/project/6008022/mame20/WGS_pipeline/work/56/d11f62e96b0bb35bb7fbb8551dddbc started: 1779775738029; exited: -; ]
~> TaskHandler[jobId: 13237135; id: 195; name: filter_baf_lrr_files (filter_baf_lrr_batch); status: RUNNING; exit: -; error: -; workDir: /lustre09/project/6008022/mame20/WGS_pipeline/work/22/499d503b2ff2dc96e1ed07758e23e7 started: 1779775743030; exited: -; ]
~> TaskHandler[jobId: 13237136; id: 197; name: filter_baf_lrr_files (filter_baf_lrr_batch); status: RUNNING; exit: -; error: -; workDir: /lustre09/project/6008022/mame20/WGS_pipeline/work/e7/2b7e59b840a24a7083a71f6d1501c1 started: 1779775748030; exited: -; ]
~> TaskHandler[jobId: 13237138; id: 198; name: filter_baf_lrr_files (filter_baf_lrr_batch); status: RUNNING; exit: -; error: -; workDir: /lustre09/project/6008022/mame20/WGS_pipeline/work/6f/52954cea64c32f0c8a0e54e340b6ac started: 1779775758055; exited: -; ]
~> TaskHandler[jobId: 13237139; id: 200; name: filter_baf_lrr_files (filter_baf_lrr_batch); status: RUNNING; exit: -; error: -; workDir: /lustre09/project/6008022/mame20/WGS_pipeline/work/c3/27b468737f8f05d766d350a677cd42 started: 1779775758056; exited: -; ]
.. remaining tasks omitted.
May-26 02:35:38.070 [Task monitor] DEBUG n.processor.TaskPollingMonitor - !! executor slurm > tasks to be completed: 51 -- submitted tasks are shown below
~> TaskHandler[jobId: 13237126; id: 190; name: filter_baf_lrr_files (filter_baf_lrr_batch); status: RUNNING; exit: -; error: -; workDir: /lustre09/project/6008022/mame20/WGS_pipeline/work/80/b228893b701af33c4bd282e0093a02 started: 1779775708029; exited: -; ]
~> TaskHandler[jobId: 13237128; id: 192; name: filter_baf_lrr_files (filter_baf_lrr_batch); status: RUNNING; exit: -; error: -; workDir: /lustre09/project/6008022/mame20/WGS_pipeline/work/05/87bcd6706521e28fe5fdbe8ed4c8ec started: 1779775713029; exited: -; ]
~> TaskHandler[jobId: 13237129; id: 191; name: filter_baf_lrr_files (filter_baf_lrr_batch); status: RUNNING; exit: -; error: -; workDir: /lustre09/project/6008022/mame20/WGS_pipeline/work/ca/45aec8596ceac4b00630a68ee16620 started: 1779775718029; exited: -; ]
~> TaskHandler[jobId: 13237130; id: 193; name: filter_baf_lrr_files (filter_baf_lrr_batch); status: RUNNING; exit: -; error: -; workDir: /lustre09/project/6008022/mame20/WGS_pipeline/work/c2/ed0d2d85a77f58fdb4160a25835a8f started: 1779775728029; exited: -; ]
~> TaskHandler[jobId: 13237132; id: 194; name: filter_baf_lrr_files (filter_baf_lrr_batch); status: RUNNING; exit: -; error: -; workDir: /lustre09/project/6008022/mame20/WGS_pipeline/work/cd/1316a255ded675c431622cff155c1d started: 1779775728030; exited: -; ]
~> TaskHandler[jobId: 13237134; id: 196; name: filter_baf_lrr_files (filter_baf_lrr_batch); status: RUNNING; exit: -; error: -; workDir: /lustre09/project/6008022/mame20/WGS_pipeline/work/56/d11f62e96b0bb35bb7fbb8551dddbc started: 1779775738029; exited: -; ]
~> TaskHandler[jobId: 13237135; id: 195; name: filter_baf_lrr_files (filter_baf_lrr_batch); status: RUNNING; exit: -; error: -; workDir: /lustre09/project/6008022/mame20/WGS_pipeline/work/22/499d503b2ff2dc96e1ed07758e23e7 started: 1779775743030; exited: -; ]
~> TaskHandler[jobId: 13237136; id: 197; name: filter_baf_lrr_files (filter_baf_lrr_batch); status: RUNNING; exit: -; error: -; workDir: /lustre09/project/6008022/mame20/WGS_pipeline/work/e7/2b7e59b840a24a7083a71f6d1501c1 started: 1779775748030; exited: -; ]
~> TaskHandler[jobId: 13237138; id: 198; name: filter_baf_lrr_files (filter_baf_lrr_batch); status: RUNNING; exit: -; error: -; workDir: /lustre09/project/6008022/mame20/WGS_pipeline/work/6f/52954cea64c32f0c8a0e54e340b6ac started: 1779775758055; exited: -; ]
~> TaskHandler[jobId: 13237139; id: 200; name: filter_baf_lrr_files (filter_baf_lrr_batch); status: RUNNING; exit: -; error: -; workDir: /lustre09/project/6008022/mame20/WGS_pipeline/work/c3/27b468737f8f05d766d350a677cd42 started: 1779775758056; exited: -; ]
.. remaining tasks omitted.
May-26 02:40:38.076 [Task monitor] DEBUG n.processor.TaskPollingMonitor - !! executor slurm > tasks to be completed: 51 -- submitted tasks are shown below
~> TaskHandler[jobId: 13237126; id: 190; name: filter_baf_lrr_files (filter_baf_lrr_batch); status: RUNNING; exit: -; error: -; workDir: /lustre09/project/6008022/mame20/WGS_pipeline/work/80/b228893b701af33c4bd282e0093a02 started: 1779775708029; exited: -; ]
~> TaskHandler[jobId: 13237128; id: 192; name: filter_baf_lrr_files (filter_baf_lrr_batch); status: RUNNING; exit: -; error: -; workDir: /lustre09/project/6008022/mame20/WGS_pipeline/work/05/87bcd6706521e28fe5fdbe8ed4c8ec started: 1779775713029; exited: -; ]
~> TaskHandler[jobId: 13237129; id: 191; name: filter_baf_lrr_files (filter_baf_lrr_batch); status: RUNNING; exit: -; error: -; workDir: /lustre09/project/6008022/mame20/WGS_pipeline/work/ca/45aec8596ceac4b00630a68ee16620 started: 1779775718029; exited: -; ]
~> TaskHandler[jobId: 13237130; id: 193; name: filter_baf_lrr_files (filter_baf_lrr_batch); status: RUNNING; exit: -; error: -; workDir: /lustre09/project/6008022/mame20/WGS_pipeline/work/c2/ed0d2d85a77f58fdb4160a25835a8f started: 1779775728029; exited: -; ]
~> TaskHandler[jobId: 13237132; id: 194; name: filter_baf_lrr_files (filter_baf_lrr_batch); status: RUNNING; exit: -; error: -; workDir: /lustre09/project/6008022/mame20/WGS_pipeline/work/cd/1316a255ded675c431622cff155c1d started: 1779775728030; exited: -; ]
~> TaskHandler[jobId: 13237134; id: 196; name: filter_baf_lrr_files (filter_baf_lrr_batch); status: RUNNING; exit: -; error: -; workDir: /lustre09/project/6008022/mame20/WGS_pipeline/work/56/d11f62e96b0bb35bb7fbb8551dddbc started: 1779775738029; exited: -; ]
~> TaskHandler[jobId: 13237135; id: 195; name: filter_baf_lrr_files (filter_baf_lrr_batch); status: RUNNING; exit: -; error: -; workDir: /lustre09/project/6008022/mame20/WGS_pipeline/work/22/499d503b2ff2dc96e1ed07758e23e7 started: 1779775743030; exited: -; ]
~> TaskHandler[jobId: 13237136; id: 197; name: filter_baf_lrr_files (filter_baf_lrr_batch); status: RUNNING; exit: -; error: -; workDir: /lustre09/project/6008022/mame20/WGS_pipeline/work/e7/2b7e59b840a24a7083a71f6d1501c1 started: 1779775748030; exited: -; ]
~> TaskHandler[jobId: 13237138; id: 198; name: filter_baf_lrr_files (filter_baf_lrr_batch); status: RUNNING; exit: -; error: -; workDir: /lustre09/project/6008022/mame20/WGS_pipeline/work/6f/52954cea64c32f0c8a0e54e340b6ac started: 1779775758055; exited: -; ]
~> TaskHandler[jobId: 13237139; id: 200; name: filter_baf_lrr_files (filter_baf_lrr_batch); status: RUNNING; exit: -; error: -; workDir: /lustre09/project/6008022/mame20/WGS_pipeline/work/c3/27b468737f8f05d766d350a677cd42 started: 1779775758056; exited: -; ]
.. remaining tasks omitted.
May-26 02:45:38.084 [Task monitor] DEBUG n.processor.TaskPollingMonitor - !! executor slurm > tasks to be completed: 51 -- submitted tasks are shown below
~> TaskHandler[jobId: 13237126; id: 190; name: filter_baf_lrr_files (filter_baf_lrr_batch); status: RUNNING; exit: -; error: -; workDir: /lustre09/project/6008022/mame20/WGS_pipeline/work/80/b228893b701af33c4bd282e0093a02 started: 1779775708029; exited: -; ]
~> TaskHandler[jobId: 13237128; id: 192; name: filter_baf_lrr_files (filter_baf_lrr_batch); status: RUNNING; exit: -; error: -; workDir: /lustre09/project/6008022/mame20/WGS_pipeline/work/05/87bcd6706521e28fe5fdbe8ed4c8ec started: 1779775713029; exited: -; ]
~> TaskHandler[jobId: 13237129; id: 191; name: filter_baf_lrr_files (filter_baf_lrr_batch); status: RUNNING; exit: -; error: -; workDir: /lustre09/project/6008022/mame20/WGS_pipeline/work/ca/45aec8596ceac4b00630a68ee16620 started: 1779775718029; exited: -; ]
~> TaskHandler[jobId: 13237130; id: 193; name: filter_baf_lrr_files (filter_baf_lrr_batch); status: RUNNING; exit: -; error: -; workDir: /lustre09/project/6008022/mame20/WGS_pipeline/work/c2/ed0d2d85a77f58fdb4160a25835a8f started: 1779775728029; exited: -; ]
~> TaskHandler[jobId: 13237132; id: 194; name: filter_baf_lrr_files (filter_baf_lrr_batch); status: RUNNING; exit: -; error: -; workDir: /lustre09/project/6008022/mame20/WGS_pipeline/work/cd/1316a255ded675c431622cff155c1d started: 1779775728030; exited: -; ]
~> TaskHandler[jobId: 13237134; id: 196; name: filter_baf_lrr_files (filter_baf_lrr_batch); status: RUNNING; exit: -; error: -; workDir: /lustre09/project/6008022/mame20/WGS_pipeline/work/56/d11f62e96b0bb35bb7fbb8551dddbc started: 1779775738029; exited: -; ]
~> TaskHandler[jobId: 13237135; id: 195; name: filter_baf_lrr_files (filter_baf_lrr_batch); status: RUNNING; exit: -; error: -; workDir: /lustre09/project/6008022/mame20/WGS_pipeline/work/22/499d503b2ff2dc96e1ed07758e23e7 started: 1779775743030; exited: -; ]
~> TaskHandler[jobId: 13237136; id: 197; name: filter_baf_lrr_files (filter_baf_lrr_batch); status: RUNNING; exit: -; error: -; workDir: /lustre09/project/6008022/mame20/WGS_pipeline/work/e7/2b7e59b840a24a7083a71f6d1501c1 started: 1779775748030; exited: -; ]
~> TaskHandler[jobId: 13237138; id: 198; name: filter_baf_lrr_files (filter_baf_lrr_batch); status: RUNNING; exit: -; error: -; workDir: /lustre09/project/6008022/mame20/WGS_pipeline/work/6f/52954cea64c32f0c8a0e54e340b6ac started: 1779775758055; exited: -; ]
~> TaskHandler[jobId: 13237139; id: 200; name: filter_baf_lrr_files (filter_baf_lrr_batch); status: RUNNING; exit: -; error: -; workDir: /lustre09/project/6008022/mame20/WGS_pipeline/work/c3/27b468737f8f05d766d350a677cd42 started: 1779775758056; exited: -; ]
.. remaining tasks omitted.
May-26 02:50:38.089 [Task monitor] DEBUG n.processor.TaskPollingMonitor - !! executor slurm > tasks to be completed: 51 -- submitted tasks are shown below
~> TaskHandler[jobId: 13237126; id: 190; name: filter_baf_lrr_files (filter_baf_lrr_batch); status: RUNNING; exit: -; error: -; workDir: /lustre09/project/6008022/mame20/WGS_pipeline/work/80/b228893b701af33c4bd282e0093a02 started: 1779775708029; exited: -; ]
~> TaskHandler[jobId: 13237128; id: 192; name: filter_baf_lrr_files (filter_baf_lrr_batch); status: RUNNING; exit: -; error: -; workDir: /lustre09/project/6008022/mame20/WGS_pipeline/work/05/87bcd6706521e28fe5fdbe8ed4c8ec started: 1779775713029; exited: -; ]
~> TaskHandler[jobId: 13237129; id: 191; name: filter_baf_lrr_files (filter_baf_lrr_batch); status: RUNNING; exit: -; error: -; workDir: /lustre09/project/6008022/mame20/WGS_pipeline/work/ca/45aec8596ceac4b00630a68ee16620 started: 1779775718029; exited: -; ]
~> TaskHandler[jobId: 13237130; id: 193; name: filter_baf_lrr_files (filter_baf_lrr_batch); status: RUNNING; exit: -; error: -; workDir: /lustre09/project/6008022/mame20/WGS_pipeline/work/c2/ed0d2d85a77f58fdb4160a25835a8f started: 1779775728029; exited: -; ]
~> TaskHandler[jobId: 13237132; id: 194; name: filter_baf_lrr_files (filter_baf_lrr_batch); status: RUNNING; exit: -; error: -; workDir: /lustre09/project/6008022/mame20/WGS_pipeline/work/cd/1316a255ded675c431622cff155c1d started: 1779775728030; exited: -; ]
~> TaskHandler[jobId: 13237134; id: 196; name: filter_baf_lrr_files (filter_baf_lrr_batch); status: RUNNING; exit: -; error: -; workDir: /lustre09/project/6008022/mame20/WGS_pipeline/work/56/d11f62e96b0bb35bb7fbb8551dddbc started: 1779775738029; exited: -; ]
~> TaskHandler[jobId: 13237135; id: 195; name: filter_baf_lrr_files (filter_baf_lrr_batch); status: RUNNING; exit: -; error: -; workDir: /lustre09/project/6008022/mame20/WGS_pipeline/work/22/499d503b2ff2dc96e1ed07758e23e7 started: 1779775743030; exited: -; ]
~> TaskHandler[jobId: 13237136; id: 197; name: filter_baf_lrr_files (filter_baf_lrr_batch); status: RUNNING; exit: -; error: -; workDir: /lustre09/project/6008022/mame20/WGS_pipeline/work/e7/2b7e59b840a24a7083a71f6d1501c1 started: 1779775748030; exited: -; ]
~> TaskHandler[jobId: 13237138; id: 198; name: filter_baf_lrr_files (filter_baf_lrr_batch); status: RUNNING; exit: -; error: -; workDir: /lustre09/project/6008022/mame20/WGS_pipeline/work/6f/52954cea64c32f0c8a0e54e340b6ac started: 1779775758055; exited: -; ]
~> TaskHandler[jobId: 13237139; id: 200; name: filter_baf_lrr_files (filter_baf_lrr_batch); status: RUNNING; exit: -; error: -; workDir: /lustre09/project/6008022/mame20/WGS_pipeline/work/c3/27b468737f8f05d766d350a677cd42 started: 1779775758056; exited: -; ]
.. remaining tasks omitted.
May-26 02:55:38.100 [Task monitor] DEBUG n.processor.TaskPollingMonitor - !! executor slurm > tasks to be completed: 51 -- submitted tasks are shown below
~> TaskHandler[jobId: 13237126; id: 190; name: filter_baf_lrr_files (filter_baf_lrr_batch); status: RUNNING; exit: -; error: -; workDir: /lustre09/project/6008022/mame20/WGS_pipeline/work/80/b228893b701af33c4bd282e0093a02 started: 1779775708029; exited: -; ]
~> TaskHandler[jobId: 13237128; id: 192; name: filter_baf_lrr_files (filter_baf_lrr_batch); status: RUNNING; exit: -; error: -; workDir: /lustre09/project/6008022/mame20/WGS_pipeline/work/05/87bcd6706521e28fe5fdbe8ed4c8ec started: 1779775713029; exited: -; ]
~> TaskHandler[jobId: 13237129; id: 191; name: filter_baf_lrr_files (filter_baf_lrr_batch); status: RUNNING; exit: -; error: -; workDir: /lustre09/project/6008022/mame20/WGS_pipeline/work/ca/45aec8596ceac4b00630a68ee16620 started: 1779775718029; exited: -; ]
~> TaskHandler[jobId: 13237130; id: 193; name: filter_baf_lrr_files (filter_baf_lrr_batch); status: RUNNING; exit: -; error: -; workDir: /lustre09/project/6008022/mame20/WGS_pipeline/work/c2/ed0d2d85a77f58fdb4160a25835a8f started: 1779775728029; exited: -; ]
~> TaskHandler[jobId: 13237132; id: 194; name: filter_baf_lrr_files (filter_baf_lrr_batch); status: RUNNING; exit: -; error: -; workDir: /lustre09/project/6008022/mame20/WGS_pipeline/work/cd/1316a255ded675c431622cff155c1d started: 1779775728030; exited: -; ]
~> TaskHandler[jobId: 13237134; id: 196; name: filter_baf_lrr_files (filter_baf_lrr_batch); status: RUNNING; exit: -; error: -; workDir: /lustre09/project/6008022/mame20/WGS_pipeline/work/56/d11f62e96b0bb35bb7fbb8551dddbc started: 1779775738029; exited: -; ]
~> TaskHandler[jobId: 13237135; id: 195; name: filter_baf_lrr_files (filter_baf_lrr_batch); status: RUNNING; exit: -; error: -; workDir: /lustre09/project/6008022/mame20/WGS_pipeline/work/22/499d503b2ff2dc96e1ed07758e23e7 started: 1779775743030; exited: -; ]
~> TaskHandler[jobId: 13237136; id: 197; name: filter_baf_lrr_files (filter_baf_lrr_batch); status: RUNNING; exit: -; error: -; workDir: /lustre09/project/6008022/mame20/WGS_pipeline/work/e7/2b7e59b840a24a7083a71f6d1501c1 started: 1779775748030; exited: -; ]
~> TaskHandler[jobId: 13237138; id: 198; name: filter_baf_lrr_files (filter_baf_lrr_batch); status: RUNNING; exit: -; error: -; workDir: /lustre09/project/6008022/mame20/WGS_pipeline/work/6f/52954cea64c32f0c8a0e54e340b6ac started: 1779775758055; exited: -; ]
~> TaskHandler[jobId: 13237139; id: 200; name: filter_baf_lrr_files (filter_baf_lrr_batch); status: RUNNING; exit: -; error: -; workDir: /lustre09/project/6008022/mame20/WGS_pipeline/work/c3/27b468737f8f05d766d350a677cd42 started: 1779775758056; exited: -; ]
.. remaining tasks omitted.
May-26 03:00:38.106 [Task monitor] DEBUG n.processor.TaskPollingMonitor - !! executor slurm > tasks to be completed: 51 -- submitted tasks are shown below
~> TaskHandler[jobId: 13237126; id: 190; name: filter_baf_lrr_files (filter_baf_lrr_batch); status: RUNNING; exit: -; error: -; workDir: /lustre09/project/6008022/mame20/WGS_pipeline/work/80/b228893b701af33c4bd282e0093a02 started: 1779775708029; exited: -; ]
~> TaskHandler[jobId: 13237128; id: 192; name: filter_baf_lrr_files (filter_baf_lrr_batch); status: RUNNING; exit: -; error: -; workDir: /lustre09/project/6008022/mame20/WGS_pipeline/work/05/87bcd6706521e28fe5fdbe8ed4c8ec started: 1779775713029; exited: -; ]
~> TaskHandler[jobId: 13237129; id: 191; name: filter_baf_lrr_files (filter_baf_lrr_batch); status: RUNNING; exit: -; error: -; workDir: /lustre09/project/6008022/mame20/WGS_pipeline/work/ca/45aec8596ceac4b00630a68ee16620 started: 1779775718029; exited: -; ]
~> TaskHandler[jobId: 13237130; id: 193; name: filter_baf_lrr_files (filter_baf_lrr_batch); status: RUNNING; exit: -; error: -; workDir: /lustre09/project/6008022/mame20/WGS_pipeline/work/c2/ed0d2d85a77f58fdb4160a25835a8f started: 1779775728029; exited: -; ]
~> TaskHandler[jobId: 13237132; id: 194; name: filter_baf_lrr_files (filter_baf_lrr_batch); status: RUNNING; exit: -; error: -; workDir: /lustre09/project/6008022/mame20/WGS_pipeline/work/cd/1316a255ded675c431622cff155c1d started: 1779775728030; exited: -; ]
~> TaskHandler[jobId: 13237134; id: 196; name: filter_baf_lrr_files (filter_baf_lrr_batch); status: RUNNING; exit: -; error: -; workDir: /lustre09/project/6008022/mame20/WGS_pipeline/work/56/d11f62e96b0bb35bb7fbb8551dddbc started: 1779775738029; exited: -; ]
~> TaskHandler[jobId: 13237135; id: 195; name: filter_baf_lrr_files (filter_baf_lrr_batch); status: RUNNING; exit: -; error: -; workDir: /lustre09/project/6008022/mame20/WGS_pipeline/work/22/499d503b2ff2dc96e1ed07758e23e7 started: 1779775743030; exited: -; ]
~> TaskHandler[jobId: 13237136; id: 197; name: filter_baf_lrr_files (filter_baf_lrr_batch); status: RUNNING; exit: -; error: -; workDir: /lustre09/project/6008022/mame20/WGS_pipeline/work/e7/2b7e59b840a24a7083a71f6d1501c1 started: 1779775748030; exited: -; ]
~> TaskHandler[jobId: 13237138; id: 198; name: filter_baf_lrr_files (filter_baf_lrr_batch); status: RUNNING; exit: -; error: -; workDir: /lustre09/project/6008022/mame20/WGS_pipeline/work/6f/52954cea64c32f0c8a0e54e340b6ac started: 1779775758055; exited: -; ]
~> TaskHandler[jobId: 13237139; id: 200; name: filter_baf_lrr_files (filter_baf_lrr_batch); status: RUNNING; exit: -; error: -; workDir: /lustre09/project/6008022/mame20/WGS_pipeline/work/c3/27b468737f8f05d766d350a677cd42 started: 1779775758056; exited: -; ]
.. remaining tasks omitted.
May-26 03:05:38.114 [Task monitor] DEBUG n.processor.TaskPollingMonitor - !! executor slurm > tasks to be completed: 51 -- submitted tasks are shown below
~> TaskHandler[jobId: 13237126; id: 190; name: filter_baf_lrr_files (filter_baf_lrr_batch); status: RUNNING; exit: -; error: -; workDir: /lustre09/project/6008022/mame20/WGS_pipeline/work/80/b228893b701af33c4bd282e0093a02 started: 1779775708029; exited: -; ]
~> TaskHandler[jobId: 13237128; id: 192; name: filter_baf_lrr_files (filter_baf_lrr_batch); status: RUNNING; exit: -; error: -; workDir: /lustre09/project/6008022/mame20/WGS_pipeline/work/05/87bcd6706521e28fe5fdbe8ed4c8ec started: 1779775713029; exited: -; ]
~> TaskHandler[jobId: 13237129; id: 191; name: filter_baf_lrr_files (filter_baf_lrr_batch); status: RUNNING; exit: -; error: -; workDir: /lustre09/project/6008022/mame20/WGS_pipeline/work/ca/45aec8596ceac4b00630a68ee16620 started: 1779775718029; exited: -; ]
~> TaskHandler[jobId: 13237130; id: 193; name: filter_baf_lrr_files (filter_baf_lrr_batch); status: RUNNING; exit: -; error: -; workDir: /lustre09/project/6008022/mame20/WGS_pipeline/work/c2/ed0d2d85a77f58fdb4160a25835a8f started: 1779775728029; exited: -; ]
~> TaskHandler[jobId: 13237132; id: 194; name: filter_baf_lrr_files (filter_baf_lrr_batch); status: RUNNING; exit: -; error: -; workDir: /lustre09/project/6008022/mame20/WGS_pipeline/work/cd/1316a255ded675c431622cff155c1d started: 1779775728030; exited: -; ]
~> TaskHandler[jobId: 13237134; id: 196; name: filter_baf_lrr_files (filter_baf_lrr_batch); status: RUNNING; exit: -; error: -; workDir: /lustre09/project/6008022/mame20/WGS_pipeline/work/56/d11f62e96b0bb35bb7fbb8551dddbc started: 1779775738029; exited: -; ]
~> TaskHandler[jobId: 13237135; id: 195; name: filter_baf_lrr_files (filter_baf_lrr_batch); status: RUNNING; exit: -; error: -; workDir: /lustre09/project/6008022/mame20/WGS_pipeline/work/22/499d503b2ff2dc96e1ed07758e23e7 started: 1779775743030; exited: -; ]
~> TaskHandler[jobId: 13237136; id: 197; name: filter_baf_lrr_files (filter_baf_lrr_batch); status: RUNNING; exit: -; error: -; workDir: /lustre09/project/6008022/mame20/WGS_pipeline/work/e7/2b7e59b840a24a7083a71f6d1501c1 started: 1779775748030; exited: -; ]
~> TaskHandler[jobId: 13237138; id: 198; name: filter_baf_lrr_files (filter_baf_lrr_batch); status: RUNNING; exit: -; error: -; workDir: /lustre09/project/6008022/mame20/WGS_pipeline/work/6f/52954cea64c32f0c8a0e54e340b6ac started: 1779775758055; exited: -; ]
~> TaskHandler[jobId: 13237139; id: 200; name: filter_baf_lrr_files (filter_baf_lrr_batch); status: RUNNING; exit: -; error: -; workDir: /lustre09/project/6008022/mame20/WGS_pipeline/work/c3/27b468737f8f05d766d350a677cd42 started: 1779775758056; exited: -; ]
.. remaining tasks omitted.
May-26 03:10:38.121 [Task monitor] DEBUG n.processor.TaskPollingMonitor - !! executor slurm > tasks to be completed: 51 -- submitted tasks are shown below
~> TaskHandler[jobId: 13237126; id: 190; name: filter_baf_lrr_files (filter_baf_lrr_batch); status: RUNNING; exit: -; error: -; workDir: /lustre09/project/6008022/mame20/WGS_pipeline/work/80/b228893b701af33c4bd282e0093a02 started: 1779775708029; exited: -; ]
~> TaskHandler[jobId: 13237128; id: 192; name: filter_baf_lrr_files (filter_baf_lrr_batch); status: RUNNING; exit: -; error: -; workDir: /lustre09/project/6008022/mame20/WGS_pipeline/work/05/87bcd6706521e28fe5fdbe8ed4c8ec started: 1779775713029; exited: -; ]
~> TaskHandler[jobId: 13237129; id: 191; name: filter_baf_lrr_files (filter_baf_lrr_batch); status: RUNNING; exit: -; error: -; workDir: /lustre09/project/6008022/mame20/WGS_pipeline/work/ca/45aec8596ceac4b00630a68ee16620 started: 1779775718029; exited: -; ]
~> TaskHandler[jobId: 13237130; id: 193; name: filter_baf_lrr_files (filter_baf_lrr_batch); status: RUNNING; exit: -; error: -; workDir: /lustre09/project/6008022/mame20/WGS_pipeline/work/c2/ed0d2d85a77f58fdb4160a25835a8f started: 1779775728029; exited: -; ]
~> TaskHandler[jobId: 13237132; id: 194; name: filter_baf_lrr_files (filter_baf_lrr_batch); status: RUNNING; exit: -; error: -; workDir: /lustre09/project/6008022/mame20/WGS_pipeline/work/cd/1316a255ded675c431622cff155c1d started: 1779775728030; exited: -; ]
~> TaskHandler[jobId: 13237134; id: 196; name: filter_baf_lrr_files (filter_baf_lrr_batch); status: RUNNING; exit: -; error: -; workDir: /lustre09/project/6008022/mame20/WGS_pipeline/work/56/d11f62e96b0bb35bb7fbb8551dddbc started: 1779775738029; exited: -; ]
~> TaskHandler[jobId: 13237135; id: 195; name: filter_baf_lrr_files (filter_baf_lrr_batch); status: RUNNING; exit: -; error: -; workDir: /lustre09/project/6008022/mame20/WGS_pipeline/work/22/499d503b2ff2dc96e1ed07758e23e7 started: 1779775743030; exited: -; ]
~> TaskHandler[jobId: 13237136; id: 197; name: filter_baf_lrr_files (filter_baf_lrr_batch); status: RUNNING; exit: -; error: -; workDir: /lustre09/project/6008022/mame20/WGS_pipeline/work/e7/2b7e59b840a24a7083a71f6d1501c1 started: 1779775748030; exited: -; ]
~> TaskHandler[jobId: 13237138; id: 198; name: filter_baf_lrr_files (filter_baf_lrr_batch); status: RUNNING; exit: -; error: -; workDir: /lustre09/project/6008022/mame20/WGS_pipeline/work/6f/52954cea64c32f0c8a0e54e340b6ac started: 1779775758055; exited: -; ]
~> TaskHandler[jobId: 13237139; id: 200; name: filter_baf_lrr_files (filter_baf_lrr_batch); status: RUNNING; exit: -; error: -; workDir: /lustre09/project/6008022/mame20/WGS_pipeline/work/c3/27b468737f8f05d766d350a677cd42 started: 1779775758056; exited: -; ]
.. remaining tasks omitted.
May-26 03:15:38.132 [Task monitor] DEBUG n.processor.TaskPollingMonitor - !! executor slurm > tasks to be completed: 51 -- submitted tasks are shown below
~> TaskHandler[jobId: 13237126; id: 190; name: filter_baf_lrr_files (filter_baf_lrr_batch); status: RUNNING; exit: -; error: -; workDir: /lustre09/project/6008022/mame20/WGS_pipeline/work/80/b228893b701af33c4bd282e0093a02 started: 1779775708029; exited: -; ]
~> TaskHandler[jobId: 13237128; id: 192; name: filter_baf_lrr_files (filter_baf_lrr_batch); status: RUNNING; exit: -; error: -; workDir: /lustre09/project/6008022/mame20/WGS_pipeline/work/05/87bcd6706521e28fe5fdbe8ed4c8ec started: 1779775713029; exited: -; ]
~> TaskHandler[jobId: 13237129; id: 191; name: filter_baf_lrr_files (filter_baf_lrr_batch); status: RUNNING; exit: -; error: -; workDir: /lustre09/project/6008022/mame20/WGS_pipeline/work/ca/45aec8596ceac4b00630a68ee16620 started: 1779775718029; exited: -; ]
~> TaskHandler[jobId: 13237130; id: 193; name: filter_baf_lrr_files (filter_baf_lrr_batch); status: RUNNING; exit: -; error: -; workDir: /lustre09/project/6008022/mame20/WGS_pipeline/work/c2/ed0d2d85a77f58fdb4160a25835a8f started: 1779775728029; exited: -; ]
~> TaskHandler[jobId: 13237132; id: 194; name: filter_baf_lrr_files (filter_baf_lrr_batch); status: RUNNING; exit: -; error: -; workDir: /lustre09/project/6008022/mame20/WGS_pipeline/work/cd/1316a255ded675c431622cff155c1d started: 1779775728030; exited: -; ]
~> TaskHandler[jobId: 13237134; id: 196; name: filter_baf_lrr_files (filter_baf_lrr_batch); status: RUNNING; exit: -; error: -; workDir: /lustre09/project/6008022/mame20/WGS_pipeline/work/56/d11f62e96b0bb35bb7fbb8551dddbc started: 1779775738029; exited: -; ]
~> TaskHandler[jobId: 13237135; id: 195; name: filter_baf_lrr_files (filter_baf_lrr_batch); status: RUNNING; exit: -; error: -; workDir: /lustre09/project/6008022/mame20/WGS_pipeline/work/22/499d503b2ff2dc96e1ed07758e23e7 started: 1779775743030; exited: -; ]
~> TaskHandler[jobId: 13237136; id: 197; name: filter_baf_lrr_files (filter_baf_lrr_batch); status: RUNNING; exit: -; error: -; workDir: /lustre09/project/6008022/mame20/WGS_pipeline/work/e7/2b7e59b840a24a7083a71f6d1501c1 started: 1779775748030; exited: -; ]
~> TaskHandler[jobId: 13237138; id: 198; name: filter_baf_lrr_files (filter_baf_lrr_batch); status: RUNNING; exit: -; error: -; workDir: /lustre09/project/6008022/mame20/WGS_pipeline/work/6f/52954cea64c32f0c8a0e54e340b6ac started: 1779775758055; exited: -; ]
~> TaskHandler[jobId: 13237139; id: 200; name: filter_baf_lrr_files (filter_baf_lrr_batch); status: RUNNING; exit: -; error: -; workDir: /lustre09/project/6008022/mame20/WGS_pipeline/work/c3/27b468737f8f05d766d350a677cd42 started: 1779775758056; exited: -; ]
.. remaining tasks omitted.
May-26 03:20:38.150 [Task monitor] DEBUG n.processor.TaskPollingMonitor - !! executor slurm > tasks to be completed: 51 -- submitted tasks are shown below
~> TaskHandler[jobId: 13237126; id: 190; name: filter_baf_lrr_files (filter_baf_lrr_batch); status: RUNNING; exit: -; error: -; workDir: /lustre09/project/6008022/mame20/WGS_pipeline/work/80/b228893b701af33c4bd282e0093a02 started: 1779775708029; exited: -; ]
~> TaskHandler[jobId: 13237128; id: 192; name: filter_baf_lrr_files (filter_baf_lrr_batch); status: RUNNING; exit: -; error: -; workDir: /lustre09/project/6008022/mame20/WGS_pipeline/work/05/87bcd6706521e28fe5fdbe8ed4c8ec started: 1779775713029; exited: -; ]
~> TaskHandler[jobId: 13237129; id: 191; name: filter_baf_lrr_files (filter_baf_lrr_batch); status: RUNNING; exit: -; error: -; workDir: /lustre09/project/6008022/mame20/WGS_pipeline/work/ca/45aec8596ceac4b00630a68ee16620 started: 1779775718029; exited: -; ]
~> TaskHandler[jobId: 13237130; id: 193; name: filter_baf_lrr_files (filter_baf_lrr_batch); status: RUNNING; exit: -; error: -; workDir: /lustre09/project/6008022/mame20/WGS_pipeline/work/c2/ed0d2d85a77f58fdb4160a25835a8f started: 1779775728029; exited: -; ]
~> TaskHandler[jobId: 13237132; id: 194; name: filter_baf_lrr_files (filter_baf_lrr_batch); status: RUNNING; exit: -; error: -; workDir: /lustre09/project/6008022/mame20/WGS_pipeline/work/cd/1316a255ded675c431622cff155c1d started: 1779775728030; exited: -; ]
~> TaskHandler[jobId: 13237134; id: 196; name: filter_baf_lrr_files (filter_baf_lrr_batch); status: RUNNING; exit: -; error: -; workDir: /lustre09/project/6008022/mame20/WGS_pipeline/work/56/d11f62e96b0bb35bb7fbb8551dddbc started: 1779775738029; exited: -; ]
~> TaskHandler[jobId: 13237135; id: 195; name: filter_baf_lrr_files (filter_baf_lrr_batch); status: RUNNING; exit: -; error: -; workDir: /lustre09/project/6008022/mame20/WGS_pipeline/work/22/499d503b2ff2dc96e1ed07758e23e7 started: 1779775743030; exited: -; ]
~> TaskHandler[jobId: 13237136; id: 197; name: filter_baf_lrr_files (filter_baf_lrr_batch); status: RUNNING; exit: -; error: -; workDir: /lustre09/project/6008022/mame20/WGS_pipeline/work/e7/2b7e59b840a24a7083a71f6d1501c1 started: 1779775748030; exited: -; ]
~> TaskHandler[jobId: 13237138; id: 198; name: filter_baf_lrr_files (filter_baf_lrr_batch); status: RUNNING; exit: -; error: -; workDir: /lustre09/project/6008022/mame20/WGS_pipeline/work/6f/52954cea64c32f0c8a0e54e340b6ac started: 1779775758055; exited: -; ]
~> TaskHandler[jobId: 13237139; id: 200; name: filter_baf_lrr_files (filter_baf_lrr_batch); status: RUNNING; exit: -; error: -; workDir: /lustre09/project/6008022/mame20/WGS_pipeline/work/c3/27b468737f8f05d766d350a677cd42 started: 1779775758056; exited: -; ]
.. remaining tasks omitted.
May-26 03:25:13.158 [Task monitor] DEBUG n.processor.TaskPollingMonitor - Task completed > TaskHandler[jobId: 13237126; id: 190; name: filter_baf_lrr_files (filter_baf_lrr_batch); status: COMPLETED; exit: 0; error: -; workDir: /lustre09/project/6008022/mame20/WGS_pipeline/work/80/b228893b701af33c4bd282e0093a02 started: 1779775708029; exited: 2026-05-26T07:25:13Z; ]
May-26 03:25:38.158 [Task monitor] DEBUG n.processor.TaskPollingMonitor - !! executor slurm > tasks to be completed: 50 -- submitted tasks are shown below
~> TaskHandler[jobId: 13237128; id: 192; name: filter_baf_lrr_files (filter_baf_lrr_batch); status: RUNNING; exit: -; error: -; workDir: /lustre09/project/6008022/mame20/WGS_pipeline/work/05/87bcd6706521e28fe5fdbe8ed4c8ec started: 1779775713029; exited: -; ]
~> TaskHandler[jobId: 13237129; id: 191; name: filter_baf_lrr_files (filter_baf_lrr_batch); status: RUNNING; exit: -; error: -; workDir: /lustre09/project/6008022/mame20/WGS_pipeline/work/ca/45aec8596ceac4b00630a68ee16620 started: 1779775718029; exited: -; ]
~> TaskHandler[jobId: 13237130; id: 193; name: filter_baf_lrr_files (filter_baf_lrr_batch); status: RUNNING; exit: -; error: -; workDir: /lustre09/project/6008022/mame20/WGS_pipeline/work/c2/ed0d2d85a77f58fdb4160a25835a8f started: 1779775728029; exited: -; ]
~> TaskHandler[jobId: 13237132; id: 194; name: filter_baf_lrr_files (filter_baf_lrr_batch); status: RUNNING; exit: -; error: -; workDir: /lustre09/project/6008022/mame20/WGS_pipeline/work/cd/1316a255ded675c431622cff155c1d started: 1779775728030; exited: -; ]
~> TaskHandler[jobId: 13237134; id: 196; name: filter_baf_lrr_files (filter_baf_lrr_batch); status: RUNNING; exit: -; error: -; workDir: /lustre09/project/6008022/mame20/WGS_pipeline/work/56/d11f62e96b0bb35bb7fbb8551dddbc started: 1779775738029; exited: -; ]
~> TaskHandler[jobId: 13237135; id: 195; name: filter_baf_lrr_files (filter_baf_lrr_batch); status: RUNNING; exit: -; error: -; workDir: /lustre09/project/6008022/mame20/WGS_pipeline/work/22/499d503b2ff2dc96e1ed07758e23e7 started: 1779775743030; exited: -; ]
~> TaskHandler[jobId: 13237136; id: 197; name: filter_baf_lrr_files (filter_baf_lrr_batch); status: RUNNING; exit: -; error: -; workDir: /lustre09/project/6008022/mame20/WGS_pipeline/work/e7/2b7e59b840a24a7083a71f6d1501c1 started: 1779775748030; exited: -; ]
~> TaskHandler[jobId: 13237138; id: 198; name: filter_baf_lrr_files (filter_baf_lrr_batch); status: RUNNING; exit: -; error: -; workDir: /lustre09/project/6008022/mame20/WGS_pipeline/work/6f/52954cea64c32f0c8a0e54e340b6ac started: 1779775758055; exited: -; ]
~> TaskHandler[jobId: 13237139; id: 200; name: filter_baf_lrr_files (filter_baf_lrr_batch); status: RUNNING; exit: -; error: -; workDir: /lustre09/project/6008022/mame20/WGS_pipeline/work/c3/27b468737f8f05d766d350a677cd42 started: 1779775758056; exited: -; ]
~> TaskHandler[jobId: 13237140; id: 199; name: filter_baf_lrr_files (filter_baf_lrr_batch); status: RUNNING; exit: -; error: -; workDir: /lustre09/project/6008022/mame20/WGS_pipeline/work/f0/ac9107262e89bf76734e90a464e6a7 started: 1779775768030; exited: -; ]
.. remaining tasks omitted.
May-26 03:26:48.161 [Task monitor] DEBUG n.processor.TaskPollingMonitor - Task completed > TaskHandler[jobId: 13237139; id: 200; name: filter_baf_lrr_files (filter_baf_lrr_batch); status: COMPLETED; exit: 0; error: -; workDir: /lustre09/project/6008022/mame20/WGS_pipeline/work/c3/27b468737f8f05d766d350a677cd42 started: 1779775758056; exited: 2026-05-26T07:26:47Z; ]
May-26 03:27:08.163 [Task monitor] DEBUG n.processor.TaskPollingMonitor - Task completed > TaskHandler[jobId: 13237143; id: 203; name: filter_baf_lrr_files (filter_baf_lrr_batch); status: COMPLETED; exit: 0; error: -; workDir: /lustre09/project/6008022/mame20/WGS_pipeline/work/e7/634738ad78cf97cad24f3dd906cc53 started: 1779775778031; exited: 2026-05-26T07:27:06Z; ]
May-26 03:27:13.164 [Task monitor] DEBUG n.processor.TaskPollingMonitor - Task completed > TaskHandler[jobId: 13237140; id: 199; name: filter_baf_lrr_files (filter_baf_lrr_batch); status: COMPLETED; exit: 0; error: -; workDir: /lustre09/project/6008022/mame20/WGS_pipeline/work/f0/ac9107262e89bf76734e90a464e6a7 started: 1779775768030; exited: 2026-05-26T07:27:10Z; ]
May-26 03:27:18.164 [Task monitor] DEBUG n.processor.TaskPollingMonitor - Task completed > TaskHandler[jobId: 13237138; id: 198; name: filter_baf_lrr_files (filter_baf_lrr_batch); status: COMPLETED; exit: 0; error: -; workDir: /lustre09/project/6008022/mame20/WGS_pipeline/work/6f/52954cea64c32f0c8a0e54e340b6ac started: 1779775758055; exited: 2026-05-26T07:27:14Z; ]
May-26 03:27:43.165 [Task monitor] DEBUG n.processor.TaskPollingMonitor - Task completed > TaskHandler[jobId: 13237144; id: 201; name: filter_baf_lrr_files (filter_baf_lrr_batch); status: COMPLETED; exit: 0; error: -; workDir: /lustre09/project/6008022/mame20/WGS_pipeline/work/f3/020983869480954f7d8e723feed29f started: 1779775783031; exited: 2026-05-26T07:27:40Z; ]
May-26 03:27:53.165 [Task monitor] DEBUG n.processor.TaskPollingMonitor - Task completed > TaskHandler[jobId: 13237142; id: 202; name: filter_baf_lrr_files (filter_baf_lrr_batch); status: COMPLETED; exit: 0; error: -; workDir: /lustre09/project/6008022/mame20/WGS_pipeline/work/ff/37c79ca66be00ad59ce62f7385597d started: 1779775773030; exited: 2026-05-26T07:27:49Z; ]
May-26 03:27:53.166 [Task monitor] DEBUG n.processor.TaskPollingMonitor - Task completed > TaskHandler[jobId: 13237147; id: 204; name: filter_baf_lrr_files (filter_baf_lrr_batch); status: COMPLETED; exit: 0; error: -; workDir: /lustre09/project/6008022/mame20/WGS_pipeline/work/86/6fd17b397dfc4439969603c9c9f606 started: 1779775798031; exited: 2026-05-26T07:27:51Z; ]
May-26 03:28:23.184 [Task monitor] DEBUG n.processor.TaskPollingMonitor - Task completed > TaskHandler[jobId: 13237148; id: 206; name: filter_baf_lrr_files (filter_baf_lrr_batch); status: COMPLETED; exit: 0; error: -; workDir: /lustre09/project/6008022/mame20/WGS_pipeline/work/21/8aeb79966c04cd4c46221648deb081 started: 1779775803033; exited: 2026-05-26T07:28:22Z; ]
May-26 03:28:48.164 [Task monitor] DEBUG n.processor.TaskPollingMonitor - Task completed > TaskHandler[jobId: 13237146; id: 205; name: filter_baf_lrr_files (filter_baf_lrr_batch); status: COMPLETED; exit: 0; error: -; workDir: /lustre09/project/6008022/mame20/WGS_pipeline/work/ea/70aacadd15293a53f108d9affefa67 started: 1779775788031; exited: 2026-05-26T07:28:46Z; ]
May-26 03:30:38.164 [Task monitor] DEBUG n.processor.TaskPollingMonitor - !! executor slurm > tasks to be completed: 41 -- submitted tasks are shown below
~> TaskHandler[jobId: 13237128; id: 192; name: filter_baf_lrr_files (filter_baf_lrr_batch); status: RUNNING; exit: -; error: -; workDir: /lustre09/project/6008022/mame20/WGS_pipeline/work/05/87bcd6706521e28fe5fdbe8ed4c8ec started: 1779775713029; exited: -; ]
~> TaskHandler[jobId: 13237129; id: 191; name: filter_baf_lrr_files (filter_baf_lrr_batch); status: RUNNING; exit: -; error: -; workDir: /lustre09/project/6008022/mame20/WGS_pipeline/work/ca/45aec8596ceac4b00630a68ee16620 started: 1779775718029; exited: -; ]
~> TaskHandler[jobId: 13237130; id: 193; name: filter_baf_lrr_files (filter_baf_lrr_batch); status: RUNNING; exit: -; error: -; workDir: /lustre09/project/6008022/mame20/WGS_pipeline/work/c2/ed0d2d85a77f58fdb4160a25835a8f started: 1779775728029; exited: -; ]
~> TaskHandler[jobId: 13237132; id: 194; name: filter_baf_lrr_files (filter_baf_lrr_batch); status: RUNNING; exit: -; error: -; workDir: /lustre09/project/6008022/mame20/WGS_pipeline/work/cd/1316a255ded675c431622cff155c1d started: 1779775728030; exited: -; ]
~> TaskHandler[jobId: 13237134; id: 196; name: filter_baf_lrr_files (filter_baf_lrr_batch); status: RUNNING; exit: -; error: -; workDir: /lustre09/project/6008022/mame20/WGS_pipeline/work/56/d11f62e96b0bb35bb7fbb8551dddbc started: 1779775738029; exited: -; ]
~> TaskHandler[jobId: 13237135; id: 195; name: filter_baf_lrr_files (filter_baf_lrr_batch); status: RUNNING; exit: -; error: -; workDir: /lustre09/project/6008022/mame20/WGS_pipeline/work/22/499d503b2ff2dc96e1ed07758e23e7 started: 1779775743030; exited: -; ]
~> TaskHandler[jobId: 13237136; id: 197; name: filter_baf_lrr_files (filter_baf_lrr_batch); status: RUNNING; exit: -; error: -; workDir: /lustre09/project/6008022/mame20/WGS_pipeline/work/e7/2b7e59b840a24a7083a71f6d1501c1 started: 1779775748030; exited: -; ]
~> TaskHandler[jobId: 13237150; id: 207; name: filter_baf_lrr_files (filter_baf_lrr_batch); status: RUNNING; exit: -; error: -; workDir: /lustre09/project/6008022/mame20/WGS_pipeline/work/9c/92fde183881591c23e5ce8430cb985 started: 1779776893061; exited: -; ]
~> TaskHandler[jobId: 13237152; id: 208; name: filter_baf_lrr_files (filter_baf_lrr_batch); status: RUNNING; exit: -; error: -; workDir: /lustre09/project/6008022/mame20/WGS_pipeline/work/1f/d562245816367c2dc76a9f5a5dcf81 started: 1779776893063; exited: -; ]
~> TaskHandler[jobId: 13237153; id: 210; name: filter_baf_lrr_files (filter_baf_lrr_batch); status: RUNNING; exit: -; error: -; workDir: /lustre09/project/6008022/mame20/WGS_pipeline/work/57/c5064b1d782462b13d63af7cd5c200 started: 1779777083085; exited: -; ]
.. remaining tasks omitted.
May-26 03:31:53.167 [Task monitor] DEBUG n.processor.TaskPollingMonitor - Task completed > TaskHandler[jobId: 13237135; id: 195; name: filter_baf_lrr_files (filter_baf_lrr_batch); status: COMPLETED; exit: 0; error: -; workDir: /lustre09/project/6008022/mame20/WGS_pipeline/work/22/499d503b2ff2dc96e1ed07758e23e7 started: 1779775743030; exited: 2026-05-26T07:31:48Z; ]
May-26 03:32:08.167 [Task monitor] DEBUG n.processor.TaskPollingMonitor - Task completed > TaskHandler[jobId: 13237129; id: 191; name: filter_baf_lrr_files (filter_baf_lrr_batch); status: COMPLETED; exit: 0; error: -; workDir: /lustre09/project/6008022/mame20/WGS_pipeline/work/ca/45aec8596ceac4b00630a68ee16620 started: 1779775718029; exited: 2026-05-26T07:32:05Z; ]
May-26 03:32:18.166 [Task monitor] DEBUG n.processor.TaskPollingMonitor - Task completed > TaskHandler[jobId: 13237130; id: 193; name: filter_baf_lrr_files (filter_baf_lrr_batch); status: COMPLETED; exit: 0; error: -; workDir: /lustre09/project/6008022/mame20/WGS_pipeline/work/c2/ed0d2d85a77f58fdb4160a25835a8f started: 1779775728029; exited: 2026-05-26T07:32:17Z; ]
May-26 03:32:18.172 [Task monitor] DEBUG n.processor.TaskPollingMonitor - Task completed > TaskHandler[jobId: 13237136; id: 197; name: filter_baf_lrr_files (filter_baf_lrr_batch); status: COMPLETED; exit: 0; error: -; workDir: /lustre09/project/6008022/mame20/WGS_pipeline/work/e7/2b7e59b840a24a7083a71f6d1501c1 started: 1779775748030; exited: 2026-05-26T07:32:13Z; ]
May-26 03:32:33.166 [Task monitor] DEBUG n.processor.TaskPollingMonitor - Task completed > TaskHandler[jobId: 13237132; id: 194; name: filter_baf_lrr_files (filter_baf_lrr_batch); status: COMPLETED; exit: 0; error: -; workDir: /lustre09/project/6008022/mame20/WGS_pipeline/work/cd/1316a255ded675c431622cff155c1d started: 1779775728030; exited: 2026-05-26T07:32:32Z; ]
May-26 03:32:33.168 [Task monitor] DEBUG n.processor.TaskPollingMonitor - Task completed > TaskHandler[jobId: 13237134; id: 196; name: filter_baf_lrr_files (filter_baf_lrr_batch); status: COMPLETED; exit: 0; error: -; workDir: /lustre09/project/6008022/mame20/WGS_pipeline/work/56/d11f62e96b0bb35bb7fbb8551dddbc started: 1779775738029; exited: 2026-05-26T07:32:30Z; ]
May-26 03:35:08.173 [Task monitor] DEBUG n.processor.TaskPollingMonitor - Task completed > TaskHandler[jobId: 13237436; id: 240; name: filter_baf_lrr_files (filter_baf_lrr_batch); status: COMPLETED; exit: 0; error: -; workDir: /lustre09/project/6008022/mame20/WGS_pipeline/work/8c/13f7e0199ac76de3405e537ac85950 started: 1779780733172; exited: 2026-05-26T07:35:04Z; ]
May-26 03:35:38.169 [Task monitor] DEBUG n.processor.TaskPollingMonitor - !! executor slurm > tasks to be completed: 34 -- submitted tasks are shown below
~> TaskHandler[jobId: 13237128; id: 192; name: filter_baf_lrr_files (filter_baf_lrr_batch); status: RUNNING; exit: -; error: -; workDir: /lustre09/project/6008022/mame20/WGS_pipeline/work/05/87bcd6706521e28fe5fdbe8ed4c8ec started: 1779775713029; exited: -; ]
~> TaskHandler[jobId: 13237150; id: 207; name: filter_baf_lrr_files (filter_baf_lrr_batch); status: RUNNING; exit: -; error: -; workDir: /lustre09/project/6008022/mame20/WGS_pipeline/work/9c/92fde183881591c23e5ce8430cb985 started: 1779776893061; exited: -; ]
~> TaskHandler[jobId: 13237152; id: 208; name: filter_baf_lrr_files (filter_baf_lrr_batch); status: RUNNING; exit: -; error: -; workDir: /lustre09/project/6008022/mame20/WGS_pipeline/work/1f/d562245816367c2dc76a9f5a5dcf81 started: 1779776893063; exited: -; ]
~> TaskHandler[jobId: 13237153; id: 210; name: filter_baf_lrr_files (filter_baf_lrr_batch); status: RUNNING; exit: -; error: -; workDir: /lustre09/project/6008022/mame20/WGS_pipeline/work/57/c5064b1d782462b13d63af7cd5c200 started: 1779777083085; exited: -; ]
~> TaskHandler[jobId: 13237269; id: 209; name: filter_baf_lrr_files (filter_baf_lrr_batch); status: RUNNING; exit: -; error: -; workDir: /lustre09/project/6008022/mame20/WGS_pipeline/work/cf/ff4cd65623d5e03d9fd16ddd01cb01 started: 1779777083087; exited: -; ]
~> TaskHandler[jobId: 13237270; id: 211; name: filter_baf_lrr_files (filter_baf_lrr_batch); status: RUNNING; exit: -; error: -; workDir: /lustre09/project/6008022/mame20/WGS_pipeline/work/23/ad53710e45c9883f77a15fb36d62bf started: 1779777083087; exited: -; ]
~> TaskHandler[jobId: 13237273; id: 212; name: filter_baf_lrr_files (filter_baf_lrr_batch); status: RUNNING; exit: -; error: -; workDir: /lustre09/project/6008022/mame20/WGS_pipeline/work/78/4da5a970044532fb3f075ea9f6ccaf started: 1779777083088; exited: -; ]
~> TaskHandler[jobId: 13237275; id: 213; name: filter_baf_lrr_files (filter_baf_lrr_batch); status: RUNNING; exit: -; error: -; workDir: /lustre09/project/6008022/mame20/WGS_pipeline/work/34/26b95ca7a6bc53710fb080a76c725a started: 1779777083089; exited: -; ]
~> TaskHandler[jobId: 13237276; id: 214; name: filter_baf_lrr_files (filter_baf_lrr_batch); status: RUNNING; exit: -; error: -; workDir: /lustre09/project/6008022/mame20/WGS_pipeline/work/13/4c90f5efe350baf6162d71e875f335 started: 1779777083089; exited: -; ]
~> TaskHandler[jobId: 13237277; id: 215; name: filter_baf_lrr_files (filter_baf_lrr_batch); status: RUNNING; exit: -; error: -; workDir: /lustre09/project/6008022/mame20/WGS_pipeline/work/07/953bb7318b2acd04aee61fe1cf888f started: 1779777083090; exited: -; ]
.. remaining tasks omitted.
May-26 03:39:53.183 [Task monitor] DEBUG n.processor.TaskPollingMonitor - Task completed > TaskHandler[jobId: 13237128; id: 192; name: filter_baf_lrr_files (filter_baf_lrr_batch); status: COMPLETED; exit: 0; error: -; workDir: /lustre09/project/6008022/mame20/WGS_pipeline/work/05/87bcd6706521e28fe5fdbe8ed4c8ec started: 1779775713029; exited: 2026-05-26T07:39:51Z; ]
May-26 03:40:38.182 [Task monitor] DEBUG n.processor.TaskPollingMonitor - !! executor slurm > tasks to be completed: 33 -- submitted tasks are shown below
~> TaskHandler[jobId: 13237150; id: 207; name: filter_baf_lrr_files (filter_baf_lrr_batch); status: RUNNING; exit: -; error: -; workDir: /lustre09/project/6008022/mame20/WGS_pipeline/work/9c/92fde183881591c23e5ce8430cb985 started: 1779776893061; exited: -; ]
~> TaskHandler[jobId: 13237152; id: 208; name: filter_baf_lrr_files (filter_baf_lrr_batch); status: RUNNING; exit: -; error: -; workDir: /lustre09/project/6008022/mame20/WGS_pipeline/work/1f/d562245816367c2dc76a9f5a5dcf81 started: 1779776893063; exited: -; ]
~> TaskHandler[jobId: 13237153; id: 210; name: filter_baf_lrr_files (filter_baf_lrr_batch); status: RUNNING; exit: -; error: -; workDir: /lustre09/project/6008022/mame20/WGS_pipeline/work/57/c5064b1d782462b13d63af7cd5c200 started: 1779777083085; exited: -; ]
~> TaskHandler[jobId: 13237269; id: 209; name: filter_baf_lrr_files (filter_baf_lrr_batch); status: RUNNING; exit: -; error: -; workDir: /lustre09/project/6008022/mame20/WGS_pipeline/work/cf/ff4cd65623d5e03d9fd16ddd01cb01 started: 1779777083087; exited: -; ]
~> TaskHandler[jobId: 13237270; id: 211; name: filter_baf_lrr_files (filter_baf_lrr_batch); status: RUNNING; exit: -; error: -; workDir: /lustre09/project/6008022/mame20/WGS_pipeline/work/23/ad53710e45c9883f77a15fb36d62bf started: 1779777083087; exited: -; ]
~> TaskHandler[jobId: 13237273; id: 212; name: filter_baf_lrr_files (filter_baf_lrr_batch); status: RUNNING; exit: -; error: -; workDir: /lustre09/project/6008022/mame20/WGS_pipeline/work/78/4da5a970044532fb3f075ea9f6ccaf started: 1779777083088; exited: -; ]
~> TaskHandler[jobId: 13237275; id: 213; name: filter_baf_lrr_files (filter_baf_lrr_batch); status: RUNNING; exit: -; error: -; workDir: /lustre09/project/6008022/mame20/WGS_pipeline/work/34/26b95ca7a6bc53710fb080a76c725a started: 1779777083089; exited: -; ]
~> TaskHandler[jobId: 13237276; id: 214; name: filter_baf_lrr_files (filter_baf_lrr_batch); status: RUNNING; exit: -; error: -; workDir: /lustre09/project/6008022/mame20/WGS_pipeline/work/13/4c90f5efe350baf6162d71e875f335 started: 1779777083089; exited: -; ]
~> TaskHandler[jobId: 13237277; id: 215; name: filter_baf_lrr_files (filter_baf_lrr_batch); status: RUNNING; exit: -; error: -; workDir: /lustre09/project/6008022/mame20/WGS_pipeline/work/07/953bb7318b2acd04aee61fe1cf888f started: 1779777083090; exited: -; ]
~> TaskHandler[jobId: 13237278; id: 216; name: filter_baf_lrr_files (filter_baf_lrr_batch); status: RUNNING; exit: -; error: -; workDir: /lustre09/project/6008022/mame20/WGS_pipeline/work/89/fc3b03068395d2b9516f897e11d7bb started: 1779777083091; exited: -; ]
.. remaining tasks omitted.
May-26 03:41:43.186 [Task monitor] DEBUG n.processor.TaskPollingMonitor - Task completed > TaskHandler[jobId: 13237152; id: 208; name: filter_baf_lrr_files (filter_baf_lrr_batch); status: COMPLETED; exit: 0; error: -; workDir: /lustre09/project/6008022/mame20/WGS_pipeline/work/1f/d562245816367c2dc76a9f5a5dcf81 started: 1779776893063; exited: 2026-05-26T07:41:41Z; ]
May-26 03:45:38.191 [Task monitor] DEBUG n.processor.TaskPollingMonitor - !! executor slurm > tasks to be completed: 32 -- submitted tasks are shown below
~> TaskHandler[jobId: 13237150; id: 207; name: filter_baf_lrr_files (filter_baf_lrr_batch); status: RUNNING; exit: -; error: -; workDir: /lustre09/project/6008022/mame20/WGS_pipeline/work/9c/92fde183881591c23e5ce8430cb985 started: 1779776893061; exited: -; ]
~> TaskHandler[jobId: 13237153; id: 210; name: filter_baf_lrr_files (filter_baf_lrr_batch); status: RUNNING; exit: -; error: -; workDir: /lustre09/project/6008022/mame20/WGS_pipeline/work/57/c5064b1d782462b13d63af7cd5c200 started: 1779777083085; exited: -; ]
~> TaskHandler[jobId: 13237269; id: 209; name: filter_baf_lrr_files (filter_baf_lrr_batch); status: RUNNING; exit: -; error: -; workDir: /lustre09/project/6008022/mame20/WGS_pipeline/work/cf/ff4cd65623d5e03d9fd16ddd01cb01 started: 1779777083087; exited: -; ]
~> TaskHandler[jobId: 13237270; id: 211; name: filter_baf_lrr_files (filter_baf_lrr_batch); status: RUNNING; exit: -; error: -; workDir: /lustre09/project/6008022/mame20/WGS_pipeline/work/23/ad53710e45c9883f77a15fb36d62bf started: 1779777083087; exited: -; ]
~> TaskHandler[jobId: 13237273; id: 212; name: filter_baf_lrr_files (filter_baf_lrr_batch); status: RUNNING; exit: -; error: -; workDir: /lustre09/project/6008022/mame20/WGS_pipeline/work/78/4da5a970044532fb3f075ea9f6ccaf started: 1779777083088; exited: -; ]
~> TaskHandler[jobId: 13237275; id: 213; name: filter_baf_lrr_files (filter_baf_lrr_batch); status: RUNNING; exit: -; error: -; workDir: /lustre09/project/6008022/mame20/WGS_pipeline/work/34/26b95ca7a6bc53710fb080a76c725a started: 1779777083089; exited: -; ]
~> TaskHandler[jobId: 13237276; id: 214; name: filter_baf_lrr_files (filter_baf_lrr_batch); status: RUNNING; exit: -; error: -; workDir: /lustre09/project/6008022/mame20/WGS_pipeline/work/13/4c90f5efe350baf6162d71e875f335 started: 1779777083089; exited: -; ]
~> TaskHandler[jobId: 13237277; id: 215; name: filter_baf_lrr_files (filter_baf_lrr_batch); status: RUNNING; exit: -; error: -; workDir: /lustre09/project/6008022/mame20/WGS_pipeline/work/07/953bb7318b2acd04aee61fe1cf888f started: 1779777083090; exited: -; ]
~> TaskHandler[jobId: 13237278; id: 216; name: filter_baf_lrr_files (filter_baf_lrr_batch); status: RUNNING; exit: -; error: -; workDir: /lustre09/project/6008022/mame20/WGS_pipeline/work/89/fc3b03068395d2b9516f897e11d7bb started: 1779777083091; exited: -; ]
~> TaskHandler[jobId: 13237279; id: 217; name: filter_baf_lrr_files (filter_baf_lrr_batch); status: RUNNING; exit: -; error: -; workDir: /lustre09/project/6008022/mame20/WGS_pipeline/work/44/1fa4ac988345cb539b034520375141 started: 1779777323090; exited: -; ]
.. remaining tasks omitted.
May-26 03:46:38.196 [Task monitor] DEBUG n.processor.TaskPollingMonitor - Task completed > TaskHandler[jobId: 13237150; id: 207; name: filter_baf_lrr_files (filter_baf_lrr_batch); status: COMPLETED; exit: 0; error: -; workDir: /lustre09/project/6008022/mame20/WGS_pipeline/work/9c/92fde183881591c23e5ce8430cb985 started: 1779776893061; exited: 2026-05-26T07:46:37Z; ]
May-26 03:48:28.201 [Task monitor] DEBUG n.processor.TaskPollingMonitor - Task completed > TaskHandler[jobId: 13237277; id: 215; name: filter_baf_lrr_files (filter_baf_lrr_batch); status: COMPLETED; exit: 0; error: -; workDir: /lustre09/project/6008022/mame20/WGS_pipeline/work/07/953bb7318b2acd04aee61fe1cf888f started: 1779777083090; exited: 2026-05-26T07:48:26Z; ]
May-26 03:48:43.200 [Task monitor] DEBUG n.processor.TaskPollingMonitor - Task completed > TaskHandler[jobId: 13237278; id: 216; name: filter_baf_lrr_files (filter_baf_lrr_batch); status: COMPLETED; exit: 0; error: -; workDir: /lustre09/project/6008022/mame20/WGS_pipeline/work/89/fc3b03068395d2b9516f897e11d7bb started: 1779777083091; exited: 2026-05-26T07:48:43Z; ]
May-26 03:50:38.203 [Task monitor] DEBUG n.processor.TaskPollingMonitor - !! executor slurm > tasks to be completed: 29 -- submitted tasks are shown below
~> TaskHandler[jobId: 13237153; id: 210; name: filter_baf_lrr_files (filter_baf_lrr_batch); status: RUNNING; exit: -; error: -; workDir: /lustre09/project/6008022/mame20/WGS_pipeline/work/57/c5064b1d782462b13d63af7cd5c200 started: 1779777083085; exited: -; ]
~> TaskHandler[jobId: 13237269; id: 209; name: filter_baf_lrr_files (filter_baf_lrr_batch); status: RUNNING; exit: -; error: -; workDir: /lustre09/project/6008022/mame20/WGS_pipeline/work/cf/ff4cd65623d5e03d9fd16ddd01cb01 started: 1779777083087; exited: -; ]
~> TaskHandler[jobId: 13237270; id: 211; name: filter_baf_lrr_files (filter_baf_lrr_batch); status: RUNNING; exit: -; error: -; workDir: /lustre09/project/6008022/mame20/WGS_pipeline/work/23/ad53710e45c9883f77a15fb36d62bf started: 1779777083087; exited: 2026-05-26T07:50:34Z; ]
~> TaskHandler[jobId: 13237273; id: 212; name: filter_baf_lrr_files (filter_baf_lrr_batch); status: RUNNING; exit: -; error: -; workDir: /lustre09/project/6008022/mame20/WGS_pipeline/work/78/4da5a970044532fb3f075ea9f6ccaf started: 1779777083088; exited: -; ]
~> TaskHandler[jobId: 13237275; id: 213; name: filter_baf_lrr_files (filter_baf_lrr_batch); status: RUNNING; exit: -; error: -; workDir: /lustre09/project/6008022/mame20/WGS_pipeline/work/34/26b95ca7a6bc53710fb080a76c725a started: 1779777083089; exited: -; ]
~> TaskHandler[jobId: 13237276; id: 214; name: filter_baf_lrr_files (filter_baf_lrr_batch); status: RUNNING; exit: -; error: -; workDir: /lustre09/project/6008022/mame20/WGS_pipeline/work/13/4c90f5efe350baf6162d71e875f335 started: 1779777083089; exited: -; ]
~> TaskHandler[jobId: 13237279; id: 217; name: filter_baf_lrr_files (filter_baf_lrr_batch); status: RUNNING; exit: -; error: -; workDir: /lustre09/project/6008022/mame20/WGS_pipeline/work/44/1fa4ac988345cb539b034520375141 started: 1779777323090; exited: -; ]
~> TaskHandler[jobId: 13237280; id: 218; name: filter_baf_lrr_files (filter_baf_lrr_batch); status: RUNNING; exit: -; error: -; workDir: /lustre09/project/6008022/mame20/WGS_pipeline/work/6f/c624ee77e1895e00016fdcf8662e1c started: 1779777323091; exited: -; ]
~> TaskHandler[jobId: 13237282; id: 219; name: filter_baf_lrr_files (filter_baf_lrr_batch); status: RUNNING; exit: -; error: -; workDir: /lustre09/project/6008022/mame20/WGS_pipeline/work/ec/7cde2d477d715529853e76c2cf25aa started: 1779778873115; exited: -; ]
~> TaskHandler[jobId: 13237283; id: 220; name: filter_baf_lrr_files (filter_baf_lrr_batch); status: RUNNING; exit: -; error: -; workDir: /lustre09/project/6008022/mame20/WGS_pipeline/work/cd/769ea7475611abad41643753f989a4 started: 1779778873116; exited: -; ]
.. remaining tasks omitted.
May-26 03:50:38.205 [Task monitor] DEBUG n.processor.TaskPollingMonitor - Task completed > TaskHandler[jobId: 13237270; id: 211; name: filter_baf_lrr_files (filter_baf_lrr_batch); status: COMPLETED; exit: 0; error: -; workDir: /lustre09/project/6008022/mame20/WGS_pipeline/work/23/ad53710e45c9883f77a15fb36d62bf started: 1779777083087; exited: 2026-05-26T07:50:34Z; ]
May-26 03:50:48.206 [Task monitor] DEBUG n.processor.TaskPollingMonitor - Task completed > TaskHandler[jobId: 13237273; id: 212; name: filter_baf_lrr_files (filter_baf_lrr_batch); status: COMPLETED; exit: 0; error: -; workDir: /lustre09/project/6008022/mame20/WGS_pipeline/work/78/4da5a970044532fb3f075ea9f6ccaf started: 1779777083088; exited: 2026-05-26T07:50:46Z; ]
May-26 03:51:08.206 [Task monitor] DEBUG n.processor.TaskPollingMonitor - Task completed > TaskHandler[jobId: 13237275; id: 213; name: filter_baf_lrr_files (filter_baf_lrr_batch); status: COMPLETED; exit: 0; error: -; workDir: /lustre09/project/6008022/mame20/WGS_pipeline/work/34/26b95ca7a6bc53710fb080a76c725a started: 1779777083089; exited: 2026-05-26T07:51:03Z; ]
May-26 03:51:28.206 [Task monitor] DEBUG n.processor.TaskPollingMonitor - Task completed > TaskHandler[jobId: 13237276; id: 214; name: filter_baf_lrr_files (filter_baf_lrr_batch); status: COMPLETED; exit: 0; error: -; workDir: /lustre09/project/6008022/mame20/WGS_pipeline/work/13/4c90f5efe350baf6162d71e875f335 started: 1779777083089; exited: 2026-05-26T07:51:27Z; ]
May-26 03:51:48.206 [Task monitor] DEBUG n.processor.TaskPollingMonitor - Task completed > TaskHandler[jobId: 13237279; id: 217; name: filter_baf_lrr_files (filter_baf_lrr_batch); status: COMPLETED; exit: 0; error: -; workDir: /lustre09/project/6008022/mame20/WGS_pipeline/work/44/1fa4ac988345cb539b034520375141 started: 1779777323090; exited: 2026-05-26T07:51:45Z; ]
May-26 03:52:43.207 [Task monitor] DEBUG n.processor.TaskPollingMonitor - Task completed > TaskHandler[jobId: 13237153; id: 210; name: filter_baf_lrr_files (filter_baf_lrr_batch); status: COMPLETED; exit: 0; error: -; workDir: /lustre09/project/6008022/mame20/WGS_pipeline/work/57/c5064b1d782462b13d63af7cd5c200 started: 1779777083085; exited: 2026-05-26T07:52:40Z; ]
May-26 03:52:48.208 [Task monitor] DEBUG n.processor.TaskPollingMonitor - Task completed > TaskHandler[jobId: 13237280; id: 218; name: filter_baf_lrr_files (filter_baf_lrr_batch); status: COMPLETED; exit: 0; error: -; workDir: /lustre09/project/6008022/mame20/WGS_pipeline/work/6f/c624ee77e1895e00016fdcf8662e1c started: 1779777323091; exited: 2026-05-26T07:52:47Z; ]
May-26 03:52:58.207 [Task monitor] DEBUG n.processor.TaskPollingMonitor - Task completed > TaskHandler[jobId: 13237269; id: 209; name: filter_baf_lrr_files (filter_baf_lrr_batch); status: COMPLETED; exit: 0; error: -; workDir: /lustre09/project/6008022/mame20/WGS_pipeline/work/cf/ff4cd65623d5e03d9fd16ddd01cb01 started: 1779777083087; exited: 2026-05-26T07:52:56Z; ]
May-26 03:55:38.209 [Task monitor] DEBUG n.processor.TaskPollingMonitor - !! executor slurm > tasks to be completed: 21 -- submitted tasks are shown below
~> TaskHandler[jobId: 13237282; id: 219; name: filter_baf_lrr_files (filter_baf_lrr_batch); status: RUNNING; exit: -; error: -; workDir: /lustre09/project/6008022/mame20/WGS_pipeline/work/ec/7cde2d477d715529853e76c2cf25aa started: 1779778873115; exited: -; ]
~> TaskHandler[jobId: 13237283; id: 220; name: filter_baf_lrr_files (filter_baf_lrr_batch); status: RUNNING; exit: -; error: -; workDir: /lustre09/project/6008022/mame20/WGS_pipeline/work/cd/769ea7475611abad41643753f989a4 started: 1779778873116; exited: -; ]
~> TaskHandler[jobId: 13237285; id: 221; name: filter_baf_lrr_files (filter_baf_lrr_batch); status: RUNNING; exit: -; error: -; workDir: /lustre09/project/6008022/mame20/WGS_pipeline/work/fb/cd098a2f5e29ecbc534999f2c918ba started: 1779778873117; exited: -; ]
~> TaskHandler[jobId: 13237290; id: 222; name: filter_baf_lrr_files (filter_baf_lrr_batch); status: RUNNING; exit: -; error: -; workDir: /lustre09/project/6008022/mame20/WGS_pipeline/work/42/b5179bcb343336b4cf4b88aea320aa started: 1779778873117; exited: -; ]
~> TaskHandler[jobId: 13237404; id: 223; name: filter_baf_lrr_files (filter_baf_lrr_batch); status: RUNNING; exit: -; error: -; workDir: /lustre09/project/6008022/mame20/WGS_pipeline/work/35/cb64e48711b2f302eed655d5c6ba1a started: 1779780318162; exited: -; ]
~> TaskHandler[jobId: 13237407; id: 225; name: filter_baf_lrr_files (filter_baf_lrr_batch); status: RUNNING; exit: -; error: -; workDir: /lustre09/project/6008022/mame20/WGS_pipeline/work/37/38a125e7782e1bf61386a622f269b3 started: 1779780373163; exited: -; ]
~> TaskHandler[jobId: 13237408; id: 224; name: filter_baf_lrr_files (filter_baf_lrr_batch); status: RUNNING; exit: -; error: -; workDir: /lustre09/project/6008022/mame20/WGS_pipeline/work/e9/e8901e9d9305e1b83500e27db8a3f1 started: 1779780413163; exited: -; ]
~> TaskHandler[jobId: 13237409; id: 226; name: filter_baf_lrr_files (filter_baf_lrr_batch); status: RUNNING; exit: -; error: -; workDir: /lustre09/project/6008022/mame20/WGS_pipeline/work/77/9689557034a4a434da0b5b1b6c60ec started: 1779780433170; exited: -; ]
~> TaskHandler[jobId: 13237411; id: 227; name: filter_baf_lrr_files (filter_baf_lrr_batch); status: RUNNING; exit: -; error: -; workDir: /lustre09/project/6008022/mame20/WGS_pipeline/work/3c/830deac0024b289212e9b1886ab87b started: 1779780433171; exited: -; ]
~> TaskHandler[jobId: 13237412; id: 228; name: filter_baf_lrr_files (filter_baf_lrr_batch); status: RUNNING; exit: -; error: -; workDir: /lustre09/project/6008022/mame20/WGS_pipeline/work/d6/bcc91e2912024dec9e0a5bff6ca5b7 started: 1779780443183; exited: -; ]
.. remaining tasks omitted.
May-26 04:00:38.224 [Task monitor] DEBUG n.processor.TaskPollingMonitor - !! executor slurm > tasks to be completed: 21 -- submitted tasks are shown below
~> TaskHandler[jobId: 13237282; id: 219; name: filter_baf_lrr_files (filter_baf_lrr_batch); status: RUNNING; exit: -; error: -; workDir: /lustre09/project/6008022/mame20/WGS_pipeline/work/ec/7cde2d477d715529853e76c2cf25aa started: 1779778873115; exited: -; ]
~> TaskHandler[jobId: 13237283; id: 220; name: filter_baf_lrr_files (filter_baf_lrr_batch); status: RUNNING; exit: -; error: -; workDir: /lustre09/project/6008022/mame20/WGS_pipeline/work/cd/769ea7475611abad41643753f989a4 started: 1779778873116; exited: -; ]
~> TaskHandler[jobId: 13237285; id: 221; name: filter_baf_lrr_files (filter_baf_lrr_batch); status: RUNNING; exit: -; error: -; workDir: /lustre09/project/6008022/mame20/WGS_pipeline/work/fb/cd098a2f5e29ecbc534999f2c918ba started: 1779778873117; exited: -; ]
~> TaskHandler[jobId: 13237290; id: 222; name: filter_baf_lrr_files (filter_baf_lrr_batch); status: RUNNING; exit: -; error: -; workDir: /lustre09/project/6008022/mame20/WGS_pipeline/work/42/b5179bcb343336b4cf4b88aea320aa started: 1779778873117; exited: -; ]
~> TaskHandler[jobId: 13237404; id: 223; name: filter_baf_lrr_files (filter_baf_lrr_batch); status: RUNNING; exit: -; error: -; workDir: /lustre09/project/6008022/mame20/WGS_pipeline/work/35/cb64e48711b2f302eed655d5c6ba1a started: 1779780318162; exited: -; ]
~> TaskHandler[jobId: 13237407; id: 225; name: filter_baf_lrr_files (filter_baf_lrr_batch); status: RUNNING; exit: -; error: -; workDir: /lustre09/project/6008022/mame20/WGS_pipeline/work/37/38a125e7782e1bf61386a622f269b3 started: 1779780373163; exited: -; ]
~> TaskHandler[jobId: 13237408; id: 224; name: filter_baf_lrr_files (filter_baf_lrr_batch); status: RUNNING; exit: -; error: -; workDir: /lustre09/project/6008022/mame20/WGS_pipeline/work/e9/e8901e9d9305e1b83500e27db8a3f1 started: 1779780413163; exited: -; ]
~> TaskHandler[jobId: 13237409; id: 226; name: filter_baf_lrr_files (filter_baf_lrr_batch); status: RUNNING; exit: -; error: -; workDir: /lustre09/project/6008022/mame20/WGS_pipeline/work/77/9689557034a4a434da0b5b1b6c60ec started: 1779780433170; exited: -; ]
~> TaskHandler[jobId: 13237411; id: 227; name: filter_baf_lrr_files (filter_baf_lrr_batch); status: RUNNING; exit: -; error: -; workDir: /lustre09/project/6008022/mame20/WGS_pipeline/work/3c/830deac0024b289212e9b1886ab87b started: 1779780433171; exited: -; ]
~> TaskHandler[jobId: 13237412; id: 228; name: filter_baf_lrr_files (filter_baf_lrr_batch); status: RUNNING; exit: -; error: -; workDir: /lustre09/project/6008022/mame20/WGS_pipeline/work/d6/bcc91e2912024dec9e0a5bff6ca5b7 started: 1779780443183; exited: -; ]
.. remaining tasks omitted.
May-26 04:05:38.229 [Task monitor] DEBUG n.processor.TaskPollingMonitor - !! executor slurm > tasks to be completed: 21 -- submitted tasks are shown below
~> TaskHandler[jobId: 13237282; id: 219; name: filter_baf_lrr_files (filter_baf_lrr_batch); status: RUNNING; exit: -; error: -; workDir: /lustre09/project/6008022/mame20/WGS_pipeline/work/ec/7cde2d477d715529853e76c2cf25aa started: 1779778873115; exited: -; ]
~> TaskHandler[jobId: 13237283; id: 220; name: filter_baf_lrr_files (filter_baf_lrr_batch); status: RUNNING; exit: -; error: -; workDir: /lustre09/project/6008022/mame20/WGS_pipeline/work/cd/769ea7475611abad41643753f989a4 started: 1779778873116; exited: -; ]
~> TaskHandler[jobId: 13237285; id: 221; name: filter_baf_lrr_files (filter_baf_lrr_batch); status: RUNNING; exit: -; error: -; workDir: /lustre09/project/6008022/mame20/WGS_pipeline/work/fb/cd098a2f5e29ecbc534999f2c918ba started: 1779778873117; exited: -; ]
~> TaskHandler[jobId: 13237290; id: 222; name: filter_baf_lrr_files (filter_baf_lrr_batch); status: RUNNING; exit: -; error: -; workDir: /lustre09/project/6008022/mame20/WGS_pipeline/work/42/b5179bcb343336b4cf4b88aea320aa started: 1779778873117; exited: -; ]
~> TaskHandler[jobId: 13237404; id: 223; name: filter_baf_lrr_files (filter_baf_lrr_batch); status: RUNNING; exit: -; error: -; workDir: /lustre09/project/6008022/mame20/WGS_pipeline/work/35/cb64e48711b2f302eed655d5c6ba1a started: 1779780318162; exited: -; ]
~> TaskHandler[jobId: 13237407; id: 225; name: filter_baf_lrr_files (filter_baf_lrr_batch); status: RUNNING; exit: -; error: -; workDir: /lustre09/project/6008022/mame20/WGS_pipeline/work/37/38a125e7782e1bf61386a622f269b3 started: 1779780373163; exited: -; ]
~> TaskHandler[jobId: 13237408; id: 224; name: filter_baf_lrr_files (filter_baf_lrr_batch); status: RUNNING; exit: -; error: -; workDir: /lustre09/project/6008022/mame20/WGS_pipeline/work/e9/e8901e9d9305e1b83500e27db8a3f1 started: 1779780413163; exited: -; ]
~> TaskHandler[jobId: 13237409; id: 226; name: filter_baf_lrr_files (filter_baf_lrr_batch); status: RUNNING; exit: -; error: -; workDir: /lustre09/project/6008022/mame20/WGS_pipeline/work/77/9689557034a4a434da0b5b1b6c60ec started: 1779780433170; exited: -; ]
~> TaskHandler[jobId: 13237411; id: 227; name: filter_baf_lrr_files (filter_baf_lrr_batch); status: RUNNING; exit: -; error: -; workDir: /lustre09/project/6008022/mame20/WGS_pipeline/work/3c/830deac0024b289212e9b1886ab87b started: 1779780433171; exited: -; ]
~> TaskHandler[jobId: 13237412; id: 228; name: filter_baf_lrr_files (filter_baf_lrr_batch); status: RUNNING; exit: -; error: -; workDir: /lustre09/project/6008022/mame20/WGS_pipeline/work/d6/bcc91e2912024dec9e0a5bff6ca5b7 started: 1779780443183; exited: -; ]
.. remaining tasks omitted.
May-26 04:10:38.242 [Task monitor] DEBUG n.processor.TaskPollingMonitor - !! executor slurm > tasks to be completed: 21 -- submitted tasks are shown below
~> TaskHandler[jobId: 13237282; id: 219; name: filter_baf_lrr_files (filter_baf_lrr_batch); status: RUNNING; exit: -; error: -; workDir: /lustre09/project/6008022/mame20/WGS_pipeline/work/ec/7cde2d477d715529853e76c2cf25aa started: 1779778873115; exited: -; ]
~> TaskHandler[jobId: 13237283; id: 220; name: filter_baf_lrr_files (filter_baf_lrr_batch); status: RUNNING; exit: -; error: -; workDir: /lustre09/project/6008022/mame20/WGS_pipeline/work/cd/769ea7475611abad41643753f989a4 started: 1779778873116; exited: -; ]
~> TaskHandler[jobId: 13237285; id: 221; name: filter_baf_lrr_files (filter_baf_lrr_batch); status: RUNNING; exit: -; error: -; workDir: /lustre09/project/6008022/mame20/WGS_pipeline/work/fb/cd098a2f5e29ecbc534999f2c918ba started: 1779778873117; exited: -; ]
~> TaskHandler[jobId: 13237290; id: 222; name: filter_baf_lrr_files (filter_baf_lrr_batch); status: RUNNING; exit: -; error: -; workDir: /lustre09/project/6008022/mame20/WGS_pipeline/work/42/b5179bcb343336b4cf4b88aea320aa started: 1779778873117; exited: -; ]
~> TaskHandler[jobId: 13237404; id: 223; name: filter_baf_lrr_files (filter_baf_lrr_batch); status: RUNNING; exit: -; error: -; workDir: /lustre09/project/6008022/mame20/WGS_pipeline/work/35/cb64e48711b2f302eed655d5c6ba1a started: 1779780318162; exited: -; ]
~> TaskHandler[jobId: 13237407; id: 225; name: filter_baf_lrr_files (filter_baf_lrr_batch); status: RUNNING; exit: -; error: -; workDir: /lustre09/project/6008022/mame20/WGS_pipeline/work/37/38a125e7782e1bf61386a622f269b3 started: 1779780373163; exited: -; ]
~> TaskHandler[jobId: 13237408; id: 224; name: filter_baf_lrr_files (filter_baf_lrr_batch); status: RUNNING; exit: -; error: -; workDir: /lustre09/project/6008022/mame20/WGS_pipeline/work/e9/e8901e9d9305e1b83500e27db8a3f1 started: 1779780413163; exited: -; ]
~> TaskHandler[jobId: 13237409; id: 226; name: filter_baf_lrr_files (filter_baf_lrr_batch); status: RUNNING; exit: -; error: -; workDir: /lustre09/project/6008022/mame20/WGS_pipeline/work/77/9689557034a4a434da0b5b1b6c60ec started: 1779780433170; exited: -; ]
~> TaskHandler[jobId: 13237411; id: 227; name: filter_baf_lrr_files (filter_baf_lrr_batch); status: RUNNING; exit: -; error: -; workDir: /lustre09/project/6008022/mame20/WGS_pipeline/work/3c/830deac0024b289212e9b1886ab87b started: 1779780433171; exited: -; ]
~> TaskHandler[jobId: 13237412; id: 228; name: filter_baf_lrr_files (filter_baf_lrr_batch); status: RUNNING; exit: -; error: -; workDir: /lustre09/project/6008022/mame20/WGS_pipeline/work/d6/bcc91e2912024dec9e0a5bff6ca5b7 started: 1779780443183; exited: -; ]
.. remaining tasks omitted.
May-26 04:15:38.250 [Task monitor] DEBUG n.processor.TaskPollingMonitor - !! executor slurm > tasks to be completed: 21 -- submitted tasks are shown below
~> TaskHandler[jobId: 13237282; id: 219; name: filter_baf_lrr_files (filter_baf_lrr_batch); status: RUNNING; exit: -; error: -; workDir: /lustre09/project/6008022/mame20/WGS_pipeline/work/ec/7cde2d477d715529853e76c2cf25aa started: 1779778873115; exited: -; ]
~> TaskHandler[jobId: 13237283; id: 220; name: filter_baf_lrr_files (filter_baf_lrr_batch); status: RUNNING; exit: -; error: -; workDir: /lustre09/project/6008022/mame20/WGS_pipeline/work/cd/769ea7475611abad41643753f989a4 started: 1779778873116; exited: -; ]
~> TaskHandler[jobId: 13237285; id: 221; name: filter_baf_lrr_files (filter_baf_lrr_batch); status: RUNNING; exit: -; error: -; workDir: /lustre09/project/6008022/mame20/WGS_pipeline/work/fb/cd098a2f5e29ecbc534999f2c918ba started: 1779778873117; exited: -; ]
~> TaskHandler[jobId: 13237290; id: 222; name: filter_baf_lrr_files (filter_baf_lrr_batch); status: RUNNING; exit: -; error: -; workDir: /lustre09/project/6008022/mame20/WGS_pipeline/work/42/b5179bcb343336b4cf4b88aea320aa started: 1779778873117; exited: -; ]
~> TaskHandler[jobId: 13237404; id: 223; name: filter_baf_lrr_files (filter_baf_lrr_batch); status: RUNNING; exit: -; error: -; workDir: /lustre09/project/6008022/mame20/WGS_pipeline/work/35/cb64e48711b2f302eed655d5c6ba1a started: 1779780318162; exited: -; ]
~> TaskHandler[jobId: 13237407; id: 225; name: filter_baf_lrr_files (filter_baf_lrr_batch); status: RUNNING; exit: -; error: -; workDir: /lustre09/project/6008022/mame20/WGS_pipeline/work/37/38a125e7782e1bf61386a622f269b3 started: 1779780373163; exited: -; ]
~> TaskHandler[jobId: 13237408; id: 224; name: filter_baf_lrr_files (filter_baf_lrr_batch); status: RUNNING; exit: -; error: -; workDir: /lustre09/project/6008022/mame20/WGS_pipeline/work/e9/e8901e9d9305e1b83500e27db8a3f1 started: 1779780413163; exited: -; ]
~> TaskHandler[jobId: 13237409; id: 226; name: filter_baf_lrr_files (filter_baf_lrr_batch); status: RUNNING; exit: -; error: -; workDir: /lustre09/project/6008022/mame20/WGS_pipeline/work/77/9689557034a4a434da0b5b1b6c60ec started: 1779780433170; exited: -; ]
~> TaskHandler[jobId: 13237411; id: 227; name: filter_baf_lrr_files (filter_baf_lrr_batch); status: RUNNING; exit: -; error: -; workDir: /lustre09/project/6008022/mame20/WGS_pipeline/work/3c/830deac0024b289212e9b1886ab87b started: 1779780433171; exited: -; ]
~> TaskHandler[jobId: 13237412; id: 228; name: filter_baf_lrr_files (filter_baf_lrr_batch); status: RUNNING; exit: -; error: -; workDir: /lustre09/project/6008022/mame20/WGS_pipeline/work/d6/bcc91e2912024dec9e0a5bff6ca5b7 started: 1779780443183; exited: -; ]
.. remaining tasks omitted.
May-26 04:15:43.253 [Task monitor] DEBUG n.processor.TaskPollingMonitor - Task completed > TaskHandler[jobId: 13237290; id: 222; name: filter_baf_lrr_files (filter_baf_lrr_batch); status: COMPLETED; exit: 0; error: -; workDir: /lustre09/project/6008022/mame20/WGS_pipeline/work/42/b5179bcb343336b4cf4b88aea320aa started: 1779778873117; exited: 2026-05-26T08:15:43Z; ]
May-26 04:16:28.253 [Task monitor] DEBUG n.processor.TaskPollingMonitor - Task completed > TaskHandler[jobId: 13237285; id: 221; name: filter_baf_lrr_files (filter_baf_lrr_batch); status: COMPLETED; exit: 0; error: -; workDir: /lustre09/project/6008022/mame20/WGS_pipeline/work/fb/cd098a2f5e29ecbc534999f2c918ba started: 1779778873117; exited: 2026-05-26T08:16:27Z; ]
May-26 04:17:58.256 [Task monitor] DEBUG n.processor.TaskPollingMonitor - Task completed > TaskHandler[jobId: 13237282; id: 219; name: filter_baf_lrr_files (filter_baf_lrr_batch); status: COMPLETED; exit: 0; error: -; workDir: /lustre09/project/6008022/mame20/WGS_pipeline/work/ec/7cde2d477d715529853e76c2cf25aa started: 1779778873115; exited: 2026-05-26T08:17:56Z; ]
May-26 04:18:23.257 [Task monitor] DEBUG n.processor.TaskPollingMonitor - Task completed > TaskHandler[jobId: 13237283; id: 220; name: filter_baf_lrr_files (filter_baf_lrr_batch); status: COMPLETED; exit: 0; error: -; workDir: /lustre09/project/6008022/mame20/WGS_pipeline/work/cd/769ea7475611abad41643753f989a4 started: 1779778873116; exited: 2026-05-26T08:18:21Z; ]
May-26 04:20:38.260 [Task monitor] DEBUG n.processor.TaskPollingMonitor - !! executor slurm > tasks to be completed: 17 -- submitted tasks are shown below
~> TaskHandler[jobId: 13237404; id: 223; name: filter_baf_lrr_files (filter_baf_lrr_batch); status: RUNNING; exit: -; error: -; workDir: /lustre09/project/6008022/mame20/WGS_pipeline/work/35/cb64e48711b2f302eed655d5c6ba1a started: 1779780318162; exited: -; ]
~> TaskHandler[jobId: 13237407; id: 225; name: filter_baf_lrr_files (filter_baf_lrr_batch); status: RUNNING; exit: -; error: -; workDir: /lustre09/project/6008022/mame20/WGS_pipeline/work/37/38a125e7782e1bf61386a622f269b3 started: 1779780373163; exited: -; ]
~> TaskHandler[jobId: 13237408; id: 224; name: filter_baf_lrr_files (filter_baf_lrr_batch); status: RUNNING; exit: -; error: -; workDir: /lustre09/project/6008022/mame20/WGS_pipeline/work/e9/e8901e9d9305e1b83500e27db8a3f1 started: 1779780413163; exited: -; ]
~> TaskHandler[jobId: 13237409; id: 226; name: filter_baf_lrr_files (filter_baf_lrr_batch); status: RUNNING; exit: -; error: -; workDir: /lustre09/project/6008022/mame20/WGS_pipeline/work/77/9689557034a4a434da0b5b1b6c60ec started: 1779780433170; exited: -; ]
~> TaskHandler[jobId: 13237411; id: 227; name: filter_baf_lrr_files (filter_baf_lrr_batch); status: RUNNING; exit: -; error: -; workDir: /lustre09/project/6008022/mame20/WGS_pipeline/work/3c/830deac0024b289212e9b1886ab87b started: 1779780433171; exited: -; ]
~> TaskHandler[jobId: 13237412; id: 228; name: filter_baf_lrr_files (filter_baf_lrr_batch); status: RUNNING; exit: -; error: -; workDir: /lustre09/project/6008022/mame20/WGS_pipeline/work/d6/bcc91e2912024dec9e0a5bff6ca5b7 started: 1779780443183; exited: -; ]
~> TaskHandler[jobId: 13237415; id: 229; name: filter_baf_lrr_files (filter_baf_lrr_batch); status: RUNNING; exit: -; error: -; workDir: /lustre09/project/6008022/mame20/WGS_pipeline/work/c6/8ec9173211fb9591c9fbde3855bb2c started: 1779780463169; exited: -; ]
~> TaskHandler[jobId: 13237417; id: 230; name: filter_baf_lrr_files (filter_baf_lrr_batch); status: RUNNING; exit: -; error: -; workDir: /lustre09/project/6008022/mame20/WGS_pipeline/work/86/fa312f75aa9edad6d1530f49797f9c started: 1779780473172; exited: -; ]
~> TaskHandler[jobId: 13237419; id: 232; name: filter_baf_lrr_files (filter_baf_lrr_batch); status: RUNNING; exit: -; error: -; workDir: /lustre09/project/6008022/mame20/WGS_pipeline/work/62/f8516225d859118ac55e55a57b6837 started: 1779780473173; exited: -; ]
~> TaskHandler[jobId: 13237420; id: 231; name: filter_baf_lrr_files (filter_baf_lrr_batch); status: RUNNING; exit: -; error: -; workDir: /lustre09/project/6008022/mame20/WGS_pipeline/work/f2/244a5e0b23f6e2c7b3023434a406da started: 1779780508167; exited: -; ]
.. remaining tasks omitted.
May-26 04:25:38.266 [Task monitor] DEBUG n.processor.TaskPollingMonitor - !! executor slurm > tasks to be completed: 17 -- submitted tasks are shown below
~> TaskHandler[jobId: 13237404; id: 223; name: filter_baf_lrr_files (filter_baf_lrr_batch); status: RUNNING; exit: -; error: -; workDir: /lustre09/project/6008022/mame20/WGS_pipeline/work/35/cb64e48711b2f302eed655d5c6ba1a started: 1779780318162; exited: -; ]
~> TaskHandler[jobId: 13237407; id: 225; name: filter_baf_lrr_files (filter_baf_lrr_batch); status: RUNNING; exit: -; error: -; workDir: /lustre09/project/6008022/mame20/WGS_pipeline/work/37/38a125e7782e1bf61386a622f269b3 started: 1779780373163; exited: -; ]
~> TaskHandler[jobId: 13237408; id: 224; name: filter_baf_lrr_files (filter_baf_lrr_batch); status: RUNNING; exit: -; error: -; workDir: /lustre09/project/6008022/mame20/WGS_pipeline/work/e9/e8901e9d9305e1b83500e27db8a3f1 started: 1779780413163; exited: -; ]
~> TaskHandler[jobId: 13237409; id: 226; name: filter_baf_lrr_files (filter_baf_lrr_batch); status: RUNNING; exit: -; error: -; workDir: /lustre09/project/6008022/mame20/WGS_pipeline/work/77/9689557034a4a434da0b5b1b6c60ec started: 1779780433170; exited: -; ]
~> TaskHandler[jobId: 13237411; id: 227; name: filter_baf_lrr_files (filter_baf_lrr_batch); status: RUNNING; exit: -; error: -; workDir: /lustre09/project/6008022/mame20/WGS_pipeline/work/3c/830deac0024b289212e9b1886ab87b started: 1779780433171; exited: -; ]
~> TaskHandler[jobId: 13237412; id: 228; name: filter_baf_lrr_files (filter_baf_lrr_batch); status: RUNNING; exit: -; error: -; workDir: /lustre09/project/6008022/mame20/WGS_pipeline/work/d6/bcc91e2912024dec9e0a5bff6ca5b7 started: 1779780443183; exited: -; ]
~> TaskHandler[jobId: 13237415; id: 229; name: filter_baf_lrr_files (filter_baf_lrr_batch); status: RUNNING; exit: -; error: -; workDir: /lustre09/project/6008022/mame20/WGS_pipeline/work/c6/8ec9173211fb9591c9fbde3855bb2c started: 1779780463169; exited: -; ]
~> TaskHandler[jobId: 13237417; id: 230; name: filter_baf_lrr_files (filter_baf_lrr_batch); status: RUNNING; exit: -; error: -; workDir: /lustre09/project/6008022/mame20/WGS_pipeline/work/86/fa312f75aa9edad6d1530f49797f9c started: 1779780473172; exited: -; ]
~> TaskHandler[jobId: 13237419; id: 232; name: filter_baf_lrr_files (filter_baf_lrr_batch); status: RUNNING; exit: -; error: -; workDir: /lustre09/project/6008022/mame20/WGS_pipeline/work/62/f8516225d859118ac55e55a57b6837 started: 1779780473173; exited: -; ]
~> TaskHandler[jobId: 13237420; id: 231; name: filter_baf_lrr_files (filter_baf_lrr_batch); status: RUNNING; exit: -; error: -; workDir: /lustre09/project/6008022/mame20/WGS_pipeline/work/f2/244a5e0b23f6e2c7b3023434a406da started: 1779780508167; exited: -; ]
.. remaining tasks omitted.
May-26 04:30:38.274 [Task monitor] DEBUG n.processor.TaskPollingMonitor - !! executor slurm > tasks to be completed: 17 -- submitted tasks are shown below
~> TaskHandler[jobId: 13237404; id: 223; name: filter_baf_lrr_files (filter_baf_lrr_batch); status: RUNNING; exit: -; error: -; workDir: /lustre09/project/6008022/mame20/WGS_pipeline/work/35/cb64e48711b2f302eed655d5c6ba1a started: 1779780318162; exited: -; ]
~> TaskHandler[jobId: 13237407; id: 225; name: filter_baf_lrr_files (filter_baf_lrr_batch); status: RUNNING; exit: -; error: -; workDir: /lustre09/project/6008022/mame20/WGS_pipeline/work/37/38a125e7782e1bf61386a622f269b3 started: 1779780373163; exited: -; ]
~> TaskHandler[jobId: 13237408; id: 224; name: filter_baf_lrr_files (filter_baf_lrr_batch); status: RUNNING; exit: -; error: -; workDir: /lustre09/project/6008022/mame20/WGS_pipeline/work/e9/e8901e9d9305e1b83500e27db8a3f1 started: 1779780413163; exited: -; ]
~> TaskHandler[jobId: 13237409; id: 226; name: filter_baf_lrr_files (filter_baf_lrr_batch); status: RUNNING; exit: -; error: -; workDir: /lustre09/project/6008022/mame20/WGS_pipeline/work/77/9689557034a4a434da0b5b1b6c60ec started: 1779780433170; exited: -; ]
~> TaskHandler[jobId: 13237411; id: 227; name: filter_baf_lrr_files (filter_baf_lrr_batch); status: RUNNING; exit: -; error: -; workDir: /lustre09/project/6008022/mame20/WGS_pipeline/work/3c/830deac0024b289212e9b1886ab87b started: 1779780433171; exited: -; ]
~> TaskHandler[jobId: 13237412; id: 228; name: filter_baf_lrr_files (filter_baf_lrr_batch); status: RUNNING; exit: -; error: -; workDir: /lustre09/project/6008022/mame20/WGS_pipeline/work/d6/bcc91e2912024dec9e0a5bff6ca5b7 started: 1779780443183; exited: -; ]
~> TaskHandler[jobId: 13237415; id: 229; name: filter_baf_lrr_files (filter_baf_lrr_batch); status: RUNNING; exit: -; error: -; workDir: /lustre09/project/6008022/mame20/WGS_pipeline/work/c6/8ec9173211fb9591c9fbde3855bb2c started: 1779780463169; exited: -; ]
~> TaskHandler[jobId: 13237417; id: 230; name: filter_baf_lrr_files (filter_baf_lrr_batch); status: RUNNING; exit: -; error: -; workDir: /lustre09/project/6008022/mame20/WGS_pipeline/work/86/fa312f75aa9edad6d1530f49797f9c started: 1779780473172; exited: -; ]
~> TaskHandler[jobId: 13237419; id: 232; name: filter_baf_lrr_files (filter_baf_lrr_batch); status: RUNNING; exit: -; error: -; workDir: /lustre09/project/6008022/mame20/WGS_pipeline/work/62/f8516225d859118ac55e55a57b6837 started: 1779780473173; exited: -; ]
~> TaskHandler[jobId: 13237420; id: 231; name: filter_baf_lrr_files (filter_baf_lrr_batch); status: RUNNING; exit: -; error: -; workDir: /lustre09/project/6008022/mame20/WGS_pipeline/work/f2/244a5e0b23f6e2c7b3023434a406da started: 1779780508167; exited: -; ]
.. remaining tasks omitted.
May-26 04:35:38.280 [Task monitor] DEBUG n.processor.TaskPollingMonitor - !! executor slurm > tasks to be completed: 17 -- submitted tasks are shown below
~> TaskHandler[jobId: 13237404; id: 223; name: filter_baf_lrr_files (filter_baf_lrr_batch); status: RUNNING; exit: -; error: -; workDir: /lustre09/project/6008022/mame20/WGS_pipeline/work/35/cb64e48711b2f302eed655d5c6ba1a started: 1779780318162; exited: -; ]
~> TaskHandler[jobId: 13237407; id: 225; name: filter_baf_lrr_files (filter_baf_lrr_batch); status: RUNNING; exit: -; error: -; workDir: /lustre09/project/6008022/mame20/WGS_pipeline/work/37/38a125e7782e1bf61386a622f269b3 started: 1779780373163; exited: -; ]
~> TaskHandler[jobId: 13237408; id: 224; name: filter_baf_lrr_files (filter_baf_lrr_batch); status: RUNNING; exit: -; error: -; workDir: /lustre09/project/6008022/mame20/WGS_pipeline/work/e9/e8901e9d9305e1b83500e27db8a3f1 started: 1779780413163; exited: -; ]
~> TaskHandler[jobId: 13237409; id: 226; name: filter_baf_lrr_files (filter_baf_lrr_batch); status: RUNNING; exit: -; error: -; workDir: /lustre09/project/6008022/mame20/WGS_pipeline/work/77/9689557034a4a434da0b5b1b6c60ec started: 1779780433170; exited: -; ]
~> TaskHandler[jobId: 13237411; id: 227; name: filter_baf_lrr_files (filter_baf_lrr_batch); status: RUNNING; exit: -; error: -; workDir: /lustre09/project/6008022/mame20/WGS_pipeline/work/3c/830deac0024b289212e9b1886ab87b started: 1779780433171; exited: -; ]
~> TaskHandler[jobId: 13237412; id: 228; name: filter_baf_lrr_files (filter_baf_lrr_batch); status: RUNNING; exit: -; error: -; workDir: /lustre09/project/6008022/mame20/WGS_pipeline/work/d6/bcc91e2912024dec9e0a5bff6ca5b7 started: 1779780443183; exited: -; ]
~> TaskHandler[jobId: 13237415; id: 229; name: filter_baf_lrr_files (filter_baf_lrr_batch); status: RUNNING; exit: -; error: -; workDir: /lustre09/project/6008022/mame20/WGS_pipeline/work/c6/8ec9173211fb9591c9fbde3855bb2c started: 1779780463169; exited: -; ]
~> TaskHandler[jobId: 13237417; id: 230; name: filter_baf_lrr_files (filter_baf_lrr_batch); status: RUNNING; exit: -; error: -; workDir: /lustre09/project/6008022/mame20/WGS_pipeline/work/86/fa312f75aa9edad6d1530f49797f9c started: 1779780473172; exited: -; ]
~> TaskHandler[jobId: 13237419; id: 232; name: filter_baf_lrr_files (filter_baf_lrr_batch); status: RUNNING; exit: -; error: -; workDir: /lustre09/project/6008022/mame20/WGS_pipeline/work/62/f8516225d859118ac55e55a57b6837 started: 1779780473173; exited: -; ]
~> TaskHandler[jobId: 13237420; id: 231; name: filter_baf_lrr_files (filter_baf_lrr_batch); status: RUNNING; exit: -; error: -; workDir: /lustre09/project/6008022/mame20/WGS_pipeline/work/f2/244a5e0b23f6e2c7b3023434a406da started: 1779780508167; exited: -; ]
.. remaining tasks omitted.
May-26 04:40:38.286 [Task monitor] DEBUG n.processor.TaskPollingMonitor - !! executor slurm > tasks to be completed: 17 -- submitted tasks are shown below
~> TaskHandler[jobId: 13237404; id: 223; name: filter_baf_lrr_files (filter_baf_lrr_batch); status: RUNNING; exit: -; error: -; workDir: /lustre09/project/6008022/mame20/WGS_pipeline/work/35/cb64e48711b2f302eed655d5c6ba1a started: 1779780318162; exited: -; ]
~> TaskHandler[jobId: 13237407; id: 225; name: filter_baf_lrr_files (filter_baf_lrr_batch); status: RUNNING; exit: -; error: -; workDir: /lustre09/project/6008022/mame20/WGS_pipeline/work/37/38a125e7782e1bf61386a622f269b3 started: 1779780373163; exited: -; ]
~> TaskHandler[jobId: 13237408; id: 224; name: filter_baf_lrr_files (filter_baf_lrr_batch); status: RUNNING; exit: -; error: -; workDir: /lustre09/project/6008022/mame20/WGS_pipeline/work/e9/e8901e9d9305e1b83500e27db8a3f1 started: 1779780413163; exited: -; ]
~> TaskHandler[jobId: 13237409; id: 226; name: filter_baf_lrr_files (filter_baf_lrr_batch); status: RUNNING; exit: -; error: -; workDir: /lustre09/project/6008022/mame20/WGS_pipeline/work/77/9689557034a4a434da0b5b1b6c60ec started: 1779780433170; exited: -; ]
~> TaskHandler[jobId: 13237411; id: 227; name: filter_baf_lrr_files (filter_baf_lrr_batch); status: RUNNING; exit: -; error: -; workDir: /lustre09/project/6008022/mame20/WGS_pipeline/work/3c/830deac0024b289212e9b1886ab87b started: 1779780433171; exited: -; ]
~> TaskHandler[jobId: 13237412; id: 228; name: filter_baf_lrr_files (filter_baf_lrr_batch); status: RUNNING; exit: -; error: -; workDir: /lustre09/project/6008022/mame20/WGS_pipeline/work/d6/bcc91e2912024dec9e0a5bff6ca5b7 started: 1779780443183; exited: -; ]
~> TaskHandler[jobId: 13237415; id: 229; name: filter_baf_lrr_files (filter_baf_lrr_batch); status: RUNNING; exit: -; error: -; workDir: /lustre09/project/6008022/mame20/WGS_pipeline/work/c6/8ec9173211fb9591c9fbde3855bb2c started: 1779780463169; exited: -; ]
~> TaskHandler[jobId: 13237417; id: 230; name: filter_baf_lrr_files (filter_baf_lrr_batch); status: RUNNING; exit: -; error: -; workDir: /lustre09/project/6008022/mame20/WGS_pipeline/work/86/fa312f75aa9edad6d1530f49797f9c started: 1779780473172; exited: -; ]
~> TaskHandler[jobId: 13237419; id: 232; name: filter_baf_lrr_files (filter_baf_lrr_batch); status: RUNNING; exit: -; error: -; workDir: /lustre09/project/6008022/mame20/WGS_pipeline/work/62/f8516225d859118ac55e55a57b6837 started: 1779780473173; exited: -; ]
~> TaskHandler[jobId: 13237420; id: 231; name: filter_baf_lrr_files (filter_baf_lrr_batch); status: RUNNING; exit: -; error: -; workDir: /lustre09/project/6008022/mame20/WGS_pipeline/work/f2/244a5e0b23f6e2c7b3023434a406da started: 1779780508167; exited: -; ]
.. remaining tasks omitted.
May-26 04:42:08.291 [Task monitor] DEBUG n.processor.TaskPollingMonitor - Task completed > TaskHandler[jobId: 13237404; id: 223; name: filter_baf_lrr_files (filter_baf_lrr_batch); status: COMPLETED; exit: 0; error: -; workDir: /lustre09/project/6008022/mame20/WGS_pipeline/work/35/cb64e48711b2f302eed655d5c6ba1a started: 1779780318162; exited: 2026-05-26T08:42:07Z; ]
May-26 04:44:48.294 [Task monitor] DEBUG n.processor.TaskPollingMonitor - Task completed > TaskHandler[jobId: 13237412; id: 228; name: filter_baf_lrr_files (filter_baf_lrr_batch); status: COMPLETED; exit: 0; error: -; workDir: /lustre09/project/6008022/mame20/WGS_pipeline/work/d6/bcc91e2912024dec9e0a5bff6ca5b7 started: 1779780443183; exited: 2026-05-26T08:44:48Z; ]
May-26 04:45:38.292 [Task monitor] DEBUG n.processor.TaskPollingMonitor - !! executor slurm > tasks to be completed: 15 -- submitted tasks are shown below
~> TaskHandler[jobId: 13237407; id: 225; name: filter_baf_lrr_files (filter_baf_lrr_batch); status: RUNNING; exit: -; error: -; workDir: /lustre09/project/6008022/mame20/WGS_pipeline/work/37/38a125e7782e1bf61386a622f269b3 started: 1779780373163; exited: -; ]
~> TaskHandler[jobId: 13237408; id: 224; name: filter_baf_lrr_files (filter_baf_lrr_batch); status: RUNNING; exit: -; error: -; workDir: /lustre09/project/6008022/mame20/WGS_pipeline/work/e9/e8901e9d9305e1b83500e27db8a3f1 started: 1779780413163; exited: -; ]
~> TaskHandler[jobId: 13237409; id: 226; name: filter_baf_lrr_files (filter_baf_lrr_batch); status: RUNNING; exit: -; error: -; workDir: /lustre09/project/6008022/mame20/WGS_pipeline/work/77/9689557034a4a434da0b5b1b6c60ec started: 1779780433170; exited: -; ]
~> TaskHandler[jobId: 13237411; id: 227; name: filter_baf_lrr_files (filter_baf_lrr_batch); status: RUNNING; exit: -; error: -; workDir: /lustre09/project/6008022/mame20/WGS_pipeline/work/3c/830deac0024b289212e9b1886ab87b started: 1779780433171; exited: -; ]
~> TaskHandler[jobId: 13237415; id: 229; name: filter_baf_lrr_files (filter_baf_lrr_batch); status: RUNNING; exit: -; error: -; workDir: /lustre09/project/6008022/mame20/WGS_pipeline/work/c6/8ec9173211fb9591c9fbde3855bb2c started: 1779780463169; exited: -; ]
~> TaskHandler[jobId: 13237417; id: 230; name: filter_baf_lrr_files (filter_baf_lrr_batch); status: RUNNING; exit: -; error: -; workDir: /lustre09/project/6008022/mame20/WGS_pipeline/work/86/fa312f75aa9edad6d1530f49797f9c started: 1779780473172; exited: -; ]
~> TaskHandler[jobId: 13237419; id: 232; name: filter_baf_lrr_files (filter_baf_lrr_batch); status: RUNNING; exit: -; error: -; workDir: /lustre09/project/6008022/mame20/WGS_pipeline/work/62/f8516225d859118ac55e55a57b6837 started: 1779780473173; exited: -; ]
~> TaskHandler[jobId: 13237420; id: 231; name: filter_baf_lrr_files (filter_baf_lrr_batch); status: RUNNING; exit: -; error: -; workDir: /lustre09/project/6008022/mame20/WGS_pipeline/work/f2/244a5e0b23f6e2c7b3023434a406da started: 1779780508167; exited: -; ]
~> TaskHandler[jobId: 13237421; id: 233; name: filter_baf_lrr_files (filter_baf_lrr_batch); status: RUNNING; exit: -; error: -; workDir: /lustre09/project/6008022/mame20/WGS_pipeline/work/b0/61a774f462101edab93d193116f900 started: 1779780533166; exited: -; ]
~> TaskHandler[jobId: 13237423; id: 234; name: filter_baf_lrr_files (filter_baf_lrr_batch); status: RUNNING; exit: -; error: -; workDir: /lustre09/project/6008022/mame20/WGS_pipeline/work/6c/f9e2f3335be94f31ed8192a4fc9db4 started: 1779780548166; exited: -; ]
.. remaining tasks omitted.
May-26 04:47:13.297 [Task monitor] DEBUG n.processor.TaskPollingMonitor - Task completed > TaskHandler[jobId: 13237424; id: 236; name: filter_baf_lrr_files (filter_baf_lrr_batch); status: COMPLETED; exit: 0; error: -; workDir: /lustre09/project/6008022/mame20/WGS_pipeline/work/5a/00279b9a14ea3feb0bf88f938db09e started: 1779780548167; exited: 2026-05-26T08:47:08Z; ]
May-26 04:47:18.295 [Task monitor] DEBUG n.processor.TaskPollingMonitor - Task completed > TaskHandler[jobId: 13237407; id: 225; name: filter_baf_lrr_files (filter_baf_lrr_batch); status: COMPLETED; exit: 0; error: -; workDir: /lustre09/project/6008022/mame20/WGS_pipeline/work/37/38a125e7782e1bf61386a622f269b3 started: 1779780373163; exited: 2026-05-26T08:47:13Z; ]
May-26 04:47:33.296 [Task monitor] DEBUG n.processor.TaskPollingMonitor - Task completed > TaskHandler[jobId: 13237421; id: 233; name: filter_baf_lrr_files (filter_baf_lrr_batch); status: COMPLETED; exit: 0; error: -; workDir: /lustre09/project/6008022/mame20/WGS_pipeline/work/b0/61a774f462101edab93d193116f900 started: 1779780533166; exited: 2026-05-26T08:47:32Z; ]
May-26 04:49:18.300 [Task monitor] DEBUG n.processor.TaskPollingMonitor - Task completed > TaskHandler[jobId: 13237428; id: 238; name: filter_baf_lrr_files (filter_baf_lrr_batch); status: COMPLETED; exit: 0; error: -; workDir: /lustre09/project/6008022/mame20/WGS_pipeline/work/24/4a46b33f834092a34748357a2d532d started: 1779780733170; exited: 2026-05-26T08:49:13Z; ]
May-26 04:49:38.336 [Task monitor] DEBUG n.processor.TaskPollingMonitor - Task completed > TaskHandler[jobId: 13237425; id: 235; name: filter_baf_lrr_files (filter_baf_lrr_batch); status: COMPLETED; exit: 0; error: -; workDir: /lustre09/project/6008022/mame20/WGS_pipeline/work/6d/ce1ef1c418a16ebe69947eee4db008 started: 1779780548168; exited: 2026-05-26T08:49:38Z; ]
May-26 04:50:38.299 [Task monitor] DEBUG n.processor.TaskPollingMonitor - !! executor slurm > tasks to be completed: 10 -- submitted tasks are shown below
~> TaskHandler[jobId: 13237408; id: 224; name: filter_baf_lrr_files (filter_baf_lrr_batch); status: RUNNING; exit: -; error: -; workDir: /lustre09/project/6008022/mame20/WGS_pipeline/work/e9/e8901e9d9305e1b83500e27db8a3f1 started: 1779780413163; exited: -; ]
~> TaskHandler[jobId: 13237409; id: 226; name: filter_baf_lrr_files (filter_baf_lrr_batch); status: RUNNING; exit: -; error: -; workDir: /lustre09/project/6008022/mame20/WGS_pipeline/work/77/9689557034a4a434da0b5b1b6c60ec started: 1779780433170; exited: -; ]
~> TaskHandler[jobId: 13237411; id: 227; name: filter_baf_lrr_files (filter_baf_lrr_batch); status: RUNNING; exit: -; error: -; workDir: /lustre09/project/6008022/mame20/WGS_pipeline/work/3c/830deac0024b289212e9b1886ab87b started: 1779780433171; exited: -; ]
~> TaskHandler[jobId: 13237415; id: 229; name: filter_baf_lrr_files (filter_baf_lrr_batch); status: RUNNING; exit: -; error: -; workDir: /lustre09/project/6008022/mame20/WGS_pipeline/work/c6/8ec9173211fb9591c9fbde3855bb2c started: 1779780463169; exited: -; ]
~> TaskHandler[jobId: 13237417; id: 230; name: filter_baf_lrr_files (filter_baf_lrr_batch); status: RUNNING; exit: -; error: -; workDir: /lustre09/project/6008022/mame20/WGS_pipeline/work/86/fa312f75aa9edad6d1530f49797f9c started: 1779780473172; exited: -; ]
~> TaskHandler[jobId: 13237419; id: 232; name: filter_baf_lrr_files (filter_baf_lrr_batch); status: RUNNING; exit: -; error: -; workDir: /lustre09/project/6008022/mame20/WGS_pipeline/work/62/f8516225d859118ac55e55a57b6837 started: 1779780473173; exited: -; ]
~> TaskHandler[jobId: 13237420; id: 231; name: filter_baf_lrr_files (filter_baf_lrr_batch); status: RUNNING; exit: -; error: -; workDir: /lustre09/project/6008022/mame20/WGS_pipeline/work/f2/244a5e0b23f6e2c7b3023434a406da started: 1779780508167; exited: -; ]
~> TaskHandler[jobId: 13237423; id: 234; name: filter_baf_lrr_files (filter_baf_lrr_batch); status: RUNNING; exit: -; error: -; workDir: /lustre09/project/6008022/mame20/WGS_pipeline/work/6c/f9e2f3335be94f31ed8192a4fc9db4 started: 1779780548166; exited: -; ]
~> TaskHandler[jobId: 13237426; id: 237; name: filter_baf_lrr_files (filter_baf_lrr_batch); status: RUNNING; exit: -; error: -; workDir: /lustre09/project/6008022/mame20/WGS_pipeline/work/5e/f8b50b7e55d436059fa8e4bcf07807 started: 1779780713173; exited: -; ]
~> TaskHandler[jobId: 13237430; id: 239; name: filter_baf_lrr_files (filter_baf_lrr_batch); status: RUNNING; exit: -; error: -; workDir: /lustre09/project/6008022/mame20/WGS_pipeline/work/60/c37fc58bd816c742b8af6f29884d34 started: 1779780733171; exited: -; ]
May-26 04:51:03.302 [Task monitor] DEBUG n.processor.TaskPollingMonitor - Task completed > TaskHandler[jobId: 13237415; id: 229; name: filter_baf_lrr_files (filter_baf_lrr_batch); status: COMPLETED; exit: 0; error: -; workDir: /lustre09/project/6008022/mame20/WGS_pipeline/work/c6/8ec9173211fb9591c9fbde3855bb2c started: 1779780463169; exited: 2026-05-26T08:50:59Z; ]
May-26 04:51:08.303 [Task monitor] DEBUG n.processor.TaskPollingMonitor - Task completed > TaskHandler[jobId: 13237419; id: 232; name: filter_baf_lrr_files (filter_baf_lrr_batch); status: COMPLETED; exit: 0; error: -; workDir: /lustre09/project/6008022/mame20/WGS_pipeline/work/62/f8516225d859118ac55e55a57b6837 started: 1779780473173; exited: 2026-05-26T08:51:04Z; ]
May-26 04:51:08.306 [Task monitor] DEBUG n.processor.TaskPollingMonitor - Task completed > TaskHandler[jobId: 13237426; id: 237; name: filter_baf_lrr_files (filter_baf_lrr_batch); status: COMPLETED; exit: 0; error: -; workDir: /lustre09/project/6008022/mame20/WGS_pipeline/work/5e/f8b50b7e55d436059fa8e4bcf07807 started: 1779780713173; exited: 2026-05-26T08:51:08Z; ]
May-26 04:52:03.303 [Task monitor] DEBUG n.processor.TaskPollingMonitor - Task completed > TaskHandler[jobId: 13237420; id: 231; name: filter_baf_lrr_files (filter_baf_lrr_batch); status: COMPLETED; exit: 0; error: -; workDir: /lustre09/project/6008022/mame20/WGS_pipeline/work/f2/244a5e0b23f6e2c7b3023434a406da started: 1779780508167; exited: 2026-05-26T08:51:59Z; ]
May-26 04:52:18.302 [Task monitor] DEBUG n.processor.TaskPollingMonitor - Task completed > TaskHandler[jobId: 13237408; id: 224; name: filter_baf_lrr_files (filter_baf_lrr_batch); status: COMPLETED; exit: 0; error: -; workDir: /lustre09/project/6008022/mame20/WGS_pipeline/work/e9/e8901e9d9305e1b83500e27db8a3f1 started: 1779780413163; exited: 2026-05-26T08:52:16Z; ]
May-26 04:52:43.319 [Task monitor] DEBUG n.processor.TaskPollingMonitor - Task completed > TaskHandler[jobId: 13237417; id: 230; name: filter_baf_lrr_files (filter_baf_lrr_batch); status: COMPLETED; exit: 0; error: -; workDir: /lustre09/project/6008022/mame20/WGS_pipeline/work/86/fa312f75aa9edad6d1530f49797f9c started: 1779780473172; exited: 2026-05-26T08:52:40Z; ]
May-26 04:55:38.303 [Task monitor] DEBUG n.processor.TaskPollingMonitor - !! executor slurm > tasks to be completed: 4 -- submitted tasks are shown below
~> TaskHandler[jobId: 13237409; id: 226; name: filter_baf_lrr_files (filter_baf_lrr_batch); status: RUNNING; exit: -; error: -; workDir: /lustre09/project/6008022/mame20/WGS_pipeline/work/77/9689557034a4a434da0b5b1b6c60ec started: 1779780433170; exited: -; ]
~> TaskHandler[jobId: 13237411; id: 227; name: filter_baf_lrr_files (filter_baf_lrr_batch); status: RUNNING; exit: -; error: -; workDir: /lustre09/project/6008022/mame20/WGS_pipeline/work/3c/830deac0024b289212e9b1886ab87b started: 1779780433171; exited: -; ]
~> TaskHandler[jobId: 13237423; id: 234; name: filter_baf_lrr_files (filter_baf_lrr_batch); status: RUNNING; exit: -; error: -; workDir: /lustre09/project/6008022/mame20/WGS_pipeline/work/6c/f9e2f3335be94f31ed8192a4fc9db4 started: 1779780548166; exited: -; ]
~> TaskHandler[jobId: 13237430; id: 239; name: filter_baf_lrr_files (filter_baf_lrr_batch); status: RUNNING; exit: -; error: -; workDir: /lustre09/project/6008022/mame20/WGS_pipeline/work/60/c37fc58bd816c742b8af6f29884d34 started: 1779780733171; exited: -; ]
May-26 04:57:53.323 [Task monitor] DEBUG n.processor.TaskPollingMonitor - Task completed > TaskHandler[jobId: 13237411; id: 227; name: filter_baf_lrr_files (filter_baf_lrr_batch); status: COMPLETED; exit: 0; error: -; workDir: /lustre09/project/6008022/mame20/WGS_pipeline/work/3c/830deac0024b289212e9b1886ab87b started: 1779780433171; exited: 2026-05-26T08:57:52Z; ]
May-26 04:59:03.336 [Task monitor] DEBUG n.processor.TaskPollingMonitor - Task completed > TaskHandler[jobId: 13237430; id: 239; name: filter_baf_lrr_files (filter_baf_lrr_batch); status: COMPLETED; exit: 0; error: -; workDir: /lustre09/project/6008022/mame20/WGS_pipeline/work/60/c37fc58bd816c742b8af6f29884d34 started: 1779780733171; exited: 2026-05-26T08:59:01Z; ]
May-26 05:00:38.309 [Task monitor] DEBUG n.processor.TaskPollingMonitor - !! executor slurm > tasks to be completed: 2 -- submitted tasks are shown below
~> TaskHandler[jobId: 13237409; id: 226; name: filter_baf_lrr_files (filter_baf_lrr_batch); status: RUNNING; exit: -; error: -; workDir: /lustre09/project/6008022/mame20/WGS_pipeline/work/77/9689557034a4a434da0b5b1b6c60ec started: 1779780433170; exited: -; ]
~> TaskHandler[jobId: 13237423; id: 234; name: filter_baf_lrr_files (filter_baf_lrr_batch); status: RUNNING; exit: -; error: -; workDir: /lustre09/project/6008022/mame20/WGS_pipeline/work/6c/f9e2f3335be94f31ed8192a4fc9db4 started: 1779780548166; exited: -; ]
May-26 05:03:58.316 [Task monitor] DEBUG n.processor.TaskPollingMonitor - Task completed > TaskHandler[jobId: 13237409; id: 226; name: filter_baf_lrr_files (filter_baf_lrr_batch); status: COMPLETED; exit: 0; error: -; workDir: /lustre09/project/6008022/mame20/WGS_pipeline/work/77/9689557034a4a434da0b5b1b6c60ec started: 1779780433170; exited: 2026-05-26T09:03:56Z; ]
May-26 05:05:38.314 [Task monitor] DEBUG n.processor.TaskPollingMonitor - !! executor slurm > tasks to be completed: 1 -- submitted tasks are shown below
~> TaskHandler[jobId: 13237423; id: 234; name: filter_baf_lrr_files (filter_baf_lrr_batch); status: RUNNING; exit: -; error: -; workDir: /lustre09/project/6008022/mame20/WGS_pipeline/work/6c/f9e2f3335be94f31ed8192a4fc9db4 started: 1779780548166; exited: -; ]
May-26 05:10:38.324 [Task monitor] DEBUG n.processor.TaskPollingMonitor - !! executor slurm > tasks to be completed: 1 -- submitted tasks are shown below
~> TaskHandler[jobId: 13237423; id: 234; name: filter_baf_lrr_files (filter_baf_lrr_batch); status: RUNNING; exit: -; error: -; workDir: /lustre09/project/6008022/mame20/WGS_pipeline/work/6c/f9e2f3335be94f31ed8192a4fc9db4 started: 1779780548166; exited: -; ]
May-26 05:15:38.330 [Task monitor] DEBUG n.processor.TaskPollingMonitor - !! executor slurm > tasks to be completed: 1 -- submitted tasks are shown below
~> TaskHandler[jobId: 13237423; id: 234; name: filter_baf_lrr_files (filter_baf_lrr_batch); status: RUNNING; exit: -; error: -; workDir: /lustre09/project/6008022/mame20/WGS_pipeline/work/6c/f9e2f3335be94f31ed8192a4fc9db4 started: 1779780548166; exited: -; ]
May-26 05:20:38.340 [Task monitor] DEBUG n.processor.TaskPollingMonitor - !! executor slurm > tasks to be completed: 1 -- submitted tasks are shown below
~> TaskHandler[jobId: 13237423; id: 234; name: filter_baf_lrr_files (filter_baf_lrr_batch); status: RUNNING; exit: -; error: -; workDir: /lustre09/project/6008022/mame20/WGS_pipeline/work/6c/f9e2f3335be94f31ed8192a4fc9db4 started: 1779780548166; exited: -; ]
May-26 05:25:38.347 [Task monitor] DEBUG n.processor.TaskPollingMonitor - !! executor slurm > tasks to be completed: 1 -- submitted tasks are shown below
~> TaskHandler[jobId: 13237423; id: 234; name: filter_baf_lrr_files (filter_baf_lrr_batch); status: RUNNING; exit: -; error: -; workDir: /lustre09/project/6008022/mame20/WGS_pipeline/work/6c/f9e2f3335be94f31ed8192a4fc9db4 started: 1779780548166; exited: -; ]
May-26 05:28:18.352 [Task monitor] DEBUG n.processor.TaskPollingMonitor - Task completed > TaskHandler[jobId: 13237423; id: 234; name: filter_baf_lrr_files (filter_baf_lrr_batch); status: COMPLETED; exit: 140; error: -; workDir: /lustre09/project/6008022/mame20/WGS_pipeline/work/6c/f9e2f3335be94f31ed8192a4fc9db4 started: 1779780548166; exited: 2026-05-26T09:28:16Z; ]
May-26 05:28:18.497 [TaskFinalizer-6] DEBUG nextflow.processor.TaskProcessor - Handling unexpected condition for
  task: name=filter_baf_lrr_files (filter_baf_lrr_batch); work-dir=/lustre09/project/6008022/mame20/WGS_pipeline/work/6c/f9e2f3335be94f31ed8192a4fc9db4
  error [nextflow.exception.ProcessFailedException]: Process `filter_baf_lrr_files (filter_baf_lrr_batch)` terminated with an error exit status (140)
May-26 05:28:18.515 [TaskFinalizer-6] INFO  nextflow.processor.TaskProcessor - [6c/f9e2f3] NOTE: Process `filter_baf_lrr_files (filter_baf_lrr_batch)` terminated with an error exit status (140) -- Execution is retried (1)
May-26 05:28:18.731 [Task submitter] DEBUG nextflow.executor.GridTaskHandler - [SLURM] submitted process filter_baf_lrr_files (filter_baf_lrr_batch) > jobId: 13240731; workDir: /lustre09/project/6008022/mame20/WGS_pipeline/work/5d/54fbc277900204bbce13ffd364d9dd
May-26 05:28:18.731 [Task submitter] INFO  nextflow.Session - [5d/54fbc2] Re-submitted process > filter_baf_lrr_files (filter_baf_lrr_batch)
May-26 05:30:38.350 [Task monitor] DEBUG n.processor.TaskPollingMonitor - !! executor slurm > tasks to be completed: 1 -- submitted tasks are shown below
~> TaskHandler[jobId: 13240731; id: 241; name: filter_baf_lrr_files (filter_baf_lrr_batch); status: RUNNING; exit: -; error: -; workDir: /lustre09/project/6008022/mame20/WGS_pipeline/work/5d/54fbc277900204bbce13ffd364d9dd started: 1779787703350; exited: -; ]
May-26 05:35:43.350 [Task monitor] DEBUG n.processor.TaskPollingMonitor - !! executor slurm > tasks to be completed: 1 -- submitted tasks are shown below
~> TaskHandler[jobId: 13240731; id: 241; name: filter_baf_lrr_files (filter_baf_lrr_batch); status: RUNNING; exit: -; error: -; workDir: /lustre09/project/6008022/mame20/WGS_pipeline/work/5d/54fbc277900204bbce13ffd364d9dd started: 1779787703350; exited: -; ]
May-26 05:40:43.357 [Task monitor] DEBUG n.processor.TaskPollingMonitor - !! executor slurm > tasks to be completed: 1 -- submitted tasks are shown below
~> TaskHandler[jobId: 13240731; id: 241; name: filter_baf_lrr_files (filter_baf_lrr_batch); status: RUNNING; exit: -; error: -; workDir: /lustre09/project/6008022/mame20/WGS_pipeline/work/5d/54fbc277900204bbce13ffd364d9dd started: 1779787703350; exited: -; ]
May-26 05:45:43.361 [Task monitor] DEBUG n.processor.TaskPollingMonitor - !! executor slurm > tasks to be completed: 1 -- submitted tasks are shown below
~> TaskHandler[jobId: 13240731; id: 241; name: filter_baf_lrr_files (filter_baf_lrr_batch); status: RUNNING; exit: -; error: -; workDir: /lustre09/project/6008022/mame20/WGS_pipeline/work/5d/54fbc277900204bbce13ffd364d9dd started: 1779787703350; exited: -; ]
May-26 05:50:43.364 [Task monitor] DEBUG n.processor.TaskPollingMonitor - !! executor slurm > tasks to be completed: 1 -- submitted tasks are shown below
~> TaskHandler[jobId: 13240731; id: 241; name: filter_baf_lrr_files (filter_baf_lrr_batch); status: RUNNING; exit: -; error: -; workDir: /lustre09/project/6008022/mame20/WGS_pipeline/work/5d/54fbc277900204bbce13ffd364d9dd started: 1779787703350; exited: -; ]
May-26 05:55:43.367 [Task monitor] DEBUG n.processor.TaskPollingMonitor - !! executor slurm > tasks to be completed: 1 -- submitted tasks are shown below
~> TaskHandler[jobId: 13240731; id: 241; name: filter_baf_lrr_files (filter_baf_lrr_batch); status: RUNNING; exit: -; error: -; workDir: /lustre09/project/6008022/mame20/WGS_pipeline/work/5d/54fbc277900204bbce13ffd364d9dd started: 1779787703350; exited: -; ]
May-26 06:00:43.374 [Task monitor] DEBUG n.processor.TaskPollingMonitor - !! executor slurm > tasks to be completed: 1 -- submitted tasks are shown below
~> TaskHandler[jobId: 13240731; id: 241; name: filter_baf_lrr_files (filter_baf_lrr_batch); status: RUNNING; exit: -; error: -; workDir: /lustre09/project/6008022/mame20/WGS_pipeline/work/5d/54fbc277900204bbce13ffd364d9dd started: 1779787703350; exited: -; ]
May-26 06:05:43.380 [Task monitor] DEBUG n.processor.TaskPollingMonitor - !! executor slurm > tasks to be completed: 1 -- submitted tasks are shown below
~> TaskHandler[jobId: 13240731; id: 241; name: filter_baf_lrr_files (filter_baf_lrr_batch); status: RUNNING; exit: -; error: -; workDir: /lustre09/project/6008022/mame20/WGS_pipeline/work/5d/54fbc277900204bbce13ffd364d9dd started: 1779787703350; exited: -; ]
May-26 06:10:43.390 [Task monitor] DEBUG n.processor.TaskPollingMonitor - !! executor slurm > tasks to be completed: 1 -- submitted tasks are shown below
~> TaskHandler[jobId: 13240731; id: 241; name: filter_baf_lrr_files (filter_baf_lrr_batch); status: RUNNING; exit: -; error: -; workDir: /lustre09/project/6008022/mame20/WGS_pipeline/work/5d/54fbc277900204bbce13ffd364d9dd started: 1779787703350; exited: -; ]
May-26 06:15:43.397 [Task monitor] DEBUG n.processor.TaskPollingMonitor - !! executor slurm > tasks to be completed: 1 -- submitted tasks are shown below
~> TaskHandler[jobId: 13240731; id: 241; name: filter_baf_lrr_files (filter_baf_lrr_batch); status: RUNNING; exit: -; error: -; workDir: /lustre09/project/6008022/mame20/WGS_pipeline/work/5d/54fbc277900204bbce13ffd364d9dd started: 1779787703350; exited: -; ]
May-26 06:20:43.401 [Task monitor] DEBUG n.processor.TaskPollingMonitor - !! executor slurm > tasks to be completed: 1 -- submitted tasks are shown below
~> TaskHandler[jobId: 13240731; id: 241; name: filter_baf_lrr_files (filter_baf_lrr_batch); status: RUNNING; exit: -; error: -; workDir: /lustre09/project/6008022/mame20/WGS_pipeline/work/5d/54fbc277900204bbce13ffd364d9dd started: 1779787703350; exited: -; ]
May-26 06:25:43.404 [Task monitor] DEBUG n.processor.TaskPollingMonitor - !! executor slurm > tasks to be completed: 1 -- submitted tasks are shown below
~> TaskHandler[jobId: 13240731; id: 241; name: filter_baf_lrr_files (filter_baf_lrr_batch); status: RUNNING; exit: -; error: -; workDir: /lustre09/project/6008022/mame20/WGS_pipeline/work/5d/54fbc277900204bbce13ffd364d9dd started: 1779787703350; exited: -; ]
May-26 06:30:43.411 [Task monitor] DEBUG n.processor.TaskPollingMonitor - !! executor slurm > tasks to be completed: 1 -- submitted tasks are shown below
~> TaskHandler[jobId: 13240731; id: 241; name: filter_baf_lrr_files (filter_baf_lrr_batch); status: RUNNING; exit: -; error: -; workDir: /lustre09/project/6008022/mame20/WGS_pipeline/work/5d/54fbc277900204bbce13ffd364d9dd started: 1779787703350; exited: -; ]
May-26 06:35:43.415 [Task monitor] DEBUG n.processor.TaskPollingMonitor - !! executor slurm > tasks to be completed: 1 -- submitted tasks are shown below
~> TaskHandler[jobId: 13240731; id: 241; name: filter_baf_lrr_files (filter_baf_lrr_batch); status: RUNNING; exit: -; error: -; workDir: /lustre09/project/6008022/mame20/WGS_pipeline/work/5d/54fbc277900204bbce13ffd364d9dd started: 1779787703350; exited: -; ]
May-26 06:40:43.430 [Task monitor] DEBUG n.processor.TaskPollingMonitor - !! executor slurm > tasks to be completed: 1 -- submitted tasks are shown below
~> TaskHandler[jobId: 13240731; id: 241; name: filter_baf_lrr_files (filter_baf_lrr_batch); status: RUNNING; exit: -; error: -; workDir: /lustre09/project/6008022/mame20/WGS_pipeline/work/5d/54fbc277900204bbce13ffd364d9dd started: 1779787703350; exited: -; ]
May-26 06:44:49.026 [Task monitor] DEBUG n.processor.TaskPollingMonitor - Task completed > TaskHandler[jobId: 13240731; id: 241; name: filter_baf_lrr_files (filter_baf_lrr_batch); status: COMPLETED; exit: 0; error: -; workDir: /lustre09/project/6008022/mame20/WGS_pipeline/work/5d/54fbc277900204bbce13ffd364d9dd started: 1779787703350; exited: 2026-05-26T10:44:43Z; ]
May-26 06:44:50.446 [main] DEBUG nextflow.Session - Session await > all processes finished
May-26 06:44:53.437 [Task monitor] DEBUG n.processor.TaskPollingMonitor - <<< barrier arrives (monitor: slurm) - terminating tasks monitor poll loop
May-26 06:44:53.438 [main] DEBUG nextflow.Session - Session await > all barriers passed
May-26 06:44:53.440 [main] DEBUG nextflow.util.ThreadPoolManager - Thread pool 'TaskFinalizer' shutdown completed (hard=false)
May-26 06:44:53.452 [main] DEBUG n.trace.WorkflowStatsObserver - Workflow completed > WorkflowStats[succeededCount=174; failedCount=43; ignoredCount=0; cachedCount=24; pendingCount=0; submittedCount=0; runningCount=0; retriesCount=43; abortedCount=0; succeedDuration=72d 1h 3m 34s; failedDuration=27d 23h 34m 6s; cachedDuration=6d 1h 34m 35s;loadCpus=0; loadMemory=0; peakRunning=100; peakCpus=800; peakMemory=6.2 TB; ]
May-26 06:44:53.566 [main] DEBUG nextflow.trace.ReportObserver - Workflow completed -- rendering execution report
May-26 06:44:54.737 [main] DEBUG nextflow.cache.CacheDB - Closing CacheDB done
May-26 06:44:54.782 [main] DEBUG nextflow.util.ThreadPoolManager - Thread pool 'FileTransfer' shutdown completed (hard=false)
May-26 06:44:54.783 [main] DEBUG nextflow.script.ScriptRunner - > Execution complete -- Goodbye
